0 verbose cli D:\NodeJS\node.exe D:\NodeJS\node_modules\npm\bin\npm-cli.js
1 info using npm@11.17.0
2 info using node@v26.4.0
3 silly config load:file:D:\NodeJS\node_modules\npm\npmrc
4 silly config load:file:D:\Repo\Future-Game-Laboratory.github.io\.npmrc
5 silly config load:file:C:\Users\Administrator\.npmrc
6 silly config load:file:C:\Users\Administrator\AppData\Roaming\npm\etc\npmrc
7 verbose title npm ci
8 verbose argv "ci" "--cache" ".npm-cache"
9 verbose logfile logs-max:10 dir:D:\Repo\Future-Game-Laboratory.github.io\.npm-cache\_logs\2026-08-13T11_52_47_369Z-
10 verbose logfile D:\Repo\Future-Game-Laboratory.github.io\.npm-cache\_logs\2026-08-13T11_52_47_369Z-debug-0.log
11 silly logfile done cleaning log files
12 silly packumentCache heap:4395630592 maxSize:1098907648 maxEntrySize:549453824
13 silly packumentCache heap:4395630592 maxSize:1098907648 maxEntrySize:549453824
14 http fetch GET https://registry.npmjs.org/npm attempt 1 failed with EACCES
15 silly idealTree buildDeps
16 silly reify moves {}
17 silly audit bulk request {
17 silly audit   '@antfu/install-pkg': [ '1.1.0' ],
17 silly audit   '@antfu/utils': [ '8.1.1' ],
17 silly audit   '@astrojs/check': [ '0.9.7' ],
17 silly audit   '@astrojs/compiler': [ '2.13.1', '3.0.1' ],
17 silly audit   '@astrojs/internal-helpers': [ '0.8.0' ],
17 silly audit   '@astrojs/language-server': [ '2.16.13' ],
17 silly audit   '@astrojs/markdown-remark': [ '7.0.0' ],
17 silly audit   '@astrojs/mdx': [ '5.0.0' ],
17 silly audit   '@astrojs/prism': [ '4.0.0' ],
17 silly audit   '@astrojs/react': [ '5.0.0' ],
17 silly audit   '@astrojs/rss': [ '4.0.17' ],
17 silly audit   '@astrojs/sitemap': [ '3.7.1' ],
17 silly audit   '@astrojs/telemetry': [ '3.3.0' ],
17 silly audit   '@astrojs/yaml2ts': [ '0.2.4' ],
17 silly audit   '@babel/code-frame': [ '7.29.7' ],
17 silly audit   '@babel/compat-data': [ '7.29.7' ],
17 silly audit   '@babel/core': [ '7.29.7' ],
17 silly audit   '@babel/generator': [ '7.29.8' ],
17 silly audit   '@babel/helper-compilation-targets': [ '7.29.7' ],
17 silly audit   '@babel/helper-globals': [ '7.29.7' ],
17 silly audit   '@babel/helper-module-imports': [ '7.29.7' ],
17 silly audit   '@babel/helper-module-transforms': [ '7.29.7' ],
17 silly audit   '@babel/helper-plugin-utils': [ '7.29.7' ],
17 silly audit   '@babel/helper-string-parser': [ '7.29.7' ],
17 silly audit   '@babel/helper-validator-identifier': [ '7.29.7' ],
17 silly audit   '@babel/helper-validator-option': [ '7.29.7' ],
17 silly audit   '@babel/helpers': [ '7.29.7' ],
17 silly audit   '@babel/parser': [ '7.29.8' ],
17 silly audit   '@babel/plugin-transform-react-jsx-self': [ '7.29.7' ],
17 silly audit   '@babel/plugin-transform-react-jsx-source': [ '7.29.7' ],
17 silly audit   '@babel/template': [ '7.29.7' ],
17 silly audit   '@babel/traverse': [ '7.29.8' ],
17 silly audit   '@babel/types': [ '7.29.8' ],
17 silly audit   '@capsizecss/unpack': [ '4.0.1' ],
17 silly audit   '@clack/core': [ '1.4.3' ],
17 silly audit   '@clack/prompts': [ '1.7.0' ],
17 silly audit   '@ctrl/tinycolor': [ '4.2.0' ],
17 silly audit   '@emmetio/abbreviation': [ '2.3.3' ],
17 silly audit   '@emmetio/css-abbreviation': [ '2.1.8' ],
17 silly audit   '@emmetio/css-parser': [ '0.4.1' ],
17 silly audit   '@emmetio/html-matcher': [ '1.3.0' ],
17 silly audit   '@emmetio/scanner': [ '1.0.4' ],
17 silly audit   '@emmetio/stream-reader': [ '2.2.0' ],
17 silly audit   '@emmetio/stream-reader-utils': [ '0.1.0' ],
17 silly audit   '@emnapi/runtime': [ '1.11.3' ],
17 silly audit   '@esbuild/aix-ppc64': [ '0.27.7' ],
17 silly audit   '@esbuild/android-arm': [ '0.27.7' ],
17 silly audit   '@esbuild/android-arm64': [ '0.27.7' ],
17 silly audit   '@esbuild/android-x64': [ '0.27.7' ],
17 silly audit   '@esbuild/darwin-arm64': [ '0.27.7' ],
17 silly audit   '@esbuild/darwin-x64': [ '0.27.7' ],
17 silly audit   '@esbuild/freebsd-arm64': [ '0.27.7' ],
17 silly audit   '@esbuild/freebsd-x64': [ '0.27.7' ],
17 silly audit   '@esbuild/linux-arm': [ '0.27.7' ],
17 silly audit   '@esbuild/linux-arm64': [ '0.27.7' ],
17 silly audit   '@esbuild/linux-ia32': [ '0.27.7' ],
17 silly audit   '@esbuild/linux-loong64': [ '0.27.7' ],
17 silly audit   '@esbuild/linux-mips64el': [ '0.27.7' ],
17 silly audit   '@esbuild/linux-ppc64': [ '0.27.7' ],
17 silly audit   '@esbuild/linux-riscv64': [ '0.27.7' ],
17 silly audit   '@esbuild/linux-s390x': [ '0.27.7' ],
17 silly audit   '@esbuild/linux-x64': [ '0.27.7' ],
17 silly audit   '@esbuild/netbsd-arm64': [ '0.27.7' ],
17 silly audit   '@esbuild/netbsd-x64': [ '0.27.7' ],
17 silly audit   '@esbuild/openbsd-arm64': [ '0.27.7' ],
17 silly audit   '@esbuild/openbsd-x64': [ '0.27.7' ],
17 silly audit   '@esbuild/openharmony-arm64': [ '0.27.7' ],
17 silly audit   '@esbuild/sunos-x64': [ '0.27.7' ],
17 silly audit   '@esbuild/win32-arm64': [ '0.27.7' ],
17 silly audit   '@esbuild/win32-ia32': [ '0.27.7' ],
17 silly audit   '@esbuild/win32-x64': [ '0.27.7' ],
17 silly audit   '@expressive-code/core': [ '0.40.2' ],
17 silly audit   '@expressive-code/plugin-collapsible-sections': [ '0.40.2' ],
17 silly audit   '@expressive-code/plugin-frames': [ '0.40.2' ],
17 silly audit   '@expressive-code/plugin-line-numbers': [ '0.40.2' ],
17 silly audit   '@expressive-code/plugin-shiki': [ '0.40.2' ],
17 silly audit   '@shikijs/core': [ '1.29.2', '4.4.2', '3.23.0' ],
17 silly audit   '@shikijs/engine-javascript': [ '1.29.2', '4.4.2', '3.23.0' ],
17 silly audit   '@shikijs/engine-oniguruma': [ '1.29.2', '4.4.2', '3.23.0' ],
17 silly audit   '@shikijs/langs': [ '1.29.2', '4.4.2', '3.23.0' ],
17 silly audit   '@shikijs/themes': [ '1.29.2', '3.23.0', '4.4.2' ],
17 silly audit   '@shikijs/types': [ '1.29.2', '4.4.2', '3.23.0' ],
17 silly audit   'oniguruma-to-es': [ '2.3.0', '4.3.6' ],
17 silly audit   regex: [ '5.1.1', '6.1.0' ],
17 silly audit   'regex-recursion': [ '5.1.1', '6.0.2' ],
17 silly audit   shiki: [ '1.29.2', '3.23.0', '4.4.2' ],
17 silly audit   '@expressive-code/plugin-text-markers': [ '0.40.2' ],
17 silly audit   '@floating-ui/core': [ '1.8.0' ],
17 silly audit   '@floating-ui/dom': [ '1.8.0' ],
17 silly audit   '@floating-ui/react-dom': [ '2.1.9' ],
17 silly audit   '@floating-ui/utils': [ '0.2.12' ],
17 silly audit   '@iconify-json/lucide': [ '1.2.122' ],
17 silly audit   '@iconify/tools': [ '4.2.0' ],
17 silly audit   commander: [ '7.2.0', '8.3.0', '11.1.0' ],
17 silly audit   'css-tree': [ '2.3.1', '3.2.1', '2.2.1' ],
17 silly audit   'mdn-data': [ '2.0.30', '2.0.28', '2.27.1' ],
17 silly audit   svgo: [ '3.3.4', '4.0.2' ],
17 silly audit   '@iconify/types': [ '2.0.0' ],
17 silly audit   '@iconify/utils': [ '2.3.0' ],
17 silly audit   '@img/colour': [ '1.1.0' ],
17 silly audit   '@img/sharp-darwin-arm64': [ '0.34.5' ],
17 silly audit   '@img/sharp-darwin-x64': [ '0.34.5' ],
17 silly audit   '@img/sharp-libvips-darwin-arm64': [ '1.2.4' ],
17 silly audit   '@img/sharp-libvips-darwin-x64': [ '1.2.4' ],
17 silly audit   '@img/sharp-libvips-linux-arm': [ '1.2.4' ],
17 silly audit   '@img/sharp-libvips-linux-arm64': [ '1.2.4' ],
17 silly audit   '@img/sharp-libvips-linux-ppc64': [ '1.2.4' ],
17 silly audit   '@img/sharp-libvips-linux-riscv64': [ '1.2.4' ],
17 silly audit   '@img/sharp-libvips-linux-s390x': [ '1.2.4' ],
17 silly audit   '@img/sharp-libvips-linux-x64': [ '1.2.4' ],
17 silly audit   '@img/sharp-libvips-linuxmusl-arm64': [ '1.2.4' ],
17 silly audit   '@img/sharp-libvips-linuxmusl-x64': [ '1.2.4' ],
17 silly audit   '@img/sharp-linux-arm': [ '0.34.5' ],
17 silly audit   '@img/sharp-linux-arm64': [ '0.34.5' ],
17 silly audit   '@img/sharp-linux-ppc64': [ '0.34.5' ],
17 silly audit   '@img/sharp-linux-riscv64': [ '0.34.5' ],
17 silly audit   '@img/sharp-linux-s390x': [ '0.34.5' ],
17 silly audit   '@img/sharp-linux-x64': [ '0.34.5' ],
17 silly audit   '@img/sharp-linuxmusl-arm64': [ '0.34.5' ],
17 silly audit   '@img/sharp-linuxmusl-x64': [ '0.34.5' ],
17 silly audit   '@img/sharp-wasm32': [ '0.34.5' ],
17 silly audit   '@img/sharp-win32-arm64': [ '0.34.5' ],
17 silly audit   '@img/sharp-win32-ia32': [ '0.34.5' ],
17 silly audit   '@img/sharp-win32-x64': [ '0.34.5' ],
17 silly audit   '@isaacs/fs-minipass': [ '4.0.1' ],
17 silly audit   '@jridgewell/gen-mapping': [ '0.3.13' ],
17 silly audit   '@jridgewell/remapping': [ '2.3.5' ],
17 silly audit   '@jridgewell/resolve-uri': [ '3.1.2' ],
17 silly audit   '@jridgewell/sourcemap-codec': [ '1.5.5' ],
17 silly audit   '@jridgewell/trace-mapping': [ '0.3.31' ],
17 silly audit   '@mdx-js/mdx': [ '3.1.1' ],
17 silly audit   '@napi-rs/lzma-linux-x64-gnu': [ '1.5.1' ],
17 silly audit   '@oslojs/encoding': [ '1.1.0' ],
17 silly audit   '@radix-ui/number': [ '1.1.3' ],
17 silly audit   '@radix-ui/primitive': [ '1.1.7' ],
17 silly audit   '@radix-ui/react-accessible-icon': [ '1.1.15' ],
17 silly audit   '@radix-ui/react-accordion': [ '1.2.20' ],
17 silly audit   '@radix-ui/react-alert-dialog': [ '1.1.23' ],
17 silly audit   '@radix-ui/react-arrow': [ '1.1.15' ],
17 silly audit   '@radix-ui/react-aspect-ratio': [ '1.1.15' ],
17 silly audit   '@radix-ui/react-avatar': [ '1.2.6' ],
17 silly audit   '@radix-ui/react-checkbox': [ '1.3.11' ],
17 silly audit   '@radix-ui/react-collapsible': [ '1.1.20' ],
17 silly audit   '@radix-ui/react-collection': [ '1.1.15' ],
17 silly audit   '@radix-ui/react-compose-refs': [ '1.1.5' ],
17 silly audit   '@radix-ui/react-context': [ '1.2.2' ],
17 silly audit   '@radix-ui/react-context-menu': [ '2.3.7' ],
17 silly audit   '@radix-ui/react-dialog': [ '1.1.23' ],
17 silly audit   '@radix-ui/react-direction': [ '1.1.4' ],
17 silly audit   '@radix-ui/react-dismissable-layer': [ '1.1.19' ],
17 silly audit   '@radix-ui/react-dropdown-menu': [ '2.1.24' ],
17 silly audit   '@radix-ui/react-focus-guards': [ '1.1.6' ],
17 silly audit   '@radix-ui/react-focus-scope': [ '1.1.16' ],
17 silly audit   '@radix-ui/react-form': [ '0.1.16' ],
17 silly audit   '@radix-ui/react-hover-card': [ '1.1.23' ],
17 silly audit   '@radix-ui/react-id': [ '1.1.4' ],
17 silly audit   '@radix-ui/react-label': [ '2.1.15' ],
17 silly audit   '@radix-ui/react-menu': [ '2.1.24' ],
17 silly audit   '@radix-ui/react-menubar': [ '1.1.24' ],
17 silly audit   '@radix-ui/react-navigation-menu': [ '1.2.22' ],
17 silly audit   '@radix-ui/react-one-time-password-field': [ '0.1.16' ],
17 silly audit   '@radix-ui/react-password-toggle-field': [ '0.1.11' ],
17 silly audit   '@radix-ui/react-popover': [ '1.1.23' ],
17 silly audit   '@radix-ui/react-popper': [ '1.3.7' ],
17 silly audit   '@radix-ui/react-portal': [ '1.1.17' ],
17 silly audit   '@radix-ui/react-presence': [ '1.1.10' ],
17 silly audit   '@radix-ui/react-primitive': [ '2.1.10' ],
17 silly audit   '@radix-ui/react-progress': [ '1.1.16' ],
17 silly audit   '@radix-ui/react-radio-group': [ '1.4.7' ],
17 silly audit   '@radix-ui/react-roving-focus': [ '1.1.19' ],
17 silly audit   '@radix-ui/react-scroll-area': [ '1.2.18' ],
17 silly audit   '@radix-ui/react-select': [ '2.3.7' ],
17 silly audit   '@radix-ui/react-separator': [ '1.1.15' ],
17 silly audit   '@radix-ui/react-slider': [ '1.4.7' ],
17 silly audit   '@radix-ui/react-slot': [ '1.3.3' ],
17 silly audit   '@radix-ui/react-switch': [ '1.3.7' ],
17 silly audit   '@radix-ui/react-tabs': [ '1.1.21' ],
17 silly audit   '@radix-ui/react-toast': [ '1.2.23' ],
17 silly audit   '@radix-ui/react-toggle': [ '1.1.18' ],
17 silly audit   '@radix-ui/react-toggle-group': [ '1.1.19' ],
17 silly audit   '@radix-ui/react-toolbar': [ '1.1.19' ],
17 silly audit   '@radix-ui/react-tooltip': [ '1.2.16' ],
17 silly audit   '@radix-ui/react-use-callback-ref': [ '1.1.4' ],
17 silly audit   '@radix-ui/react-use-controllable-state': [ '1.2.6' ],
17 silly audit   '@radix-ui/react-use-effect-event': [ '0.0.5' ],
17 silly audit   '@radix-ui/react-use-escape-keydown': [ '1.1.5' ],
17 silly audit   '@radix-ui/react-use-is-hydrated': [ '0.1.3' ],
17 silly audit   '@radix-ui/react-use-layout-effect': [ '1.1.4' ],
17 silly audit   '@radix-ui/react-use-previous': [ '1.1.4' ],
17 silly audit   '@radix-ui/react-use-rect': [ '1.1.4' ],
17 silly audit   '@radix-ui/react-use-size': [ '1.1.4' ],
17 silly audit   '@radix-ui/react-visually-hidden': [ '1.2.11' ],
17 silly audit   '@radix-ui/rect': [ '1.1.3' ],
17 silly audit   '@rolldown/pluginutils': [ '1.0.0-rc.3' ],
17 silly audit   '@rollup/pluginutils': [ '5.4.0' ],
17 silly audit   'estree-walker': [ '2.0.2', '3.0.3' ],
17 silly audit   '@rollup/rollup-android-arm-eabi': [ '4.62.4' ],
17 silly audit   '@rollup/rollup-android-arm64': [ '4.62.4' ],
17 silly audit   '@rollup/rollup-darwin-arm64': [ '4.62.4' ],
17 silly audit   '@rollup/rollup-darwin-x64': [ '4.62.4' ],
17 silly audit   '@rollup/rollup-freebsd-arm64': [ '4.62.4' ],
17 silly audit   '@rollup/rollup-freebsd-x64': [ '4.62.4' ],
17 silly audit   '@rollup/rollup-linux-arm-gnueabihf': [ '4.62.4' ],
17 silly audit   '@rollup/rollup-linux-arm-musleabihf': [ '4.62.4' ],
17 silly audit   '@rollup/rollup-linux-arm64-gnu': [ '4.62.4' ],
17 silly audit   '@rollup/rollup-linux-arm64-musl': [ '4.62.4' ],
17 silly audit   '@rollup/rollup-linux-loong64-gnu': [ '4.62.4' ],
17 silly audit   '@rollup/rollup-linux-loong64-musl': [ '4.62.4' ],
17 silly audit   '@rollup/rollup-linux-ppc64-gnu': [ '4.62.4' ],
17 silly audit   '@rollup/rollup-linux-ppc64-musl': [ '4.62.4' ],
17 silly audit   '@rollup/rollup-linux-riscv64-gnu': [ '4.62.4' ],
17 silly audit   '@rollup/rollup-linux-riscv64-musl': [ '4.62.4' ],
17 silly audit   '@rollup/rollup-linux-s390x-gnu': [ '4.62.4' ],
17 silly audit   '@rollup/rollup-linux-x64-gnu': [ '4.62.4' ],
17 silly audit   '@rollup/rollup-linux-x64-musl': [ '4.62.4' ],
17 silly audit   '@rollup/rollup-openbsd-x64': [ '4.62.4' ],
17 silly audit   '@rollup/rollup-openharmony-arm64': [ '4.62.4' ],
17 silly audit   '@rollup/rollup-win32-arm64-msvc': [ '4.62.4' ],
17 silly audit   '@rollup/rollup-win32-ia32-msvc': [ '4.62.4' ],
17 silly audit   '@rollup/rollup-win32-x64-gnu': [ '4.62.4' ],
17 silly audit   '@rollup/rollup-win32-x64-msvc': [ '4.62.4' ],
17 silly audit   '@shikijs/primitive': [ '4.4.2' ],
17 silly audit   '@shikijs/rehype': [ '3.23.0' ],
17 silly audit   '@shikijs/vscode-textmate': [ '10.0.2' ],
17 silly audit   '@sindresorhus/is': [ '4.6.0' ],
17 silly audit   '@tailwindcss/node': [ '4.2.1' ],
17 silly audit   lightningcss: [ '1.31.1' ],
17 silly audit   'lightningcss-android-arm64': [ '1.31.1' ],
17 silly audit   'lightningcss-darwin-arm64': [ '1.31.1' ],
17 silly audit   'lightningcss-darwin-x64': [ '1.31.1' ],
17 silly audit   'lightningcss-freebsd-x64': [ '1.31.1' ],
17 silly audit   'lightningcss-linux-arm-gnueabihf': [ '1.31.1' ],
17 silly audit   'lightningcss-linux-arm64-gnu': [ '1.31.1' ],
17 silly audit   'lightningcss-linux-arm64-musl': [ '1.31.1' ],
17 silly audit   'lightningcss-linux-x64-gnu': [ '1.31.1' ],
17 silly audit   'lightningcss-linux-x64-musl': [ '1.31.1' ],
17 silly audit   'lightningcss-win32-arm64-msvc': [ '1.31.1' ],
17 silly audit   'lightningcss-win32-x64-msvc': [ '1.31.1' ],
17 silly audit   '@tailwindcss/oxide': [ '4.2.1' ],
17 silly audit   '@tailwindcss/oxide-android-arm64': [ '4.2.1' ],
17 silly audit   '@tailwindcss/oxide-darwin-arm64': [ '4.2.1' ],
17 silly audit   '@tailwindcss/oxide-darwin-x64': [ '4.2.1' ],
17 silly audit   '@tailwindcss/oxide-freebsd-x64': [ '4.2.1' ],
17 silly audit   '@tailwindcss/oxide-linux-arm-gnueabihf': [ '4.2.1' ],
17 silly audit   '@tailwindcss/oxide-linux-arm64-gnu': [ '4.2.1' ],
17 silly audit   '@tailwindcss/oxide-linux-arm64-musl': [ '4.2.1' ],
17 silly audit   '@tailwindcss/oxide-linux-x64-gnu': [ '4.2.1' ],
17 silly audit   '@tailwindcss/oxide-linux-x64-musl': [ '4.2.1' ],
17 silly audit   '@tailwindcss/oxide-wasm32-wasi': [ '4.2.1' ],
17 silly audit   '@tailwindcss/oxide-win32-arm64-msvc': [ '4.2.1' ],
17 silly audit   '@tailwindcss/oxide-win32-x64-msvc': [ '4.2.1' ],
17 silly audit   '@tailwindcss/vite': [ '4.2.1' ],
17 silly audit   '@types/babel__core': [ '7.20.5' ],
17 silly audit   '@types/babel__generator': [ '7.27.0' ],
17 silly audit   '@types/babel__template': [ '7.4.4' ],
17 silly audit   '@types/babel__traverse': [ '7.28.0' ],
17 silly audit   '@types/debug': [ '4.1.13' ],
17 silly audit   '@types/estree': [ '1.0.9' ],
17 silly audit   '@types/estree-jsx': [ '1.0.5' ],
17 silly audit   '@types/hast': [ '3.0.5' ],
17 silly audit   '@types/katex': [ '0.16.8' ],
17 silly audit   '@types/mdast': [ '4.0.4' ],
17 silly audit   '@types/mdx': [ '2.0.14' ],
17 silly audit   '@types/ms': [ '2.1.0' ],
17 silly audit   '@types/nlcst': [ '2.0.3' ],
17 silly audit   '@types/node': [ '26.2.0', '24.13.3' ],
17 silly audit   '@types/react': [ '19.0.0' ],
17 silly audit   '@types/react-dom': [ '19.0.0' ],
17 silly audit   '@types/sax': [ '1.2.7' ],
17 silly audit   '@types/unist': [ '3.0.3', '2.0.11' ],
17 silly audit   '@types/yauzl': [ '2.10.3' ],
17 silly audit   '@ungap/structured-clone': [ '1.3.3' ],
17 silly audit   '@vitejs/plugin-react': [ '5.2.0' ],
17 silly audit   '@volar/kit': [ '2.4.28' ],
17 silly audit   '@volar/language-core': [ '2.4.28' ],
17 silly audit   '@volar/language-server': [ '2.4.28' ],
17 silly audit   '@volar/language-service': [ '2.4.28' ],
17 silly audit   '@volar/source-map': [ '2.4.28' ],
17 silly audit   '@volar/typescript': [ '2.4.28' ],
17 silly audit   '@vscode/emmet-helper': [ '2.11.0' ],
17 silly audit   '@vscode/l10n': [ '0.0.18' ],
17 silly audit   acorn: [ '8.18.0' ],
17 silly audit   'acorn-jsx': [ '5.3.2' ],
17 silly audit   ajv: [ '8.20.0' ],
17 silly audit   'ajv-draft-04': [ '1.0.0' ],
17 silly audit   'ajv-i18n': [ '4.2.0' ],
17 silly audit   'ansi-regex': [ '5.0.1' ],
17 silly audit   'ansi-styles': [ '4.3.0' ],
17 silly audit   anymatch: [ '3.1.3' ],
17 silly audit   picomatch: [ '2.3.2', '4.0.5' ],
17 silly audit   anynum: [ '1.0.1' ],
17 silly audit   arg: [ '5.0.2' ],
17 silly audit   argparse: [ '2.0.1' ],
17 silly audit   'aria-hidden': [ '1.2.6' ],
17 silly audit   'aria-query': [ '5.3.2' ],
17 silly audit   'array-iterate': [ '2.0.1' ],
17 silly audit   astring: [ '1.9.0' ],
17 silly audit   astro: [ '6.0.2' ],
17 silly audit   'astro-icon': [ '1.1.5' ],
17 silly audit   chokidar: [ '5.0.0', '4.0.3' ],
17 silly audit   'lru-cache': [ '11.5.2', '5.1.1' ],
17 silly audit   readdirp: [ '5.1.1', '4.1.2' ],
17 silly audit   semver: [ '7.8.5', '6.3.1' ],
17 silly audit   unstorage: [ '1.17.5' ],
17 silly audit   'axobject-query': [ '4.1.0' ],
17 silly audit   bail: [ '2.0.2' ],
17 silly audit   'baseline-browser-mapping': [ '2.11.13' ],
17 silly audit   'bcp-47-match': [ '2.0.3' ],
17 silly audit   boolbase: [ '1.0.0' ],
17 silly audit   browserslist: [ '4.28.8' ],
17 silly audit   'buffer-crc32': [ '0.2.13' ],
17 silly audit   'caniuse-lite': [ '1.0.30001809' ],
17 silly audit   ccount: [ '2.0.1' ],
17 silly audit   'char-regex': [ '1.0.2' ],
17 silly audit   'character-entities': [ '2.0.2' ],
17 silly audit   'character-entities-html4': [ '2.1.0' ],
17 silly audit   'character-entities-legacy': [ '3.0.0' ],
17 silly audit   'character-reference-invalid': [ '2.0.1' ],
17 silly audit   cheerio: [ '1.2.0' ],
17 silly audit   'cheerio-select': [ '2.1.0' ],
17 silly audit   chownr: [ '3.0.0' ],
17 silly audit   'ci-info': [ '4.4.0' ],
17 silly audit   'class-variance-authority': [ '0.7.1' ],
17 silly audit   cliui: [ '8.0.1' ],
17 silly audit   clsx: [ '2.1.1' ],
17 silly audit   'collapse-white-space': [ '2.1.0' ],
17 silly audit   'color-convert': [ '2.0.1' ],
17 silly audit   'color-name': [ '1.1.4' ],
17 silly audit   'comma-separated-tokens': [ '2.0.3' ],
17 silly audit   'common-ancestor-path': [ '2.0.0' ],
17 silly audit   confbox: [ '0.2.4', '0.1.8' ],
17 silly audit   'convert-source-map': [ '2.0.0' ],
17 silly audit   cookie: [ '1.1.1' ],
17 silly audit   'cookie-es': [ '1.2.3' ],
17 silly audit   crossws: [ '0.3.5' ],
17 silly audit   'css-select': [ '5.2.2' ],
17 silly audit   'css-selector-parser': [ '3.3.0' ],
17 silly audit   'css-what': [ '6.2.2' ],
17 silly audit   cssesc: [ '3.0.0' ],
17 silly audit   csso: [ '5.0.5' ],
17 silly audit   csstype: [ '3.2.3' ],
17 silly audit   debug: [ '4.4.3' ],
17 silly audit   'decode-named-character-reference': [ '1.3.0' ],
17 silly audit   defu: [ '6.1.7' ],
17 silly audit   dequal: [ '2.0.3' ],
17 silly audit   destr: [ '2.0.5' ],
17 silly audit   'detect-libc': [ '2.1.2' ],
17 silly audit   'detect-node-es': [ '1.1.0' ],
17 silly audit   devalue: [ '5.9.0' ],
17 silly audit   devlop: [ '1.1.0' ],
17 silly audit   diff: [ '8.0.4' ],
17 silly audit   direction: [ '2.0.1' ],
17 silly audit   dlv: [ '1.1.3' ],
17 silly audit   'dom-serializer': [ '2.0.0' ],
17 silly audit   domelementtype: [ '2.3.0' ],
17 silly audit   domhandler: [ '5.0.3' ],
17 silly audit   domutils: [ '3.2.2' ],
17 silly audit   dset: [ '3.1.4' ],
17 silly audit   'electron-to-chromium': [ '1.5.402' ],
17 silly audit   emmet: [ '2.4.11' ],
17 silly audit   'emoji-regex': [ '8.0.0' ],
17 silly audit   'emoji-regex-xs': [ '1.0.0' ],
17 silly audit   emojilib: [ '2.4.0' ],
17 silly audit   emoticon: [ '4.1.0' ],
17 silly audit   'encoding-sniffer': [ '0.2.1' ],
17 silly audit   'end-of-stream': [ '1.4.5' ],
17 silly audit   'enhanced-resolve': [ '5.24.5' ],
17 silly audit   entities: [ '4.5.0', '7.0.1', '6.0.1' ],
17 silly audit   'es-module-lexer': [ '2.3.1' ],
17 silly audit   'esast-util-from-estree': [ '2.0.0' ],
17 silly audit   'esast-util-from-js': [ '2.0.1' ],
17 silly audit   esbuild: [ '0.27.7' ],
17 silly audit   escalade: [ '3.2.0' ],
17 silly audit   'escape-string-regexp': [ '5.0.0' ],
17 silly audit   'estree-util-attach-comments': [ '3.0.0' ],
17 silly audit   'estree-util-build-jsx': [ '3.0.1' ],
17 silly audit   'estree-util-is-identifier-name': [ '3.0.0' ],
17 silly audit   'estree-util-scope': [ '1.0.0' ],
17 silly audit   'estree-util-to-js': [ '2.0.0' ],
17 silly audit   'estree-util-visit': [ '2.0.0' ],
17 silly audit   eventemitter3: [ '5.0.4' ],
17 silly audit   'expressive-code': [ '0.40.2' ],
17 silly audit   exsolve: [ '1.1.1' ],
17 silly audit   extend: [ '3.0.2' ],
17 silly audit   'extract-zip': [ '2.0.1' ],
17 silly audit   'fast-deep-equal': [ '3.1.3' ],
17 silly audit   'fast-string-truncated-width': [ '3.0.3' ],
17 silly audit   'fast-string-width': [ '3.0.2' ],
17 silly audit   'fast-uri': [ '3.1.5' ],
17 silly audit   'fast-wrap-ansi': [ '0.2.2' ],
17 silly audit   'fast-xml-builder': [ '1.3.0' ],
17 silly audit   'fast-xml-parser': [ '5.4.1' ],
17 silly audit   'fd-slicer': [ '1.1.0' ],
17 silly audit   fdir: [ '6.5.0' ],
17 silly audit   flattie: [ '1.1.1' ],
17 silly audit   fontace: [ '0.4.1' ],
17 silly audit   fontkitten: [ '1.0.3' ],
17 silly audit   fsevents: [ '2.3.3' ],
17 silly audit   gensync: [ '1.0.0-beta.2' ],
17 silly audit   'get-caller-file': [ '2.0.5' ],
17 silly audit   'get-nonce': [ '1.0.1' ],
17 silly audit   'get-stream': [ '5.2.0' ],
17 silly audit   'github-slugger': [ '2.0.0' ],
17 silly audit   globals: [ '15.15.0' ],
17 silly audit   'graceful-fs': [ '4.2.11' ],
17 silly audit   h3: [ '1.15.11' ],
17 silly audit   'hast-util-from-dom': [ '5.0.1' ],
17 silly audit   'hast-util-from-html': [ '2.0.3' ],
17 silly audit   'hast-util-from-html-isomorphic': [ '2.0.0' ],
17 silly audit   'hast-util-from-parse5': [ '8.0.3' ],
17 silly audit   'hast-util-has-property': [ '3.0.0' ],
17 silly audit   'hast-util-is-element': [ '3.0.0' ],
17 silly audit   'hast-util-parse-selector': [ '4.0.0' ],
17 silly audit   'hast-util-raw': [ '9.1.0' ],
17 silly audit   'hast-util-select': [ '6.0.4' ],
17 silly audit   'hast-util-to-estree': [ '3.1.3' ],
17 silly audit   'hast-util-to-html': [ '9.0.5' ],
17 silly audit   'hast-util-to-jsx-runtime': [ '2.3.6' ],
17 silly audit   'hast-util-to-parse5': [ '8.0.1' ],
17 silly audit   'hast-util-to-string': [ '3.0.1' ],
17 silly audit   'hast-util-to-text': [ '4.0.2' ],
17 silly audit   'hast-util-whitespace': [ '3.0.0' ],
17 silly audit   hastscript: [ '9.0.1' ],
17 silly audit   'html-escaper': [ '3.0.3' ],
17 silly audit   'html-void-elements': [ '3.0.0' ],
17 silly audit   htmlparser2: [ '10.1.0' ],
17 silly audit   'http-cache-semantics': [ '4.2.0' ],
17 silly audit   'iconv-lite': [ '0.6.3' ],
17 silly audit   'inline-style-parser': [ '0.2.7' ],
17 silly audit   'iron-webcrypto': [ '1.2.1' ],
17 silly audit   'is-absolute-url': [ '4.0.1' ],
17 silly audit   'is-alphabetical': [ '2.0.1' ],
17 silly audit   'is-alphanumerical': [ '2.0.1' ],
17 silly audit   'is-decimal': [ '2.0.1' ],
17 silly audit   'is-docker': [ '3.0.0' ],
17 silly audit   'is-fullwidth-code-point': [ '3.0.0' ],
17 silly audit   'is-hexadecimal': [ '2.0.1' ],
17 silly audit   'is-inside-container': [ '1.0.0' ],
17 silly audit   'is-plain-obj': [ '4.1.0' ],
17 silly audit   'is-wsl': [ '3.1.1' ],
17 silly audit   jiti: [ '2.7.0' ],
17 silly audit   'js-tokens': [ '4.0.0' ],
17 silly audit   'js-yaml': [ '4.3.1' ],
17 silly audit   jsesc: [ '3.1.0' ],
17 silly audit   'json-schema-traverse': [ '1.0.0' ],
17 silly audit   json5: [ '2.2.3' ],
17 silly audit   'jsonc-parser': [ '2.3.1', '3.3.1' ],
17 silly audit   katex: [ '0.16.47' ],
17 silly audit   kleur: [ '4.1.5' ],
17 silly audit   kolorist: [ '1.8.0' ],
17 silly audit   'local-pkg': [ '1.2.1' ],
17 silly audit   'longest-streak': [ '3.1.0' ],
17 silly audit   'lucide-react': [ '0.469.0' ],
17 silly audit   'magic-string': [ '0.30.21' ],
17 silly audit   magicast: [ '0.5.4' ],
17 silly audit   'markdown-extensions': [ '2.0.0' ],
17 silly audit   'markdown-table': [ '3.0.4' ],
17 silly audit   'mdast-util-definitions': [ '6.0.0' ],
17 silly audit   'mdast-util-find-and-replace': [ '3.0.2' ],
17 silly audit   'mdast-util-from-markdown': [ '2.0.3' ],
17 silly audit   'mdast-util-gfm': [ '3.1.0' ],
17 silly audit   'mdast-util-gfm-autolink-literal': [ '2.0.1' ],
17 silly audit   'mdast-util-gfm-footnote': [ '2.1.0' ],
17 silly audit   'mdast-util-gfm-strikethrough': [ '2.0.0' ],
17 silly audit   'mdast-util-gfm-table': [ '2.0.0' ],
17 silly audit   'mdast-util-gfm-task-list-item': [ '2.0.0' ],
17 silly audit   'mdast-util-math': [ '3.0.0' ],
17 silly audit   'mdast-util-mdx': [ '3.0.0' ],
17 silly audit   'mdast-util-mdx-expression': [ '2.0.1' ],
17 silly audit   'mdast-util-mdx-jsx': [ '3.2.0' ],
17 silly audit   'mdast-util-mdxjs-esm': [ '2.0.1' ],
17 silly audit   'mdast-util-phrasing': [ '4.1.0' ],
17 silly audit   'mdast-util-to-hast': [ '13.2.1' ],
17 silly audit   'mdast-util-to-markdown': [ '2.1.2' ],
17 silly audit   'mdast-util-to-string': [ '4.0.0' ],
17 silly audit   micromark: [ '4.0.2' ],
17 silly audit   'micromark-core-commonmark': [ '2.0.3' ],
17 silly audit   'micromark-extension-gfm': [ '3.0.0' ],
17 silly audit   'micromark-extension-gfm-autolink-literal': [ '2.1.0' ],
17 silly audit   'micromark-extension-gfm-footnote': [ '2.1.0' ],
17 silly audit   'micromark-extension-gfm-strikethrough': [ '2.1.0' ],
17 silly audit   'micromark-extension-gfm-table': [ '2.1.1' ],
17 silly audit   'micromark-extension-gfm-tagfilter': [ '2.0.0' ],
17 silly audit   'micromark-extension-gfm-task-list-item': [ '2.1.0' ],
17 silly audit   'micromark-extension-math': [ '3.1.0' ],
17 silly audit   'micromark-extension-mdx-expression': [ '3.0.1' ],
17 silly audit   'micromark-extension-mdx-jsx': [ '3.0.2' ],
17 silly audit   'micromark-extension-mdx-md': [ '2.0.0' ],
17 silly audit   'micromark-extension-mdxjs': [ '3.0.0' ],
17 silly audit   'micromark-extension-mdxjs-esm': [ '3.0.0' ],
17 silly audit   'micromark-factory-destination': [ '2.0.1' ],
17 silly audit   'micromark-factory-label': [ '2.0.1' ],
17 silly audit   'micromark-factory-mdx-expression': [ '2.0.3' ],
17 silly audit   'micromark-factory-space': [ '2.0.1' ],
17 silly audit   'micromark-factory-title': [ '2.0.1' ],
17 silly audit   'micromark-factory-whitespace': [ '2.0.1' ],
17 silly audit   'micromark-util-character': [ '2.1.1' ],
17 silly audit   'micromark-util-chunked': [ '2.0.1' ],
17 silly audit   'micromark-util-classify-character': [ '2.0.1' ],
17 silly audit   'micromark-util-combine-extensions': [ '2.0.1' ],
17 silly audit   'micromark-util-decode-numeric-character-reference': [ '2.0.2' ],
17 silly audit   'micromark-util-decode-string': [ '2.0.1' ],
17 silly audit   'micromark-util-encode': [ '2.0.1' ],
17 silly audit   'micromark-util-events-to-acorn': [ '2.0.3' ],
17 silly audit   'micromark-util-html-tag-name': [ '2.0.1' ],
17 silly audit   'micromark-util-normalize-identifier': [ '2.0.1' ],
17 silly audit   'micromark-util-resolve-all': [ '2.0.1' ],
17 silly audit   'micromark-util-sanitize-uri': [ '2.0.1' ],
17 silly audit   'micromark-util-subtokenize': [ '2.1.0' ],
17 silly audit   'micromark-util-symbol': [ '2.0.1' ],
17 silly audit   'micromark-util-types': [ '2.0.2' ],
17 silly audit   minipass: [ '7.1.3' ],
17 silly audit   minizlib: [ '3.1.0' ],
17 silly audit   mlly: [ '1.8.2' ],
17 silly audit   'pkg-types': [ '1.3.1', '2.3.1' ],
17 silly audit   mrmime: [ '2.0.1' ],
17 silly audit   ms: [ '2.1.3' ],
17 silly audit   'muggle-string': [ '0.4.1' ],
17 silly audit   nanoid: [ '3.3.18' ],
17 silly audit   neotraverse: [ '0.6.18' ],
17 silly audit   'nlcst-to-string': [ '4.0.0' ],
17 silly audit   'node-emoji': [ '2.2.0' ],
17 silly audit   'node-fetch-native': [ '1.6.7' ],
17 silly audit   'node-mock-http': [ '1.0.5' ],
17 silly audit   'node-releases': [ '2.0.53' ],
17 silly audit   'normalize-path': [ '3.0.0' ],
17 silly audit   'nth-check': [ '2.1.1' ],
17 silly audit   obug: [ '2.1.4' ],
17 silly audit   ofetch: [ '1.5.1' ],
17 silly audit   ohash: [ '2.0.11' ],
17 silly audit   once: [ '1.4.0' ],
17 silly audit   'oniguruma-parser': [ '0.12.2' ],
17 silly audit   'p-limit': [ '7.3.1' ],
17 silly audit   'p-queue': [ '9.3.3' ],
17 silly audit   'p-timeout': [ '7.0.1' ],
17 silly audit   'package-manager-detector': [ '1.8.0' ],
17 silly audit   'parse-entities': [ '4.0.2' ],
17 silly audit   'parse-latin': [ '7.0.0' ],
17 silly audit   parse5: [ '7.3.0' ],
17 silly audit   'parse5-htmlparser2-tree-adapter': [ '7.1.0' ],
17 silly audit   'parse5-parser-stream': [ '7.1.2' ],
17 silly audit   'path-browserify': [ '1.0.1' ],
17 silly audit   'path-expression-matcher': [ '1.6.2' ],
17 silly audit   pathe: [ '2.0.3' ],
17 silly audit   pend: [ '1.2.0' ],
17 silly audit   piccolore: [ '0.1.3' ],
17 silly audit   picocolors: [ '1.1.1' ],
17 silly audit   postcss: [ '8.5.26' ],
17 silly audit   'postcss-nested': [ '6.2.0' ],
17 silly audit   'postcss-selector-parser': [ '6.1.4' ],
17 silly audit   prettier: [ '3.9.6' ],
17 silly audit   'prettier-plugin-astro': [ '0.14.1' ],
17 silly audit   'prettier-plugin-astro-organize-imports': [ '0.4.12' ],
17 silly audit   typescript: [ '6.0.3', '5.9.3' ],
17 silly audit   'prettier-plugin-tailwindcss': [ '0.6.14' ],
17 silly audit   prismjs: [ '1.30.0' ],
17 silly audit   'property-information': [ '7.2.0' ],
17 silly audit   pump: [ '3.0.4' ],
17 silly audit   quansync: [ '0.2.11' ],
17 silly audit   'radix-ui': [ '1.6.7' ],
17 silly audit   radix3: [ '1.1.2' ],
17 silly audit   react: [ '19.0.0' ],
17 silly audit   'react-dom': [ '19.0.0' ],
17 silly audit   'react-refresh': [ '0.18.0' ],
17 silly audit   'react-remove-scroll': [ '2.7.2' ],
17 silly audit   'react-remove-scroll-bar': [ '2.3.8' ],
17 silly audit   'react-style-singleton': [ '2.2.3' ],
17 silly audit   'recma-build-jsx': [ '1.0.0' ],
17 silly audit   'recma-jsx': [ '1.0.1' ],
17 silly audit   'recma-parse': [ '1.0.0' ],
17 silly audit   'recma-stringify': [ '1.0.0' ],
17 silly audit   'regex-utilities': [ '2.3.0' ],
17 silly audit   rehype: [ '13.0.2' ],
17 silly audit   'rehype-expressive-code': [ '0.40.2' ],
17 silly audit   'rehype-external-links': [ '3.0.0' ],
17 silly audit   'rehype-katex': [ '7.0.1' ],
17 silly audit   'rehype-parse': [ '9.0.1' ],
17 silly audit   'rehype-raw': [ '7.0.0' ],
17 silly audit   'rehype-recma': [ '1.0.0' ],
17 silly audit   'rehype-stringify': [ '10.0.1' ],
17 silly audit   'remark-emoji': [ '5.0.2' ],
17 silly audit   'remark-gfm': [ '4.0.1' ],
17 silly audit   'remark-math': [ '6.0.0' ],
17 silly audit   'remark-mdx': [ '3.1.1' ],
17 silly audit   'remark-parse': [ '11.0.0' ],
17 silly audit   'remark-rehype': [ '11.1.2' ],
17 silly audit   'remark-smartypants': [ '3.0.3' ],
17 silly audit   'remark-stringify': [ '11.0.0' ],
17 silly audit   'request-light': [ '0.7.0', '0.5.8' ],
17 silly audit   'require-directory': [ '2.1.1' ],
17 silly audit   'require-from-string': [ '2.0.2' ],
17 silly audit   retext: [ '9.0.0' ],
17 silly audit   'retext-latin': [ '4.0.0' ],
17 silly audit   'retext-smartypants': [ '6.2.0' ],
17 silly audit   'retext-stringify': [ '4.0.0' ],
17 silly audit   rollup: [ '4.62.4' ],
17 silly audit   's.color': [ '0.0.15' ],
17 silly audit   'safer-buffer': [ '2.1.2' ],
17 silly audit   'sass-formatter': [ '0.7.9' ],
17 silly audit   sax: [ '1.6.1' ],
17 silly audit   scheduler: [ '0.25.0' ],
17 silly audit   sharp: [ '0.34.5' ],
17 silly audit   sisteransi: [ '1.0.5' ],
17 silly audit   sitemap: [ '9.0.1' ],
17 silly audit   'undici-types': [ '7.18.2', '8.3.0' ],
17 silly audit   'skin-tone': [ '2.0.0' ],
17 silly audit   'smol-toml': [ '1.7.1' ],
17 silly audit   'source-map': [ '0.7.6' ],
17 silly audit   'source-map-js': [ '1.2.1' ],
17 silly audit   'space-separated-tokens': [ '2.0.2' ],
17 silly audit   'stream-replace-string': [ '2.0.0' ],
17 silly audit   'string-width': [ '4.2.3' ],
17 silly audit   'stringify-entities': [ '4.0.4' ],
17 silly audit   'strip-ansi': [ '6.0.1' ],
17 silly audit   strnum: [ '2.4.1' ],
17 silly audit   'style-to-js': [ '1.1.21' ],
17 silly audit   'style-to-object': [ '1.0.14' ],
17 silly audit   'suf-log': [ '2.5.3' ],
17 silly audit   'tailwind-merge': [ '3.6.0' ],
17 silly audit   tailwindcss: [ '4.2.1' ],
17 silly audit   tapable: [ '2.3.3' ],
17 silly audit   tar: [ '7.5.22' ],
17 silly audit   yallist: [ '5.0.0', '3.1.1' ],
17 silly audit   'tiny-inflate': [ '1.0.3' ],
17 silly audit   tinyclip: [ '0.1.15' ],
17 silly audit   tinyexec: [ '1.3.0' ],
17 silly audit   tinyglobby: [ '0.2.17' ],
17 silly audit   'trim-lines': [ '3.0.1' ],
17 silly audit   trough: [ '2.2.0' ],
17 silly audit   tsconfck: [ '3.1.6' ],
17 silly audit   tslib: [ '2.8.1' ],
17 silly audit   'typesafe-path': [ '0.2.2' ],
17 silly audit   'typescript-auto-import-cache': [ '0.3.6' ],
17 silly audit   ufo: [ '1.6.4' ],
17 silly audit   ultrahtml: [ '1.7.0' ],
17 silly audit   uncrypto: [ '0.1.3' ],
17 silly audit   undici: [ '7.29.0' ],
17 silly audit   'unicode-emoji-modifier-base': [ '1.0.0' ],
17 silly audit   unified: [ '11.0.5' ],
17 silly audit   unifont: [ '0.7.4' ],
17 silly audit   'unist-util-find-after': [ '5.0.0' ],
17 silly audit   'unist-util-is': [ '6.0.1' ],
17 silly audit   'unist-util-modify-children': [ '4.0.0' ],
17 silly audit   'unist-util-position': [ '5.0.0' ],
17 silly audit   'unist-util-position-from-estree': [ '2.0.0' ],
17 silly audit   'unist-util-remove-position': [ '5.0.0' ],
17 silly audit   'unist-util-stringify-position': [ '4.0.0' ],
17 silly audit   'unist-util-visit': [ '5.1.0' ],
17 silly audit   'unist-util-visit-children': [ '3.0.0' ],
17 silly audit   'unist-util-visit-parents': [ '6.0.2' ],
17 silly audit   'update-browserslist-db': [ '1.3.0' ],
17 silly audit   'use-callback-ref': [ '1.3.3' ],
17 silly audit   'use-sidecar': [ '1.1.3' ],
17 silly audit   'util-deprecate': [ '1.0.2' ],
17 silly audit   vfile: [ '6.0.3' ],
17 silly audit   'vfile-location': [ '5.0.3' ],
17 silly audit   'vfile-message': [ '4.0.3' ],
17 silly audit   vite: [ '7.3.6' ],
17 silly audit   vitefu: [ '1.1.3' ],
17 silly audit   'volar-service-css': [ '0.0.71' ],
17 silly audit   'volar-service-emmet': [ '0.0.71' ],
17 silly audit   'volar-service-html': [ '0.0.71' ],
17 silly audit   'volar-service-prettier': [ '0.0.71' ],
17 silly audit   'volar-service-typescript': [ '0.0.71' ],
17 silly audit   'volar-service-typescript-twoslash-queries': [ '0.0.71' ],
17 silly audit   'volar-service-yaml': [ '0.0.71' ],
17 silly audit   'vscode-css-languageservice': [ '6.3.10' ],
17 silly audit   'vscode-languageserver-types': [ '3.17.5', '3.18.0' ],
17 silly audit   'vscode-html-languageservice': [ '5.6.2' ],
17 silly audit   'vscode-json-languageservice': [ '4.1.8' ],
17 silly audit   'vscode-jsonrpc': [ '9.0.1', '8.2.0' ],
17 silly audit   'vscode-languageserver': [ '9.0.1' ],
17 silly audit   'vscode-languageserver-protocol': [ '3.18.2', '3.17.5' ],
17 silly audit   'vscode-languageserver-textdocument': [ '1.0.12' ],
17 silly audit   'vscode-nls': [ '5.2.0' ],
17 silly audit   'vscode-uri': [ '3.1.0' ],
17 silly audit   'web-namespaces': [ '2.0.1' ],
17 silly audit   'whatwg-encoding': [ '3.1.1' ],
17 silly audit   'whatwg-mimetype': [ '4.0.0' ],
17 silly audit   'which-pm-runs': [ '1.1.0' ],
17 silly audit   'wrap-ansi': [ '7.0.0' ],
17 silly audit   wrappy: [ '1.0.2' ],
17 silly audit   'xml-naming': [ '0.3.0' ],
17 silly audit   'xxhash-wasm': [ '1.1.0' ],
17 silly audit   y18n: [ '5.0.8' ],
17 silly audit   yaml: [ '2.9.0', '2.8.3' ],
17 silly audit   'yaml-language-server': [ '1.23.0' ],
17 silly audit   yargs: [ '17.7.3' ],
17 silly audit   'yargs-parser': [ '22.0.0', '21.1.1' ],
17 silly audit   yauzl: [ '2.10.0' ],
17 silly audit   'yocto-queue': [ '1.2.2' ],
17 silly audit   zod: [ '4.4.3' ],
17 silly audit   zwitch: [ '2.0.4' ]
17 silly audit }
18 http cache yocto-queue@https://registry.npmjs.org/yocto-queue/-/yocto-queue-1.2.2.tgz 1ms (cache hit)
19 http cache yargs-parser@https://registry.npmjs.org/yargs-parser/-/yargs-parser-22.0.0.tgz 0ms (cache hit)
20 http cache yauzl@https://registry.npmjs.org/yauzl/-/yauzl-2.10.0.tgz 0ms (cache hit)
21 http cache yargs@https://registry.npmjs.org/yargs/-/yargs-17.7.3.tgz 0ms (cache hit)
22 http cache yallist@https://registry.npmjs.org/yallist/-/yallist-3.1.1.tgz 0ms (cache hit)
23 http cache zod@https://registry.npmjs.org/zod/-/zod-4.4.3.tgz 0ms (cache hit)
24 http cache xxhash-wasm@https://registry.npmjs.org/xxhash-wasm/-/xxhash-wasm-1.1.0.tgz 0ms (cache hit)
25 http cache yaml@https://registry.npmjs.org/yaml/-/yaml-2.9.0.tgz 0ms (cache hit)
26 http cache xml-naming@https://registry.npmjs.org/xml-naming/-/xml-naming-0.3.0.tgz 0ms (cache hit)
27 http cache zwitch@https://registry.npmjs.org/zwitch/-/zwitch-2.0.4.tgz 0ms (cache hit)
28 http cache yaml-language-server@https://registry.npmjs.org/yaml-language-server/-/yaml-language-server-1.23.0.tgz 0ms (cache hit)
29 http cache which-pm-runs@https://registry.npmjs.org/which-pm-runs/-/which-pm-runs-1.1.0.tgz 0ms (cache hit)
30 http cache y18n@https://registry.npmjs.org/y18n/-/y18n-5.0.8.tgz 0ms (cache hit)
31 http cache whatwg-encoding@https://registry.npmjs.org/whatwg-encoding/-/whatwg-encoding-3.1.1.tgz 0ms (cache hit)
32 http cache vscode-uri@https://registry.npmjs.org/vscode-uri/-/vscode-uri-3.1.0.tgz 0ms (cache hit)
33 http cache vscode-nls@https://registry.npmjs.org/vscode-nls/-/vscode-nls-5.2.0.tgz 0ms (cache hit)
34 http cache vscode-languageserver-types@https://registry.npmjs.org/vscode-languageserver-types/-/vscode-languageserver-types-3.18.0.tgz 0ms (cache hit)
35 http cache vscode-languageserver-textdocument@https://registry.npmjs.org/vscode-languageserver-textdocument/-/vscode-languageserver-textdocument-1.0.12.tgz 0ms (cache hit)
36 http cache wrap-ansi@https://registry.npmjs.org/wrap-ansi/-/wrap-ansi-7.0.0.tgz 0ms (cache hit)
37 http cache vscode-jsonrpc@https://registry.npmjs.org/vscode-jsonrpc/-/vscode-jsonrpc-9.0.1.tgz 0ms (cache hit)
38 http cache web-namespaces@https://registry.npmjs.org/web-namespaces/-/web-namespaces-2.0.1.tgz 0ms (cache hit)
39 http cache whatwg-mimetype@https://registry.npmjs.org/whatwg-mimetype/-/whatwg-mimetype-4.0.0.tgz 0ms (cache hit)
40 http cache vscode-html-languageservice@https://registry.npmjs.org/vscode-html-languageservice/-/vscode-html-languageservice-5.6.2.tgz 0ms (cache hit)
41 http cache wrappy@https://registry.npmjs.org/wrappy/-/wrappy-1.0.2.tgz 0ms (cache hit)
42 http cache volar-service-yaml@https://registry.npmjs.org/volar-service-yaml/-/volar-service-yaml-0.0.71.tgz 0ms (cache hit)
43 http cache vscode-languageserver-protocol@https://registry.npmjs.org/vscode-languageserver-protocol/-/vscode-languageserver-protocol-3.18.2.tgz 0ms (cache hit)
44 http cache vscode-languageserver@https://registry.npmjs.org/vscode-languageserver/-/vscode-languageserver-9.0.1.tgz 0ms (cache hit)
45 http cache volar-service-typescript-twoslash-queries@https://registry.npmjs.org/volar-service-typescript-twoslash-queries/-/volar-service-typescript-twoslash-queries-0.0.71.tgz 0ms (cache hit)
46 http cache volar-service-css@https://registry.npmjs.org/volar-service-css/-/volar-service-css-0.0.71.tgz 0ms (cache hit)
47 http cache volar-service-emmet@https://registry.npmjs.org/volar-service-emmet/-/volar-service-emmet-0.0.71.tgz 0ms (cache hit)
48 http cache vfile-message@https://registry.npmjs.org/vfile-message/-/vfile-message-4.0.3.tgz 0ms (cache hit)
49 http cache vscode-json-languageservice@https://registry.npmjs.org/vscode-json-languageservice/-/vscode-json-languageservice-4.1.8.tgz 0ms (cache hit)
50 http cache volar-service-html@https://registry.npmjs.org/volar-service-html/-/volar-service-html-0.0.71.tgz 0ms (cache hit)
51 http cache vite@https://registry.npmjs.org/vite/-/vite-7.3.6.tgz 0ms (cache hit)
52 http cache vitefu@https://registry.npmjs.org/vitefu/-/vitefu-1.1.3.tgz 0ms (cache hit)
53 http cache use-sidecar@https://registry.npmjs.org/use-sidecar/-/use-sidecar-1.1.3.tgz 0ms (cache hit)
54 http cache vfile-location@https://registry.npmjs.org/vfile-location/-/vfile-location-5.0.3.tgz 0ms (cache hit)
55 http cache vscode-css-languageservice@https://registry.npmjs.org/vscode-css-languageservice/-/vscode-css-languageservice-6.3.10.tgz 0ms (cache hit)
56 http cache vfile@https://registry.npmjs.org/vfile/-/vfile-6.0.3.tgz 0ms (cache hit)
57 http cache util-deprecate@https://registry.npmjs.org/util-deprecate/-/util-deprecate-1.0.2.tgz 0ms (cache hit)
58 http cache volar-service-typescript@https://registry.npmjs.org/volar-service-typescript/-/volar-service-typescript-0.0.71.tgz 0ms (cache hit)
59 http cache use-callback-ref@https://registry.npmjs.org/use-callback-ref/-/use-callback-ref-1.3.3.tgz 0ms (cache hit)
60 http cache unist-util-visit-children@https://registry.npmjs.org/unist-util-visit-children/-/unist-util-visit-children-3.0.0.tgz 0ms (cache hit)
61 http cache unist-util-visit-parents@https://registry.npmjs.org/unist-util-visit-parents/-/unist-util-visit-parents-6.0.2.tgz 0ms (cache hit)
62 http cache update-browserslist-db@https://registry.npmjs.org/update-browserslist-db/-/update-browserslist-db-1.3.0.tgz 0ms (cache hit)
63 http cache unist-util-stringify-position@https://registry.npmjs.org/unist-util-stringify-position/-/unist-util-stringify-position-4.0.0.tgz 0ms (cache hit)
64 http cache unist-util-remove-position@https://registry.npmjs.org/unist-util-remove-position/-/unist-util-remove-position-5.0.0.tgz 0ms (cache hit)
65 http cache unist-util-position@https://registry.npmjs.org/unist-util-position/-/unist-util-position-5.0.0.tgz 0ms (cache hit)
66 http cache unist-util-visit@https://registry.npmjs.org/unist-util-visit/-/unist-util-visit-5.1.0.tgz 0ms (cache hit)
67 http cache unist-util-position-from-estree@https://registry.npmjs.org/unist-util-position-from-estree/-/unist-util-position-from-estree-2.0.0.tgz 0ms (cache hit)
68 http cache unifont@https://registry.npmjs.org/unifont/-/unifont-0.7.4.tgz 0ms (cache hit)
69 http cache unified@https://registry.npmjs.org/unified/-/unified-11.0.5.tgz 0ms (cache hit)
70 http cache unist-util-find-after@https://registry.npmjs.org/unist-util-find-after/-/unist-util-find-after-5.0.0.tgz 0ms (cache hit)
71 http cache undici-types@https://registry.npmjs.org/undici-types/-/undici-types-8.3.0.tgz 0ms (cache hit)
72 http cache undici@https://registry.npmjs.org/undici/-/undici-7.29.0.tgz 0ms (cache hit)
73 http cache uncrypto@https://registry.npmjs.org/uncrypto/-/uncrypto-0.1.3.tgz 0ms (cache hit)
74 http cache ultrahtml@https://registry.npmjs.org/ultrahtml/-/ultrahtml-1.7.0.tgz 0ms (cache hit)
75 http cache ufo@https://registry.npmjs.org/ufo/-/ufo-1.6.4.tgz 0ms (cache hit)
76 http cache unist-util-is@https://registry.npmjs.org/unist-util-is/-/unist-util-is-6.0.1.tgz 0ms (cache hit)
77 http cache unicode-emoji-modifier-base@https://registry.npmjs.org/unicode-emoji-modifier-base/-/unicode-emoji-modifier-base-1.0.0.tgz 0ms (cache hit)
78 http cache typescript@https://registry.npmjs.org/typescript/-/typescript-5.9.3.tgz 0ms (cache hit)
79 http cache typesafe-path@https://registry.npmjs.org/typesafe-path/-/typesafe-path-0.2.2.tgz 0ms (cache hit)
80 http cache tslib@https://registry.npmjs.org/tslib/-/tslib-2.8.1.tgz 0ms (cache hit)
81 http cache tsconfck@https://registry.npmjs.org/tsconfck/-/tsconfck-3.1.6.tgz 0ms (cache hit)
82 http cache volar-service-prettier@https://registry.npmjs.org/volar-service-prettier/-/volar-service-prettier-0.0.71.tgz 0ms (cache hit)
83 http cache trough@https://registry.npmjs.org/trough/-/trough-2.2.0.tgz 0ms (cache hit)
84 http cache typescript-auto-import-cache@https://registry.npmjs.org/typescript-auto-import-cache/-/typescript-auto-import-cache-0.3.6.tgz 0ms (cache hit)
85 http cache unist-util-modify-children@https://registry.npmjs.org/unist-util-modify-children/-/unist-util-modify-children-4.0.0.tgz 0ms (cache hit)
86 http cache tinyglobby@https://registry.npmjs.org/tinyglobby/-/tinyglobby-0.2.17.tgz 0ms (cache hit)
87 http cache tinyexec@https://registry.npmjs.org/tinyexec/-/tinyexec-1.3.0.tgz 0ms (cache hit)
88 http cache tinyclip@https://registry.npmjs.org/tinyclip/-/tinyclip-0.1.15.tgz 0ms (cache hit)
89 http cache tiny-inflate@https://registry.npmjs.org/tiny-inflate/-/tiny-inflate-1.0.3.tgz 0ms (cache hit)
90 http cache tar@https://registry.npmjs.org/tar/-/tar-7.5.22.tgz 0ms (cache hit)
91 http cache tailwind-merge@https://registry.npmjs.org/tailwind-merge/-/tailwind-merge-3.6.0.tgz 0ms (cache hit)
92 http cache svgo@https://registry.npmjs.org/svgo/-/svgo-4.0.2.tgz 0ms (cache hit)
93 http cache suf-log@https://registry.npmjs.org/suf-log/-/suf-log-2.5.3.tgz 0ms (cache hit)
94 http cache tailwindcss@https://registry.npmjs.org/tailwindcss/-/tailwindcss-4.2.1.tgz 0ms (cache hit)
95 http cache tapable@https://registry.npmjs.org/tapable/-/tapable-2.3.3.tgz 0ms (cache hit)
96 http cache style-to-object@https://registry.npmjs.org/style-to-object/-/style-to-object-1.0.14.tgz 0ms (cache hit)
97 http cache style-to-js@https://registry.npmjs.org/style-to-js/-/style-to-js-1.1.21.tgz 0ms (cache hit)
98 http cache strip-ansi@https://registry.npmjs.org/strip-ansi/-/strip-ansi-6.0.1.tgz 0ms (cache hit)
99 http cache stringify-entities@https://registry.npmjs.org/stringify-entities/-/stringify-entities-4.0.4.tgz 0ms (cache hit)
100 http cache stream-replace-string@https://registry.npmjs.org/stream-replace-string/-/stream-replace-string-2.0.0.tgz 0ms (cache hit)
101 http cache strnum@https://registry.npmjs.org/strnum/-/strnum-2.4.1.tgz 0ms (cache hit)
102 http cache trim-lines@https://registry.npmjs.org/trim-lines/-/trim-lines-3.0.1.tgz 0ms (cache hit)
103 http cache string-width@https://registry.npmjs.org/string-width/-/string-width-4.2.3.tgz 0ms (cache hit)
104 http cache space-separated-tokens@https://registry.npmjs.org/space-separated-tokens/-/space-separated-tokens-2.0.2.tgz 0ms (cache hit)
105 http cache source-map@https://registry.npmjs.org/source-map/-/source-map-0.7.6.tgz 0ms (cache hit)
106 http cache source-map-js@https://registry.npmjs.org/source-map-js/-/source-map-js-1.2.1.tgz 0ms (cache hit)
107 http cache sitemap@https://registry.npmjs.org/sitemap/-/sitemap-9.0.1.tgz 0ms (cache hit)
108 http cache sisteransi@https://registry.npmjs.org/sisteransi/-/sisteransi-1.0.5.tgz 0ms (cache hit)
109 http cache sharp@https://registry.npmjs.org/sharp/-/sharp-0.34.5.tgz 0ms (cache hit)
110 http cache semver@https://registry.npmjs.org/semver/-/semver-6.3.1.tgz 0ms (cache hit)
111 http cache skin-tone@https://registry.npmjs.org/skin-tone/-/skin-tone-2.0.0.tgz 0ms (cache hit)
112 http cache shiki@https://registry.npmjs.org/shiki/-/shiki-4.4.2.tgz 0ms (cache hit)
113 http cache sax@https://registry.npmjs.org/sax/-/sax-1.6.1.tgz 0ms (cache hit)
114 http cache smol-toml@https://registry.npmjs.org/smol-toml/-/smol-toml-1.7.1.tgz 0ms (cache hit)
115 http cache scheduler@https://registry.npmjs.org/scheduler/-/scheduler-0.25.0.tgz 0ms (cache hit)
116 http cache s.color@https://registry.npmjs.org/s.color/-/s.color-0.0.15.tgz 0ms (cache hit)
117 http cache safer-buffer@https://registry.npmjs.org/safer-buffer/-/safer-buffer-2.1.2.tgz 0ms (cache hit)
118 http cache sass-formatter@https://registry.npmjs.org/sass-formatter/-/sass-formatter-0.7.9.tgz 0ms (cache hit)
119 http cache retext-latin@https://registry.npmjs.org/retext-latin/-/retext-latin-4.0.0.tgz 0ms (cache hit)
120 http cache retext-stringify@https://registry.npmjs.org/retext-stringify/-/retext-stringify-4.0.0.tgz 0ms (cache hit)
121 http cache retext-smartypants@https://registry.npmjs.org/retext-smartypants/-/retext-smartypants-6.2.0.tgz 0ms (cache hit)
122 http cache retext@https://registry.npmjs.org/retext/-/retext-9.0.0.tgz 0ms (cache hit)
123 http cache require-directory@https://registry.npmjs.org/require-directory/-/require-directory-2.1.1.tgz 0ms (cache hit)
124 http cache remark-stringify@https://registry.npmjs.org/remark-stringify/-/remark-stringify-11.0.0.tgz 0ms (cache hit)
125 http cache require-from-string@https://registry.npmjs.org/require-from-string/-/require-from-string-2.0.2.tgz 0ms (cache hit)
126 http cache request-light@https://registry.npmjs.org/request-light/-/request-light-0.7.0.tgz 0ms (cache hit)
127 http cache remark-smartypants@https://registry.npmjs.org/remark-smartypants/-/remark-smartypants-3.0.3.tgz 0ms (cache hit)
128 http cache remark-rehype@https://registry.npmjs.org/remark-rehype/-/remark-rehype-11.1.2.tgz 0ms (cache hit)
129 http cache remark-gfm@https://registry.npmjs.org/remark-gfm/-/remark-gfm-4.0.1.tgz 0ms (cache hit)
130 http cache remark-mdx@https://registry.npmjs.org/remark-mdx/-/remark-mdx-3.1.1.tgz 0ms (cache hit)
131 http cache rehype-stringify@https://registry.npmjs.org/rehype-stringify/-/rehype-stringify-10.0.1.tgz 0ms (cache hit)
132 http cache remark-emoji@https://registry.npmjs.org/remark-emoji/-/remark-emoji-5.0.2.tgz 0ms (cache hit)
133 http cache rehype-raw@https://registry.npmjs.org/rehype-raw/-/rehype-raw-7.0.0.tgz 0ms (cache hit)
134 http cache rollup@https://registry.npmjs.org/rollup/-/rollup-4.62.4.tgz 0ms (cache hit)
135 http cache rehype-external-links@https://registry.npmjs.org/rehype-external-links/-/rehype-external-links-3.0.0.tgz 0ms (cache hit)
136 http cache rehype-recma@https://registry.npmjs.org/rehype-recma/-/rehype-recma-1.0.0.tgz 0ms (cache hit)
137 http cache regex-utilities@https://registry.npmjs.org/regex-utilities/-/regex-utilities-2.3.0.tgz 0ms (cache hit)
138 http cache rehype-parse@https://registry.npmjs.org/rehype-parse/-/rehype-parse-9.0.1.tgz 0ms (cache hit)
139 http cache regex-recursion@https://registry.npmjs.org/regex-recursion/-/regex-recursion-6.0.2.tgz 0ms (cache hit)
140 http cache rehype-katex@https://registry.npmjs.org/rehype-katex/-/rehype-katex-7.0.1.tgz 0ms (cache hit)
141 http cache remark-math@https://registry.npmjs.org/remark-math/-/remark-math-6.0.0.tgz 0ms (cache hit)
142 http cache regex@https://registry.npmjs.org/regex/-/regex-6.1.0.tgz 0ms (cache hit)
143 http cache rehype@https://registry.npmjs.org/rehype/-/rehype-13.0.2.tgz 0ms (cache hit)
144 http cache remark-parse@https://registry.npmjs.org/remark-parse/-/remark-parse-11.0.0.tgz 0ms (cache hit)
145 http cache recma-parse@https://registry.npmjs.org/recma-parse/-/recma-parse-1.0.0.tgz 0ms (cache hit)
146 http cache recma-build-jsx@https://registry.npmjs.org/recma-build-jsx/-/recma-build-jsx-1.0.0.tgz 0ms (cache hit)
147 http cache readdirp@https://registry.npmjs.org/readdirp/-/readdirp-4.1.2.tgz 0ms (cache hit)
148 http cache react-remove-scroll@https://registry.npmjs.org/react-remove-scroll/-/react-remove-scroll-2.7.2.tgz 0ms (cache hit)
149 http cache react-remove-scroll-bar@https://registry.npmjs.org/react-remove-scroll-bar/-/react-remove-scroll-bar-2.3.8.tgz 0ms (cache hit)
150 http cache react@https://registry.npmjs.org/react/-/react-19.0.0.tgz 0ms (cache hit)
151 http cache react-style-singleton@https://registry.npmjs.org/react-style-singleton/-/react-style-singleton-2.2.3.tgz 0ms (cache hit)
152 http cache react-refresh@https://registry.npmjs.org/react-refresh/-/react-refresh-0.18.0.tgz 0ms (cache hit)
153 http cache react-dom@https://registry.npmjs.org/react-dom/-/react-dom-19.0.0.tgz 0ms (cache hit)
154 http cache recma-stringify@https://registry.npmjs.org/recma-stringify/-/recma-stringify-1.0.0.tgz 0ms (cache hit)
155 http cache rehype-expressive-code@https://registry.npmjs.org/rehype-expressive-code/-/rehype-expressive-code-0.40.2.tgz 0ms (cache hit)
156 http cache recma-jsx@https://registry.npmjs.org/recma-jsx/-/recma-jsx-1.0.1.tgz 0ms (cache hit)
157 http cache radix3@https://registry.npmjs.org/radix3/-/radix3-1.1.2.tgz 0ms (cache hit)
158 http cache property-information@https://registry.npmjs.org/property-information/-/property-information-7.2.0.tgz 0ms (cache hit)
159 http cache prettier@https://registry.npmjs.org/prettier/-/prettier-3.9.6.tgz 0ms (cache hit)
160 http cache quansync@https://registry.npmjs.org/quansync/-/quansync-0.2.11.tgz 0ms (cache hit)
161 http cache radix-ui@https://registry.npmjs.org/radix-ui/-/radix-ui-1.6.7.tgz 0ms (cache hit)
162 http cache prettier-plugin-tailwindcss@https://registry.npmjs.org/prettier-plugin-tailwindcss/-/prettier-plugin-tailwindcss-0.6.14.tgz 0ms (cache hit)
163 http cache prismjs@https://registry.npmjs.org/prismjs/-/prismjs-1.30.0.tgz 0ms (cache hit)
164 http cache postcss-nested@https://registry.npmjs.org/postcss-nested/-/postcss-nested-6.2.0.tgz 0ms (cache hit)
165 http cache pkg-types@https://registry.npmjs.org/pkg-types/-/pkg-types-2.3.1.tgz 0ms (cache hit)
166 http cache postcss@https://registry.npmjs.org/postcss/-/postcss-8.5.26.tgz 0ms (cache hit)
167 http cache prettier-plugin-astro-organize-imports@https://registry.npmjs.org/prettier-plugin-astro-organize-imports/-/prettier-plugin-astro-organize-imports-0.4.12.tgz 0ms (cache hit)
168 http cache picomatch@https://registry.npmjs.org/picomatch/-/picomatch-4.0.5.tgz 0ms (cache hit)
169 http cache postcss-selector-parser@https://registry.npmjs.org/postcss-selector-parser/-/postcss-selector-parser-6.1.4.tgz 0ms (cache hit)
170 http cache picocolors@https://registry.npmjs.org/picocolors/-/picocolors-1.1.1.tgz 0ms (cache hit)
171 http cache path-browserify@https://registry.npmjs.org/path-browserify/-/path-browserify-1.0.1.tgz 0ms (cache hit)
172 http cache pend@https://registry.npmjs.org/pend/-/pend-1.2.0.tgz 0ms (cache hit)
173 http cache path-expression-matcher@https://registry.npmjs.org/path-expression-matcher/-/path-expression-matcher-1.6.2.tgz 0ms (cache hit)
174 http cache prettier-plugin-astro@https://registry.npmjs.org/prettier-plugin-astro/-/prettier-plugin-astro-0.14.1.tgz 0ms (cache hit)
175 http cache piccolore@https://registry.npmjs.org/piccolore/-/piccolore-0.1.3.tgz 0ms (cache hit)
176 http cache pathe@https://registry.npmjs.org/pathe/-/pathe-2.0.3.tgz 0ms (cache hit)
177 http cache pump@https://registry.npmjs.org/pump/-/pump-3.0.4.tgz 0ms (cache hit)
178 http cache parse-entities@https://registry.npmjs.org/parse-entities/-/parse-entities-4.0.2.tgz 0ms (cache hit)
179 http cache p-timeout@https://registry.npmjs.org/p-timeout/-/p-timeout-7.0.1.tgz 0ms (cache hit)
180 http cache p-queue@https://registry.npmjs.org/p-queue/-/p-queue-9.3.3.tgz 0ms (cache hit)
181 http cache parse5@https://registry.npmjs.org/parse5/-/parse5-7.3.0.tgz 0ms (cache hit)
182 http cache package-manager-detector@https://registry.npmjs.org/package-manager-detector/-/package-manager-detector-1.8.0.tgz 0ms (cache hit)
183 http cache parse5-parser-stream@https://registry.npmjs.org/parse5-parser-stream/-/parse5-parser-stream-7.1.2.tgz 0ms (cache hit)
184 http cache p-limit@https://registry.npmjs.org/p-limit/-/p-limit-7.3.1.tgz 0ms (cache hit)
185 http cache ohash@https://registry.npmjs.org/ohash/-/ohash-2.0.11.tgz 0ms (cache hit)
186 http cache once@https://registry.npmjs.org/once/-/once-1.4.0.tgz 0ms (cache hit)
187 http cache obug@https://registry.npmjs.org/obug/-/obug-2.1.4.tgz 0ms (cache hit)
188 http cache nth-check@https://registry.npmjs.org/nth-check/-/nth-check-2.1.1.tgz 0ms (cache hit)
189 http cache oniguruma-parser@https://registry.npmjs.org/oniguruma-parser/-/oniguruma-parser-0.12.2.tgz 0ms (cache hit)
190 http cache oniguruma-to-es@https://registry.npmjs.org/oniguruma-to-es/-/oniguruma-to-es-4.3.6.tgz 0ms (cache hit)
191 http cache ofetch@https://registry.npmjs.org/ofetch/-/ofetch-1.5.1.tgz 0ms (cache hit)
192 http cache normalize-path@https://registry.npmjs.org/normalize-path/-/normalize-path-3.0.0.tgz 0ms (cache hit)
193 http cache node-emoji@https://registry.npmjs.org/node-emoji/-/node-emoji-2.2.0.tgz 0ms (cache hit)
194 http cache nanoid@https://registry.npmjs.org/nanoid/-/nanoid-3.3.18.tgz 0ms (cache hit)
195 http cache neotraverse@https://registry.npmjs.org/neotraverse/-/neotraverse-0.6.18.tgz 0ms (cache hit)
196 http cache parse-latin@https://registry.npmjs.org/parse-latin/-/parse-latin-7.0.0.tgz 0ms (cache hit)
197 http cache node-releases@https://registry.npmjs.org/node-releases/-/node-releases-2.0.53.tgz 0ms (cache hit)
198 http cache node-mock-http@https://registry.npmjs.org/node-mock-http/-/node-mock-http-1.0.5.tgz 0ms (cache hit)
199 http cache node-fetch-native@https://registry.npmjs.org/node-fetch-native/-/node-fetch-native-1.6.7.tgz 0ms (cache hit)
200 http cache muggle-string@https://registry.npmjs.org/muggle-string/-/muggle-string-0.4.1.tgz 0ms (cache hit)
201 http cache minizlib@https://registry.npmjs.org/minizlib/-/minizlib-3.1.0.tgz 0ms (cache hit)
202 http cache minipass@https://registry.npmjs.org/minipass/-/minipass-7.1.3.tgz 0ms (cache hit)
203 http cache micromark-util-types@https://registry.npmjs.org/micromark-util-types/-/micromark-util-types-2.0.2.tgz 0ms (cache hit)
204 http cache nlcst-to-string@https://registry.npmjs.org/nlcst-to-string/-/nlcst-to-string-4.0.0.tgz 0ms (cache hit)
205 http cache micromark-util-subtokenize@https://registry.npmjs.org/micromark-util-subtokenize/-/micromark-util-subtokenize-2.1.0.tgz 0ms (cache hit)
206 http cache parse5-htmlparser2-tree-adapter@https://registry.npmjs.org/parse5-htmlparser2-tree-adapter/-/parse5-htmlparser2-tree-adapter-7.1.0.tgz 0ms (cache hit)
207 http cache ms@https://registry.npmjs.org/ms/-/ms-2.1.3.tgz 0ms (cache hit)
208 http cache micromark-util-resolve-all@https://registry.npmjs.org/micromark-util-resolve-all/-/micromark-util-resolve-all-2.0.1.tgz 0ms (cache hit)
209 http cache micromark-util-html-tag-name@https://registry.npmjs.org/micromark-util-html-tag-name/-/micromark-util-html-tag-name-2.0.1.tgz 0ms (cache hit)
210 http cache micromark-util-events-to-acorn@https://registry.npmjs.org/micromark-util-events-to-acorn/-/micromark-util-events-to-acorn-2.0.3.tgz 0ms (cache hit)
211 http cache micromark-util-decode-string@https://registry.npmjs.org/micromark-util-decode-string/-/micromark-util-decode-string-2.0.1.tgz 0ms (cache hit)
212 http cache micromark-util-encode@https://registry.npmjs.org/micromark-util-encode/-/micromark-util-encode-2.0.1.tgz 0ms (cache hit)
213 http cache mlly@https://registry.npmjs.org/mlly/-/mlly-1.8.2.tgz 0ms (cache hit)
214 http cache micromark-util-decode-numeric-character-reference@https://registry.npmjs.org/micromark-util-decode-numeric-character-reference/-/micromark-util-decode-numeric-character-reference-2.0.2.tgz 0ms (cache hit)
215 http cache mrmime@https://registry.npmjs.org/mrmime/-/mrmime-2.0.1.tgz 0ms (cache hit)
216 http cache micromark-util-combine-extensions@https://registry.npmjs.org/micromark-util-combine-extensions/-/micromark-util-combine-extensions-2.0.1.tgz 0ms (cache hit)
217 http cache micromark-util-classify-character@https://registry.npmjs.org/micromark-util-classify-character/-/micromark-util-classify-character-2.0.1.tgz 0ms (cache hit)
218 http cache micromark-factory-whitespace@https://registry.npmjs.org/micromark-factory-whitespace/-/micromark-factory-whitespace-2.0.1.tgz 0ms (cache hit)
219 http cache micromark-util-chunked@https://registry.npmjs.org/micromark-util-chunked/-/micromark-util-chunked-2.0.1.tgz 0ms (cache hit)
220 http cache micromark-factory-space@https://registry.npmjs.org/micromark-factory-space/-/micromark-factory-space-2.0.1.tgz 0ms (cache hit)
221 http cache micromark-factory-title@https://registry.npmjs.org/micromark-factory-title/-/micromark-factory-title-2.0.1.tgz 0ms (cache hit)
222 http cache micromark-factory-mdx-expression@https://registry.npmjs.org/micromark-factory-mdx-expression/-/micromark-factory-mdx-expression-2.0.3.tgz 0ms (cache hit)
223 http cache micromark-factory-label@https://registry.npmjs.org/micromark-factory-label/-/micromark-factory-label-2.0.1.tgz 0ms (cache hit)
224 http cache micromark-util-normalize-identifier@https://registry.npmjs.org/micromark-util-normalize-identifier/-/micromark-util-normalize-identifier-2.0.1.tgz 0ms (cache hit)
225 http cache micromark-util-sanitize-uri@https://registry.npmjs.org/micromark-util-sanitize-uri/-/micromark-util-sanitize-uri-2.0.1.tgz 0ms (cache hit)
226 http cache micromark-extension-mdxjs-esm@https://registry.npmjs.org/micromark-extension-mdxjs-esm/-/micromark-extension-mdxjs-esm-3.0.0.tgz 0ms (cache hit)
227 http cache micromark-extension-mdx-expression@https://registry.npmjs.org/micromark-extension-mdx-expression/-/micromark-extension-mdx-expression-3.0.1.tgz 0ms (cache hit)
228 http cache micromark-extension-mdx-jsx@https://registry.npmjs.org/micromark-extension-mdx-jsx/-/micromark-extension-mdx-jsx-3.0.2.tgz 0ms (cache hit)
229 http cache micromark-extension-mdx-md@https://registry.npmjs.org/micromark-extension-mdx-md/-/micromark-extension-mdx-md-2.0.0.tgz 0ms (cache hit)
230 http cache micromark-extension-gfm-tagfilter@https://registry.npmjs.org/micromark-extension-gfm-tagfilter/-/micromark-extension-gfm-tagfilter-2.0.0.tgz 0ms (cache hit)
231 http cache micromark-factory-destination@https://registry.npmjs.org/micromark-factory-destination/-/micromark-factory-destination-2.0.1.tgz 0ms (cache hit)
232 http cache micromark-extension-math@https://registry.npmjs.org/micromark-extension-math/-/micromark-extension-math-3.1.0.tgz 0ms (cache hit)
233 http cache micromark-util-character@https://registry.npmjs.org/micromark-util-character/-/micromark-util-character-2.1.1.tgz 0ms (cache hit)
234 http cache micromark-extension-mdxjs@https://registry.npmjs.org/micromark-extension-mdxjs/-/micromark-extension-mdxjs-3.0.0.tgz 0ms (cache hit)
235 http cache micromark-extension-gfm@https://registry.npmjs.org/micromark-extension-gfm/-/micromark-extension-gfm-3.0.0.tgz 0ms (cache hit)
236 http cache micromark-extension-gfm-footnote@https://registry.npmjs.org/micromark-extension-gfm-footnote/-/micromark-extension-gfm-footnote-2.1.0.tgz 0ms (cache hit)
237 http cache micromark@https://registry.npmjs.org/micromark/-/micromark-4.0.2.tgz 0ms (cache hit)
238 http cache micromark-extension-gfm-table@https://registry.npmjs.org/micromark-extension-gfm-table/-/micromark-extension-gfm-table-2.1.1.tgz 0ms (cache hit)
239 http cache micromark-extension-gfm-strikethrough@https://registry.npmjs.org/micromark-extension-gfm-strikethrough/-/micromark-extension-gfm-strikethrough-2.1.0.tgz 0ms (cache hit)
240 http cache micromark-util-symbol@https://registry.npmjs.org/micromark-util-symbol/-/micromark-util-symbol-2.0.1.tgz 0ms (cache hit)
241 http cache mdn-data@https://registry.npmjs.org/mdn-data/-/mdn-data-2.27.1.tgz 0ms (cache hit)
242 http cache micromark-extension-gfm-task-list-item@https://registry.npmjs.org/micromark-extension-gfm-task-list-item/-/micromark-extension-gfm-task-list-item-2.1.0.tgz 0ms (cache hit)
243 http cache micromark-extension-gfm-autolink-literal@https://registry.npmjs.org/micromark-extension-gfm-autolink-literal/-/micromark-extension-gfm-autolink-literal-2.1.0.tgz 0ms (cache hit)
244 http cache micromark-core-commonmark@https://registry.npmjs.org/micromark-core-commonmark/-/micromark-core-commonmark-2.0.3.tgz 0ms (cache hit)
245 http cache mdast-util-to-markdown@https://registry.npmjs.org/mdast-util-to-markdown/-/mdast-util-to-markdown-2.1.2.tgz 0ms (cache hit)
246 http cache mdast-util-to-string@https://registry.npmjs.org/mdast-util-to-string/-/mdast-util-to-string-4.0.0.tgz 0ms (cache hit)
247 http cache mdast-util-to-hast@https://registry.npmjs.org/mdast-util-to-hast/-/mdast-util-to-hast-13.2.1.tgz 0ms (cache hit)
248 http cache mdast-util-mdx-jsx@https://registry.npmjs.org/mdast-util-mdx-jsx/-/mdast-util-mdx-jsx-3.2.0.tgz 0ms (cache hit)
249 http cache mdast-util-mdx-expression@https://registry.npmjs.org/mdast-util-mdx-expression/-/mdast-util-mdx-expression-2.0.1.tgz 0ms (cache hit)
250 http cache mdast-util-mdx@https://registry.npmjs.org/mdast-util-mdx/-/mdast-util-mdx-3.0.0.tgz 0ms (cache hit)
251 http cache mdast-util-gfm-table@https://registry.npmjs.org/mdast-util-gfm-table/-/mdast-util-gfm-table-2.0.0.tgz 0ms (cache hit)
252 http cache mdast-util-gfm-task-list-item@https://registry.npmjs.org/mdast-util-gfm-task-list-item/-/mdast-util-gfm-task-list-item-2.0.0.tgz 0ms (cache hit)
253 http cache mdast-util-gfm-strikethrough@https://registry.npmjs.org/mdast-util-gfm-strikethrough/-/mdast-util-gfm-strikethrough-2.0.0.tgz 0ms (cache hit)
254 http cache mdast-util-gfm-footnote@https://registry.npmjs.org/mdast-util-gfm-footnote/-/mdast-util-gfm-footnote-2.1.0.tgz 0ms (cache hit)
255 http cache mdast-util-gfm-autolink-literal@https://registry.npmjs.org/mdast-util-gfm-autolink-literal/-/mdast-util-gfm-autolink-literal-2.0.1.tgz 0ms (cache hit)
256 http cache mdast-util-phrasing@https://registry.npmjs.org/mdast-util-phrasing/-/mdast-util-phrasing-4.1.0.tgz 0ms (cache hit)
257 http cache mdast-util-gfm@https://registry.npmjs.org/mdast-util-gfm/-/mdast-util-gfm-3.1.0.tgz 0ms (cache hit)
258 http cache mdast-util-find-and-replace@https://registry.npmjs.org/mdast-util-find-and-replace/-/mdast-util-find-and-replace-3.0.2.tgz 0ms (cache hit)
259 http cache markdown-extensions@https://registry.npmjs.org/markdown-extensions/-/markdown-extensions-2.0.0.tgz 0ms (cache hit)
260 http cache mdast-util-from-markdown@https://registry.npmjs.org/mdast-util-from-markdown/-/mdast-util-from-markdown-2.0.3.tgz 0ms (cache hit)
261 http cache mdast-util-definitions@https://registry.npmjs.org/mdast-util-definitions/-/mdast-util-definitions-6.0.0.tgz 0ms (cache hit)
262 http cache magicast@https://registry.npmjs.org/magicast/-/magicast-0.5.4.tgz 0ms (cache hit)
263 http cache lucide-react@https://registry.npmjs.org/lucide-react/-/lucide-react-0.469.0.tgz 0ms (cache hit)
264 http cache longest-streak@https://registry.npmjs.org/longest-streak/-/longest-streak-3.1.0.tgz 0ms (cache hit)
265 http cache lru-cache@https://registry.npmjs.org/lru-cache/-/lru-cache-5.1.1.tgz 0ms (cache hit)
266 http cache mdast-util-mdxjs-esm@https://registry.npmjs.org/mdast-util-mdxjs-esm/-/mdast-util-mdxjs-esm-2.0.1.tgz 0ms (cache hit)
267 http cache kolorist@https://registry.npmjs.org/kolorist/-/kolorist-1.8.0.tgz 0ms (cache hit)
268 http cache local-pkg@https://registry.npmjs.org/local-pkg/-/local-pkg-1.2.1.tgz 0ms (cache hit)
269 http cache magic-string@https://registry.npmjs.org/magic-string/-/magic-string-0.30.21.tgz 0ms (cache hit)
270 http cache katex@https://registry.npmjs.org/katex/-/katex-0.16.47.tgz 0ms (cache hit)
271 http cache jsonc-parser@https://registry.npmjs.org/jsonc-parser/-/jsonc-parser-2.3.1.tgz 0ms (cache hit)
272 http cache jsesc@https://registry.npmjs.org/jsesc/-/jsesc-3.1.0.tgz 0ms (cache hit)
273 http cache json-schema-traverse@https://registry.npmjs.org/json-schema-traverse/-/json-schema-traverse-1.0.0.tgz 0ms (cache hit)
274 http cache json5@https://registry.npmjs.org/json5/-/json5-2.2.3.tgz 0ms (cache hit)
275 http cache js-tokens@https://registry.npmjs.org/js-tokens/-/js-tokens-4.0.0.tgz 0ms (cache hit)
276 http cache js-yaml@https://registry.npmjs.org/js-yaml/-/js-yaml-4.3.1.tgz 0ms (cache hit)
277 http cache is-wsl@https://registry.npmjs.org/is-wsl/-/is-wsl-3.1.1.tgz 0ms (cache hit)
278 http cache is-plain-obj@https://registry.npmjs.org/is-plain-obj/-/is-plain-obj-4.1.0.tgz 0ms (cache hit)
279 http cache is-inside-container@https://registry.npmjs.org/is-inside-container/-/is-inside-container-1.0.0.tgz 0ms (cache hit)
280 http cache is-docker@https://registry.npmjs.org/is-docker/-/is-docker-3.0.0.tgz 0ms (cache hit)
281 http cache is-fullwidth-code-point@https://registry.npmjs.org/is-fullwidth-code-point/-/is-fullwidth-code-point-3.0.0.tgz 0ms (cache hit)
282 http cache is-hexadecimal@https://registry.npmjs.org/is-hexadecimal/-/is-hexadecimal-2.0.1.tgz 0ms (cache hit)
283 http cache mdast-util-math@https://registry.npmjs.org/mdast-util-math/-/mdast-util-math-3.0.0.tgz 0ms (cache hit)
284 http cache is-decimal@https://registry.npmjs.org/is-decimal/-/is-decimal-2.0.1.tgz 0ms (cache hit)
285 http cache is-alphabetical@https://registry.npmjs.org/is-alphabetical/-/is-alphabetical-2.0.1.tgz 0ms (cache hit)
286 http cache is-alphanumerical@https://registry.npmjs.org/is-alphanumerical/-/is-alphanumerical-2.0.1.tgz 0ms (cache hit)
287 http cache inline-style-parser@https://registry.npmjs.org/inline-style-parser/-/inline-style-parser-0.2.7.tgz 0ms (cache hit)
288 http cache iron-webcrypto@https://registry.npmjs.org/iron-webcrypto/-/iron-webcrypto-1.2.1.tgz 0ms (cache hit)
289 http cache http-cache-semantics@https://registry.npmjs.org/http-cache-semantics/-/http-cache-semantics-4.2.0.tgz 0ms (cache hit)
290 http cache kleur@https://registry.npmjs.org/kleur/-/kleur-4.1.5.tgz 0ms (cache hit)
291 http cache iconv-lite@https://registry.npmjs.org/iconv-lite/-/iconv-lite-0.6.3.tgz 0ms (cache hit)
292 http cache htmlparser2@https://registry.npmjs.org/htmlparser2/-/htmlparser2-10.1.0.tgz 0ms (cache hit)
293 http cache html-void-elements@https://registry.npmjs.org/html-void-elements/-/html-void-elements-3.0.0.tgz 0ms (cache hit)
294 http cache hast-util-to-text@https://registry.npmjs.org/hast-util-to-text/-/hast-util-to-text-4.0.2.tgz 0ms (cache hit)
295 http cache hast-util-whitespace@https://registry.npmjs.org/hast-util-whitespace/-/hast-util-whitespace-3.0.0.tgz 0ms (cache hit)
296 http cache hastscript@https://registry.npmjs.org/hastscript/-/hastscript-9.0.1.tgz 0ms (cache hit)
297 http cache hast-util-to-string@https://registry.npmjs.org/hast-util-to-string/-/hast-util-to-string-3.0.1.tgz 0ms (cache hit)
298 http cache hast-util-to-jsx-runtime@https://registry.npmjs.org/hast-util-to-jsx-runtime/-/hast-util-to-jsx-runtime-2.3.6.tgz 0ms (cache hit)
299 http cache hast-util-to-parse5@https://registry.npmjs.org/hast-util-to-parse5/-/hast-util-to-parse5-8.0.1.tgz 0ms (cache hit)
300 http cache hast-util-select@https://registry.npmjs.org/hast-util-select/-/hast-util-select-6.0.4.tgz 0ms (cache hit)
301 http cache hast-util-to-estree@https://registry.npmjs.org/hast-util-to-estree/-/hast-util-to-estree-3.1.3.tgz 0ms (cache hit)
302 http cache hast-util-parse-selector@https://registry.npmjs.org/hast-util-parse-selector/-/hast-util-parse-selector-4.0.0.tgz 0ms (cache hit)
303 http cache hast-util-raw@https://registry.npmjs.org/hast-util-raw/-/hast-util-raw-9.1.0.tgz 0ms (cache hit)
304 http cache hast-util-is-element@https://registry.npmjs.org/hast-util-is-element/-/hast-util-is-element-3.0.0.tgz 0ms (cache hit)
305 http cache hast-util-from-parse5@https://registry.npmjs.org/hast-util-from-parse5/-/hast-util-from-parse5-8.0.3.tgz 0ms (cache hit)
306 http cache hast-util-from-html@https://registry.npmjs.org/hast-util-from-html/-/hast-util-from-html-2.0.3.tgz 0ms (cache hit)
307 http cache hast-util-has-property@https://registry.npmjs.org/hast-util-has-property/-/hast-util-has-property-3.0.0.tgz 0ms (cache hit)
308 http cache hast-util-to-html@https://registry.npmjs.org/hast-util-to-html/-/hast-util-to-html-9.0.5.tgz 0ms (cache hit)
309 http cache hast-util-from-dom@https://registry.npmjs.org/hast-util-from-dom/-/hast-util-from-dom-5.0.1.tgz 0ms (cache hit)
310 http cache html-escaper@https://registry.npmjs.org/html-escaper/-/html-escaper-3.0.3.tgz 0ms (cache hit)
311 http cache is-absolute-url@https://registry.npmjs.org/is-absolute-url/-/is-absolute-url-4.0.1.tgz 0ms (cache hit)
312 http cache h3@https://registry.npmjs.org/h3/-/h3-1.15.11.tgz 0ms (cache hit)
313 http cache globals@https://registry.npmjs.org/globals/-/globals-15.15.0.tgz 0ms (cache hit)
314 http cache get-caller-file@https://registry.npmjs.org/get-caller-file/-/get-caller-file-2.0.5.tgz 0ms (cache hit)
315 http cache get-nonce@https://registry.npmjs.org/get-nonce/-/get-nonce-1.0.1.tgz 0ms (cache hit)
316 http cache fontkitten@https://registry.npmjs.org/fontkitten/-/fontkitten-1.0.3.tgz 0ms (cache hit)
317 http cache gensync@https://registry.npmjs.org/gensync/-/gensync-1.0.0-beta.2.tgz 0ms (cache hit)
318 http cache hast-util-from-html-isomorphic@https://registry.npmjs.org/hast-util-from-html-isomorphic/-/hast-util-from-html-isomorphic-2.0.0.tgz 0ms (cache hit)
319 http cache github-slugger@https://registry.npmjs.org/github-slugger/-/github-slugger-2.0.0.tgz 0ms (cache hit)
320 http cache fontace@https://registry.npmjs.org/fontace/-/fontace-0.4.1.tgz 0ms (cache hit)
321 http cache graceful-fs@https://registry.npmjs.org/graceful-fs/-/graceful-fs-4.2.11.tgz 0ms (cache hit)
322 http cache fast-xml-builder@https://registry.npmjs.org/fast-xml-builder/-/fast-xml-builder-1.3.0.tgz 0ms (cache hit)
323 http cache fast-xml-parser@https://registry.npmjs.org/fast-xml-parser/-/fast-xml-parser-5.4.1.tgz 0ms (cache hit)
324 http cache fdir@https://registry.npmjs.org/fdir/-/fdir-6.5.0.tgz 0ms (cache hit)
325 http cache fast-wrap-ansi@https://registry.npmjs.org/fast-wrap-ansi/-/fast-wrap-ansi-0.2.2.tgz 0ms (cache hit)
326 http cache markdown-table@https://registry.npmjs.org/markdown-table/-/markdown-table-3.0.4.tgz 0ms (cache hit)
327 http cache fast-string-truncated-width@https://registry.npmjs.org/fast-string-truncated-width/-/fast-string-truncated-width-3.0.3.tgz 0ms (cache hit)
328 http cache fast-uri@https://registry.npmjs.org/fast-uri/-/fast-uri-3.1.5.tgz 0ms (cache hit)
329 http cache fd-slicer@https://registry.npmjs.org/fd-slicer/-/fd-slicer-1.1.0.tgz 0ms (cache hit)
330 http cache fast-string-width@https://registry.npmjs.org/fast-string-width/-/fast-string-width-3.0.2.tgz 0ms (cache hit)
331 http cache fast-deep-equal@https://registry.npmjs.org/fast-deep-equal/-/fast-deep-equal-3.1.3.tgz 0ms (cache hit)
332 http cache extend@https://registry.npmjs.org/extend/-/extend-3.0.2.tgz 0ms (cache hit)
333 http cache extract-zip@https://registry.npmjs.org/extract-zip/-/extract-zip-2.0.1.tgz 0ms (cache hit)
334 http cache flattie@https://registry.npmjs.org/flattie/-/flattie-1.1.1.tgz 0ms (cache hit)
335 http cache eventemitter3@https://registry.npmjs.org/eventemitter3/-/eventemitter3-5.0.4.tgz 0ms (cache hit)
336 http cache expressive-code@https://registry.npmjs.org/expressive-code/-/expressive-code-0.40.2.tgz 0ms (cache hit)
337 http cache get-stream@https://registry.npmjs.org/get-stream/-/get-stream-5.2.0.tgz 0ms (cache hit)
338 http cache jiti@https://registry.npmjs.org/jiti/-/jiti-2.7.0.tgz 0ms (cache hit)
339 http cache exsolve@https://registry.npmjs.org/exsolve/-/exsolve-1.1.1.tgz 0ms (cache hit)
340 http cache estree-util-to-js@https://registry.npmjs.org/estree-util-to-js/-/estree-util-to-js-2.0.0.tgz 0ms (cache hit)
341 http cache estree-util-attach-comments@https://registry.npmjs.org/estree-util-attach-comments/-/estree-util-attach-comments-3.0.0.tgz 0ms (cache hit)
342 http cache estree-util-scope@https://registry.npmjs.org/estree-util-scope/-/estree-util-scope-1.0.0.tgz 0ms (cache hit)
343 http cache estree-util-build-jsx@https://registry.npmjs.org/estree-util-build-jsx/-/estree-util-build-jsx-3.0.1.tgz 0ms (cache hit)
344 http cache estree-util-is-identifier-name@https://registry.npmjs.org/estree-util-is-identifier-name/-/estree-util-is-identifier-name-3.0.0.tgz 0ms (cache hit)
345 http cache estree-walker@https://registry.npmjs.org/estree-walker/-/estree-walker-3.0.3.tgz 0ms (cache hit)
346 http cache esbuild@https://registry.npmjs.org/esbuild/-/esbuild-0.27.7.tgz 0ms (cache hit)
347 http cache escalade@https://registry.npmjs.org/escalade/-/escalade-3.2.0.tgz 0ms (cache hit)
348 http cache esast-util-from-js@https://registry.npmjs.org/esast-util-from-js/-/esast-util-from-js-2.0.1.tgz 0ms (cache hit)
349 http cache esast-util-from-estree@https://registry.npmjs.org/esast-util-from-estree/-/esast-util-from-estree-2.0.0.tgz 0ms (cache hit)
350 http cache encoding-sniffer@https://registry.npmjs.org/encoding-sniffer/-/encoding-sniffer-0.2.1.tgz 0ms (cache hit)
351 http cache enhanced-resolve@https://registry.npmjs.org/enhanced-resolve/-/enhanced-resolve-5.24.5.tgz 0ms (cache hit)
352 http cache entities@https://registry.npmjs.org/entities/-/entities-4.5.0.tgz 0ms (cache hit)
353 http cache end-of-stream@https://registry.npmjs.org/end-of-stream/-/end-of-stream-1.4.5.tgz 0ms (cache hit)
354 http cache escape-string-regexp@https://registry.npmjs.org/escape-string-regexp/-/escape-string-regexp-5.0.0.tgz 0ms (cache hit)
355 http cache emoji-regex@https://registry.npmjs.org/emoji-regex/-/emoji-regex-8.0.0.tgz 0ms (cache hit)
356 http cache emoticon@https://registry.npmjs.org/emoticon/-/emoticon-4.1.0.tgz 0ms (cache hit)
357 http cache es-module-lexer@https://registry.npmjs.org/es-module-lexer/-/es-module-lexer-2.3.1.tgz 0ms (cache hit)
358 http cache electron-to-chromium@https://registry.npmjs.org/electron-to-chromium/-/electron-to-chromium-1.5.402.tgz 0ms (cache hit)
359 http cache emoji-regex-xs@https://registry.npmjs.org/emoji-regex-xs/-/emoji-regex-xs-1.0.0.tgz 0ms (cache hit)
360 http cache emojilib@https://registry.npmjs.org/emojilib/-/emojilib-2.4.0.tgz 0ms (cache hit)
361 http cache estree-util-visit@https://registry.npmjs.org/estree-util-visit/-/estree-util-visit-2.0.0.tgz 0ms (cache hit)
362 http cache domhandler@https://registry.npmjs.org/domhandler/-/domhandler-5.0.3.tgz 0ms (cache hit)
363 http cache domutils@https://registry.npmjs.org/domutils/-/domutils-3.2.2.tgz 0ms (cache hit)
364 http cache emmet@https://registry.npmjs.org/emmet/-/emmet-2.4.11.tgz 0ms (cache hit)
365 http cache domelementtype@https://registry.npmjs.org/domelementtype/-/domelementtype-2.3.0.tgz 0ms (cache hit)
366 http cache diff@https://registry.npmjs.org/diff/-/diff-8.0.4.tgz 0ms (cache hit)
367 http cache detect-node-es@https://registry.npmjs.org/detect-node-es/-/detect-node-es-1.1.0.tgz 0ms (cache hit)
368 http cache devalue@https://registry.npmjs.org/devalue/-/devalue-5.9.0.tgz 0ms (cache hit)
369 http cache detect-libc@https://registry.npmjs.org/detect-libc/-/detect-libc-2.1.2.tgz 0ms (cache hit)
370 http cache dlv@https://registry.npmjs.org/dlv/-/dlv-1.1.3.tgz 0ms (cache hit)
371 http cache dset@https://registry.npmjs.org/dset/-/dset-3.1.4.tgz 0ms (cache hit)
372 http cache devlop@https://registry.npmjs.org/devlop/-/devlop-1.1.0.tgz 0ms (cache hit)
373 http cache dequal@https://registry.npmjs.org/dequal/-/dequal-2.0.3.tgz 0ms (cache hit)
374 http cache defu@https://registry.npmjs.org/defu/-/defu-6.1.7.tgz 0ms (cache hit)
375 http cache decode-named-character-reference@https://registry.npmjs.org/decode-named-character-reference/-/decode-named-character-reference-1.3.0.tgz 0ms (cache hit)
376 http cache csso@https://registry.npmjs.org/csso/-/csso-5.0.5.tgz 0ms (cache hit)
377 http cache dom-serializer@https://registry.npmjs.org/dom-serializer/-/dom-serializer-2.0.0.tgz 0ms (cache hit)
378 http cache debug@https://registry.npmjs.org/debug/-/debug-4.4.3.tgz 0ms (cache hit)
379 http cache destr@https://registry.npmjs.org/destr/-/destr-2.0.5.tgz 0ms (cache hit)
380 http cache csstype@https://registry.npmjs.org/csstype/-/csstype-3.2.3.tgz 0ms (cache hit)
381 http cache direction@https://registry.npmjs.org/direction/-/direction-2.0.1.tgz 0ms (cache hit)
382 http cache css-selector-parser@https://registry.npmjs.org/css-selector-parser/-/css-selector-parser-3.3.0.tgz 0ms (cache hit)
383 http cache cookie-es@https://registry.npmjs.org/cookie-es/-/cookie-es-1.2.3.tgz 0ms (cache hit)
384 http cache cookie@https://registry.npmjs.org/cookie/-/cookie-1.1.1.tgz 0ms (cache hit)
385 http cache css-what@https://registry.npmjs.org/css-what/-/css-what-6.2.2.tgz 0ms (cache hit)
386 http cache confbox@https://registry.npmjs.org/confbox/-/confbox-0.2.4.tgz 0ms (cache hit)
387 http cache common-ancestor-path@https://registry.npmjs.org/common-ancestor-path/-/common-ancestor-path-2.0.0.tgz 0ms (cache hit)
388 http cache comma-separated-tokens@https://registry.npmjs.org/comma-separated-tokens/-/comma-separated-tokens-2.0.3.tgz 0ms (cache hit)
389 http cache color-convert@https://registry.npmjs.org/color-convert/-/color-convert-2.0.1.tgz 0ms (cache hit)
390 http cache css-select@https://registry.npmjs.org/css-select/-/css-select-5.2.2.tgz 0ms (cache hit)
391 http cache color-name@https://registry.npmjs.org/color-name/-/color-name-1.1.4.tgz 0ms (cache hit)
392 http cache collapse-white-space@https://registry.npmjs.org/collapse-white-space/-/collapse-white-space-2.1.0.tgz 0ms (cache hit)
393 http cache css-tree@https://registry.npmjs.org/css-tree/-/css-tree-3.2.1.tgz 0ms (cache hit)
394 http cache clsx@https://registry.npmjs.org/clsx/-/clsx-2.1.1.tgz 0ms (cache hit)
395 http cache ci-info@https://registry.npmjs.org/ci-info/-/ci-info-4.4.0.tgz 0ms (cache hit)
396 http cache commander@https://registry.npmjs.org/commander/-/commander-8.3.0.tgz 0ms (cache hit)
397 http cache chownr@https://registry.npmjs.org/chownr/-/chownr-3.0.0.tgz 0ms (cache hit)
398 http cache chokidar@https://registry.npmjs.org/chokidar/-/chokidar-4.0.3.tgz 0ms (cache hit)
399 http cache crossws@https://registry.npmjs.org/crossws/-/crossws-0.3.5.tgz 0ms (cache hit)
400 http cache class-variance-authority@https://registry.npmjs.org/class-variance-authority/-/class-variance-authority-0.7.1.tgz 0ms (cache hit)
401 http cache cheerio-select@https://registry.npmjs.org/cheerio-select/-/cheerio-select-2.1.0.tgz 0ms (cache hit)
402 http cache character-entities-legacy@https://registry.npmjs.org/character-entities-legacy/-/character-entities-legacy-3.0.0.tgz 0ms (cache hit)
403 http cache cheerio@https://registry.npmjs.org/cheerio/-/cheerio-1.2.0.tgz 0ms (cache hit)
404 http cache convert-source-map@https://registry.npmjs.org/convert-source-map/-/convert-source-map-2.0.0.tgz 0ms (cache hit)
405 http cache character-entities@https://registry.npmjs.org/character-entities/-/character-entities-2.0.2.tgz 0ms (cache hit)
406 http cache buffer-crc32@https://registry.npmjs.org/buffer-crc32/-/buffer-crc32-0.2.13.tgz 0ms (cache hit)
407 http cache browserslist@https://registry.npmjs.org/browserslist/-/browserslist-4.28.8.tgz 0ms (cache hit)
408 http cache character-reference-invalid@https://registry.npmjs.org/character-reference-invalid/-/character-reference-invalid-2.0.1.tgz 0ms (cache hit)
409 http cache ccount@https://registry.npmjs.org/ccount/-/ccount-2.0.1.tgz 0ms (cache hit)
410 http cache boolbase@https://registry.npmjs.org/boolbase/-/boolbase-1.0.0.tgz 0ms (cache hit)
411 http cache bcp-47-match@https://registry.npmjs.org/bcp-47-match/-/bcp-47-match-2.0.3.tgz 0ms (cache hit)
412 http cache cssesc@https://registry.npmjs.org/cssesc/-/cssesc-3.0.0.tgz 0ms (cache hit)
413 http cache caniuse-lite@https://registry.npmjs.org/caniuse-lite/-/caniuse-lite-1.0.30001809.tgz 0ms (cache hit)
414 http cache bail@https://registry.npmjs.org/bail/-/bail-2.0.2.tgz 0ms (cache hit)
415 http cache char-regex@https://registry.npmjs.org/char-regex/-/char-regex-1.0.2.tgz 0ms (cache hit)
416 http cache astring@https://registry.npmjs.org/astring/-/astring-1.9.0.tgz 0ms (cache hit)
417 http cache array-iterate@https://registry.npmjs.org/array-iterate/-/array-iterate-2.0.1.tgz 0ms (cache hit)
418 http cache aria-query@https://registry.npmjs.org/aria-query/-/aria-query-5.3.2.tgz 0ms (cache hit)
419 http cache character-entities-html4@https://registry.npmjs.org/character-entities-html4/-/character-entities-html4-2.1.0.tgz 0ms (cache hit)
420 http cache argparse@https://registry.npmjs.org/argparse/-/argparse-2.0.1.tgz 0ms (cache hit)
421 http cache aria-hidden@https://registry.npmjs.org/aria-hidden/-/aria-hidden-1.2.6.tgz 0ms (cache hit)
422 http cache anynum@https://registry.npmjs.org/anynum/-/anynum-1.0.1.tgz 0ms (cache hit)
423 http cache axobject-query@https://registry.npmjs.org/axobject-query/-/axobject-query-4.1.0.tgz 0ms (cache hit)
424 http cache arg@https://registry.npmjs.org/arg/-/arg-5.0.2.tgz 0ms (cache hit)
425 http cache anymatch@https://registry.npmjs.org/anymatch/-/anymatch-3.1.3.tgz 0ms (cache hit)
426 http cache cliui@https://registry.npmjs.org/cliui/-/cliui-8.0.1.tgz 0ms (cache hit)
427 http cache baseline-browser-mapping@https://registry.npmjs.org/baseline-browser-mapping/-/baseline-browser-mapping-2.11.13.tgz 0ms (cache hit)
428 http cache astro@https://registry.npmjs.org/astro/-/astro-6.0.2.tgz 0ms (cache hit)
429 http cache ansi-regex@https://registry.npmjs.org/ansi-regex/-/ansi-regex-5.0.1.tgz 0ms (cache hit)
430 http cache @vscode/emmet-helper@https://registry.npmjs.org/@vscode/emmet-helper/-/emmet-helper-2.11.0.tgz 0ms (cache hit)
431 http cache acorn-jsx@https://registry.npmjs.org/acorn-jsx/-/acorn-jsx-5.3.2.tgz 0ms (cache hit)
432 http cache @volar/typescript@https://registry.npmjs.org/@volar/typescript/-/typescript-2.4.28.tgz 0ms (cache hit)
433 http cache astro-icon@https://registry.npmjs.org/astro-icon/-/astro-icon-1.1.5.tgz 0ms (cache hit)
434 http cache acorn@https://registry.npmjs.org/acorn/-/acorn-8.18.0.tgz 0ms (cache hit)
435 http cache @volar/language-service@https://registry.npmjs.org/@volar/language-service/-/language-service-2.4.28.tgz 0ms (cache hit)
436 http cache @volar/language-server@https://registry.npmjs.org/@volar/language-server/-/language-server-2.4.28.tgz 0ms (cache hit)
437 http cache @volar/source-map@https://registry.npmjs.org/@volar/source-map/-/source-map-2.4.28.tgz 0ms (cache hit)
438 http cache @ungap/structured-clone@https://registry.npmjs.org/@ungap/structured-clone/-/structured-clone-1.3.3.tgz 0ms (cache hit)
439 http cache ansi-styles@https://registry.npmjs.org/ansi-styles/-/ansi-styles-4.3.0.tgz 0ms (cache hit)
440 http cache ajv-i18n@https://registry.npmjs.org/ajv-i18n/-/ajv-i18n-4.2.0.tgz 0ms (cache hit)
441 http cache ajv-draft-04@https://registry.npmjs.org/ajv-draft-04/-/ajv-draft-04-1.0.0.tgz 0ms (cache hit)
442 http cache @vitejs/plugin-react@https://registry.npmjs.org/@vitejs/plugin-react/-/plugin-react-5.2.0.tgz 0ms (cache hit)
443 http cache @volar/language-core@https://registry.npmjs.org/@volar/language-core/-/language-core-2.4.28.tgz 0ms (cache hit)
444 http cache @types/react-dom@https://registry.npmjs.org/@types/react-dom/-/react-dom-19.0.0.tgz 0ms (cache hit)
445 http cache @types/node@https://registry.npmjs.org/@types/node/-/node-26.2.0.tgz 0ms (cache hit)
446 http cache @vscode/l10n@https://registry.npmjs.org/@vscode/l10n/-/l10n-0.0.18.tgz 0ms (cache hit)
447 http cache @volar/kit@https://registry.npmjs.org/@volar/kit/-/kit-2.4.28.tgz 0ms (cache hit)
448 http cache ajv@https://registry.npmjs.org/ajv/-/ajv-8.20.0.tgz 0ms (cache hit)
449 http cache @types/nlcst@https://registry.npmjs.org/@types/nlcst/-/nlcst-2.0.3.tgz 0ms (cache hit)
450 http cache @types/hast@https://registry.npmjs.org/@types/hast/-/hast-3.0.5.tgz 0ms (cache hit)
451 http cache @types/yauzl@https://registry.npmjs.org/@types/yauzl/-/yauzl-2.10.3.tgz 0ms (cache hit)
452 http cache @types/katex@https://registry.npmjs.org/@types/katex/-/katex-0.16.8.tgz 0ms (cache hit)
453 http cache @types/react@https://registry.npmjs.org/@types/react/-/react-19.0.0.tgz 0ms (cache hit)
454 http cache @types/mdx@https://registry.npmjs.org/@types/mdx/-/mdx-2.0.14.tgz 0ms (cache hit)
455 http cache @types/estree@https://registry.npmjs.org/@types/estree/-/estree-1.0.9.tgz 0ms (cache hit)
456 http cache @types/sax@https://registry.npmjs.org/@types/sax/-/sax-1.2.7.tgz 0ms (cache hit)
457 http cache @types/debug@https://registry.npmjs.org/@types/debug/-/debug-4.1.13.tgz 0ms (cache hit)
458 http cache @types/babel__template@https://registry.npmjs.org/@types/babel__template/-/babel__template-7.4.4.tgz 0ms (cache hit)
459 http cache @tailwindcss/vite@https://registry.npmjs.org/@tailwindcss/vite/-/vite-4.2.1.tgz 0ms (cache hit)
460 http cache @types/ms@https://registry.npmjs.org/@types/ms/-/ms-2.1.0.tgz 0ms (cache hit)
461 http cache @types/babel__traverse@https://registry.npmjs.org/@types/babel__traverse/-/babel__traverse-7.28.0.tgz 0ms (cache hit)
462 http cache @types/mdast@https://registry.npmjs.org/@types/mdast/-/mdast-4.0.4.tgz 0ms (cache hit)
463 http cache @types/estree-jsx@https://registry.npmjs.org/@types/estree-jsx/-/estree-jsx-1.0.5.tgz 0ms (cache hit)
464 http cache @tailwindcss/oxide@https://registry.npmjs.org/@tailwindcss/oxide/-/oxide-4.2.1.tgz 0ms (cache hit)
465 http cache @types/babel__core@https://registry.npmjs.org/@types/babel__core/-/babel__core-7.20.5.tgz 0ms (cache hit)
466 http cache @types/babel__generator@https://registry.npmjs.org/@types/babel__generator/-/babel__generator-7.27.0.tgz 0ms (cache hit)
467 http cache @tailwindcss/node@https://registry.npmjs.org/@tailwindcss/node/-/node-4.2.1.tgz 0ms (cache hit)
468 http cache @sindresorhus/is@https://registry.npmjs.org/@sindresorhus/is/-/is-4.6.0.tgz 0ms (cache hit)
469 http cache @shikijs/types@https://registry.npmjs.org/@shikijs/types/-/types-3.23.0.tgz 0ms (cache hit)
470 http cache @types/unist@https://registry.npmjs.org/@types/unist/-/unist-3.0.3.tgz 0ms (cache hit)
471 http cache @shikijs/vscode-textmate@https://registry.npmjs.org/@shikijs/vscode-textmate/-/vscode-textmate-10.0.2.tgz 0ms (cache hit)
472 http cache @shikijs/primitive@https://registry.npmjs.org/@shikijs/primitive/-/primitive-4.4.2.tgz 0ms (cache hit)
473 http cache @shikijs/themes@https://registry.npmjs.org/@shikijs/themes/-/themes-4.4.2.tgz 0ms (cache hit)
474 http cache @shikijs/rehype@https://registry.npmjs.org/@shikijs/rehype/-/rehype-3.23.0.tgz 0ms (cache hit)
475 http cache @shikijs/langs@https://registry.npmjs.org/@shikijs/langs/-/langs-4.4.2.tgz 0ms (cache hit)
476 http cache @shikijs/engine-oniguruma@https://registry.npmjs.org/@shikijs/engine-oniguruma/-/engine-oniguruma-4.4.2.tgz 0ms (cache hit)
477 http cache @shikijs/engine-javascript@https://registry.npmjs.org/@shikijs/engine-javascript/-/engine-javascript-4.4.2.tgz 0ms (cache hit)
478 http cache @rollup/rollup-win32-x64-msvc@https://registry.npmjs.org/@rollup/rollup-win32-x64-msvc/-/rollup-win32-x64-msvc-4.62.4.tgz 0ms (cache hit)
479 http cache @shikijs/core@https://registry.npmjs.org/@shikijs/core/-/core-4.4.2.tgz 0ms (cache hit)
480 http cache @rollup/rollup-win32-x64-gnu@https://registry.npmjs.org/@rollup/rollup-win32-x64-gnu/-/rollup-win32-x64-gnu-4.62.4.tgz 0ms (cache hit)
481 http cache @rollup/pluginutils@https://registry.npmjs.org/@rollup/pluginutils/-/pluginutils-5.4.0.tgz 0ms (cache hit)
482 http cache @rolldown/pluginutils@https://registry.npmjs.org/@rolldown/pluginutils/-/pluginutils-1.0.0-rc.3.tgz 0ms (cache hit)
483 http cache @radix-ui/rect@https://registry.npmjs.org/@radix-ui/rect/-/rect-1.1.3.tgz 0ms (cache hit)
484 http cache @radix-ui/react-use-size@https://registry.npmjs.org/@radix-ui/react-use-size/-/react-use-size-1.1.4.tgz 0ms (cache hit)
485 http cache @tailwindcss/oxide-win32-x64-msvc@https://registry.npmjs.org/@tailwindcss/oxide-win32-x64-msvc/-/oxide-win32-x64-msvc-4.2.1.tgz 0ms (cache hit)
486 http cache @radix-ui/react-use-rect@https://registry.npmjs.org/@radix-ui/react-use-rect/-/react-use-rect-1.1.4.tgz 0ms (cache hit)
487 http cache @radix-ui/react-use-previous@https://registry.npmjs.org/@radix-ui/react-use-previous/-/react-use-previous-1.1.4.tgz 0ms (cache hit)
488 http cache @radix-ui/react-use-layout-effect@https://registry.npmjs.org/@radix-ui/react-use-layout-effect/-/react-use-layout-effect-1.1.4.tgz 0ms (cache hit)
489 http cache @radix-ui/react-use-escape-keydown@https://registry.npmjs.org/@radix-ui/react-use-escape-keydown/-/react-use-escape-keydown-1.1.5.tgz 0ms (cache hit)
490 http cache @radix-ui/react-use-callback-ref@https://registry.npmjs.org/@radix-ui/react-use-callback-ref/-/react-use-callback-ref-1.1.4.tgz 0ms (cache hit)
491 http cache @radix-ui/react-use-effect-event@https://registry.npmjs.org/@radix-ui/react-use-effect-event/-/react-use-effect-event-0.0.5.tgz 0ms (cache hit)
492 http cache @radix-ui/react-use-controllable-state@https://registry.npmjs.org/@radix-ui/react-use-controllable-state/-/react-use-controllable-state-1.2.6.tgz 0ms (cache hit)
493 http cache @radix-ui/react-toolbar@https://registry.npmjs.org/@radix-ui/react-toolbar/-/react-toolbar-1.1.19.tgz 0ms (cache hit)
494 http cache @radix-ui/react-tooltip@https://registry.npmjs.org/@radix-ui/react-tooltip/-/react-tooltip-1.2.16.tgz 0ms (cache hit)
495 http cache @radix-ui/react-visually-hidden@https://registry.npmjs.org/@radix-ui/react-visually-hidden/-/react-visually-hidden-1.2.11.tgz 0ms (cache hit)
496 http cache @radix-ui/react-toggle-group@https://registry.npmjs.org/@radix-ui/react-toggle-group/-/react-toggle-group-1.1.19.tgz 0ms (cache hit)
497 http cache @radix-ui/react-toggle@https://registry.npmjs.org/@radix-ui/react-toggle/-/react-toggle-1.1.18.tgz 0ms (cache hit)
498 http cache @radix-ui/react-switch@https://registry.npmjs.org/@radix-ui/react-switch/-/react-switch-1.3.7.tgz 0ms (cache hit)
499 http cache @radix-ui/react-slot@https://registry.npmjs.org/@radix-ui/react-slot/-/react-slot-1.3.3.tgz 0ms (cache hit)
500 http cache @radix-ui/react-toast@https://registry.npmjs.org/@radix-ui/react-toast/-/react-toast-1.2.23.tgz 0ms (cache hit)
501 http cache @radix-ui/react-slider@https://registry.npmjs.org/@radix-ui/react-slider/-/react-slider-1.4.7.tgz 0ms (cache hit)
502 http cache @radix-ui/react-tabs@https://registry.npmjs.org/@radix-ui/react-tabs/-/react-tabs-1.1.21.tgz 0ms (cache hit)
503 http cache @radix-ui/react-separator@https://registry.npmjs.org/@radix-ui/react-separator/-/react-separator-1.1.15.tgz 0ms (cache hit)
504 http cache @radix-ui/react-use-is-hydrated@https://registry.npmjs.org/@radix-ui/react-use-is-hydrated/-/react-use-is-hydrated-0.1.3.tgz 0ms (cache hit)
505 http cache @radix-ui/react-select@https://registry.npmjs.org/@radix-ui/react-select/-/react-select-2.3.7.tgz 0ms (cache hit)
506 http cache @radix-ui/react-scroll-area@https://registry.npmjs.org/@radix-ui/react-scroll-area/-/react-scroll-area-1.2.18.tgz 0ms (cache hit)
507 http cache @radix-ui/react-roving-focus@https://registry.npmjs.org/@radix-ui/react-roving-focus/-/react-roving-focus-1.1.19.tgz 0ms (cache hit)
508 http cache @radix-ui/react-progress@https://registry.npmjs.org/@radix-ui/react-progress/-/react-progress-1.1.16.tgz 0ms (cache hit)
509 http cache @radix-ui/react-presence@https://registry.npmjs.org/@radix-ui/react-presence/-/react-presence-1.1.10.tgz 0ms (cache hit)
510 http cache @radix-ui/react-primitive@https://registry.npmjs.org/@radix-ui/react-primitive/-/react-primitive-2.1.10.tgz 0ms (cache hit)
511 http cache @radix-ui/react-portal@https://registry.npmjs.org/@radix-ui/react-portal/-/react-portal-1.1.17.tgz 0ms (cache hit)
512 http cache @radix-ui/react-password-toggle-field@https://registry.npmjs.org/@radix-ui/react-password-toggle-field/-/react-password-toggle-field-0.1.11.tgz 0ms (cache hit)
513 http cache @radix-ui/react-one-time-password-field@https://registry.npmjs.org/@radix-ui/react-one-time-password-field/-/react-one-time-password-field-0.1.16.tgz 0ms (cache hit)
514 http cache @radix-ui/react-popover@https://registry.npmjs.org/@radix-ui/react-popover/-/react-popover-1.1.23.tgz 0ms (cache hit)
515 http cache @radix-ui/react-menubar@https://registry.npmjs.org/@radix-ui/react-menubar/-/react-menubar-1.1.24.tgz 0ms (cache hit)
516 http cache @radix-ui/react-popper@https://registry.npmjs.org/@radix-ui/react-popper/-/react-popper-1.3.7.tgz 0ms (cache hit)
517 http cache @radix-ui/react-menu@https://registry.npmjs.org/@radix-ui/react-menu/-/react-menu-2.1.24.tgz 0ms (cache hit)
518 http cache @radix-ui/react-label@https://registry.npmjs.org/@radix-ui/react-label/-/react-label-2.1.15.tgz 0ms (cache hit)
519 http cache @radix-ui/react-navigation-menu@https://registry.npmjs.org/@radix-ui/react-navigation-menu/-/react-navigation-menu-1.2.22.tgz 0ms (cache hit)
520 http cache @radix-ui/react-focus-scope@https://registry.npmjs.org/@radix-ui/react-focus-scope/-/react-focus-scope-1.1.16.tgz 0ms (cache hit)
521 http cache @radix-ui/react-radio-group@https://registry.npmjs.org/@radix-ui/react-radio-group/-/react-radio-group-1.4.7.tgz 0ms (cache hit)
522 http cache @radix-ui/react-form@https://registry.npmjs.org/@radix-ui/react-form/-/react-form-0.1.16.tgz 0ms (cache hit)
523 http cache @radix-ui/react-hover-card@https://registry.npmjs.org/@radix-ui/react-hover-card/-/react-hover-card-1.1.23.tgz 0ms (cache hit)
524 http cache @radix-ui/react-id@https://registry.npmjs.org/@radix-ui/react-id/-/react-id-1.1.4.tgz 0ms (cache hit)
525 http cache @radix-ui/react-dropdown-menu@https://registry.npmjs.org/@radix-ui/react-dropdown-menu/-/react-dropdown-menu-2.1.24.tgz 0ms (cache hit)
526 http cache @radix-ui/react-dismissable-layer@https://registry.npmjs.org/@radix-ui/react-dismissable-layer/-/react-dismissable-layer-1.1.19.tgz 0ms (cache hit)
527 http cache @radix-ui/react-direction@https://registry.npmjs.org/@radix-ui/react-direction/-/react-direction-1.1.4.tgz 0ms (cache hit)
528 http cache @radix-ui/react-dialog@https://registry.npmjs.org/@radix-ui/react-dialog/-/react-dialog-1.1.23.tgz 0ms (cache hit)
529 http cache @radix-ui/react-compose-refs@https://registry.npmjs.org/@radix-ui/react-compose-refs/-/react-compose-refs-1.1.5.tgz 0ms (cache hit)
530 http cache @radix-ui/react-context-menu@https://registry.npmjs.org/@radix-ui/react-context-menu/-/react-context-menu-2.3.7.tgz 0ms (cache hit)
531 http cache @radix-ui/react-context@https://registry.npmjs.org/@radix-ui/react-context/-/react-context-1.2.2.tgz 0ms (cache hit)
532 http cache @radix-ui/react-avatar@https://registry.npmjs.org/@radix-ui/react-avatar/-/react-avatar-1.2.6.tgz 0ms (cache hit)
533 http cache @radix-ui/react-collection@https://registry.npmjs.org/@radix-ui/react-collection/-/react-collection-1.1.15.tgz 0ms (cache hit)
534 http cache @radix-ui/react-aspect-ratio@https://registry.npmjs.org/@radix-ui/react-aspect-ratio/-/react-aspect-ratio-1.1.15.tgz 0ms (cache hit)
535 http cache @radix-ui/react-focus-guards@https://registry.npmjs.org/@radix-ui/react-focus-guards/-/react-focus-guards-1.1.6.tgz 0ms (cache hit)
536 http cache @radix-ui/react-checkbox@https://registry.npmjs.org/@radix-ui/react-checkbox/-/react-checkbox-1.3.11.tgz 0ms (cache hit)
537 http cache @radix-ui/react-arrow@https://registry.npmjs.org/@radix-ui/react-arrow/-/react-arrow-1.1.15.tgz 0ms (cache hit)
538 http cache @radix-ui/react-alert-dialog@https://registry.npmjs.org/@radix-ui/react-alert-dialog/-/react-alert-dialog-1.1.23.tgz 0ms (cache hit)
539 http cache @radix-ui/react-accessible-icon@https://registry.npmjs.org/@radix-ui/react-accessible-icon/-/react-accessible-icon-1.1.15.tgz 0ms (cache hit)
540 http cache @radix-ui/react-accordion@https://registry.npmjs.org/@radix-ui/react-accordion/-/react-accordion-1.2.20.tgz 0ms (cache hit)
541 http cache @radix-ui/number@https://registry.npmjs.org/@radix-ui/number/-/number-1.1.3.tgz 0ms (cache hit)
542 http cache @mdx-js/mdx@https://registry.npmjs.org/@mdx-js/mdx/-/mdx-3.1.1.tgz 0ms (cache hit)
543 http cache @jridgewell/sourcemap-codec@https://registry.npmjs.org/@jridgewell/sourcemap-codec/-/sourcemap-codec-1.5.5.tgz 0ms (cache hit)
544 http cache @jridgewell/trace-mapping@https://registry.npmjs.org/@jridgewell/trace-mapping/-/trace-mapping-0.3.31.tgz 0ms (cache hit)
545 http cache @jridgewell/gen-mapping@https://registry.npmjs.org/@jridgewell/gen-mapping/-/gen-mapping-0.3.13.tgz 0ms (cache hit)
546 http cache @jridgewell/resolve-uri@https://registry.npmjs.org/@jridgewell/resolve-uri/-/resolve-uri-3.1.2.tgz 0ms (cache hit)
547 http cache @radix-ui/primitive@https://registry.npmjs.org/@radix-ui/primitive/-/primitive-1.1.7.tgz 0ms (cache hit)
548 http cache @isaacs/fs-minipass@https://registry.npmjs.org/@isaacs/fs-minipass/-/fs-minipass-4.0.1.tgz 0ms (cache hit)
549 http cache @jridgewell/remapping@https://registry.npmjs.org/@jridgewell/remapping/-/remapping-2.3.5.tgz 0ms (cache hit)
550 http cache @img/sharp-win32-x64@https://registry.npmjs.org/@img/sharp-win32-x64/-/sharp-win32-x64-0.34.5.tgz 0ms (cache hit)
551 http cache @radix-ui/react-collapsible@https://registry.npmjs.org/@radix-ui/react-collapsible/-/react-collapsible-1.1.20.tgz 0ms (cache hit)
552 http cache @iconify/tools@https://registry.npmjs.org/@iconify/tools/-/tools-4.2.0.tgz 0ms (cache hit)
553 http cache @iconify/utils@https://registry.npmjs.org/@iconify/utils/-/utils-2.3.0.tgz 0ms (cache hit)
554 http cache @iconify-json/lucide@https://registry.npmjs.org/@iconify-json/lucide/-/lucide-1.2.122.tgz 0ms (cache hit)
555 http cache @oslojs/encoding@https://registry.npmjs.org/@oslojs/encoding/-/encoding-1.1.0.tgz 0ms (cache hit)
556 http cache @floating-ui/utils@https://registry.npmjs.org/@floating-ui/utils/-/utils-0.2.12.tgz 0ms (cache hit)
557 http cache @floating-ui/core@https://registry.npmjs.org/@floating-ui/core/-/core-1.8.0.tgz 0ms (cache hit)
558 http cache @expressive-code/plugin-line-numbers@https://registry.npmjs.org/@expressive-code/plugin-line-numbers/-/plugin-line-numbers-0.40.2.tgz 0ms (cache hit)
559 http cache @expressive-code/plugin-text-markers@https://registry.npmjs.org/@expressive-code/plugin-text-markers/-/plugin-text-markers-0.40.2.tgz 0ms (cache hit)
560 http cache @expressive-code/plugin-shiki@https://registry.npmjs.org/@expressive-code/plugin-shiki/-/plugin-shiki-0.40.2.tgz 0ms (cache hit)
561 http cache @img/colour@https://registry.npmjs.org/@img/colour/-/colour-1.1.0.tgz 0ms (cache hit)
562 http cache @floating-ui/dom@https://registry.npmjs.org/@floating-ui/dom/-/dom-1.8.0.tgz 0ms (cache hit)
563 http cache @expressive-code/plugin-frames@https://registry.npmjs.org/@expressive-code/plugin-frames/-/plugin-frames-0.40.2.tgz 0ms (cache hit)
564 http cache @iconify/types@https://registry.npmjs.org/@iconify/types/-/types-2.0.0.tgz 0ms (cache hit)
565 http cache @floating-ui/react-dom@https://registry.npmjs.org/@floating-ui/react-dom/-/react-dom-2.1.9.tgz 0ms (cache hit)
566 http cache @esbuild/win32-x64@https://registry.npmjs.org/@esbuild/win32-x64/-/win32-x64-0.27.7.tgz 0ms (cache hit)
567 http cache @emmetio/stream-reader@https://registry.npmjs.org/@emmetio/stream-reader/-/stream-reader-2.2.0.tgz 0ms (cache hit)
568 http cache @emmetio/html-matcher@https://registry.npmjs.org/@emmetio/html-matcher/-/html-matcher-1.3.0.tgz 0ms (cache hit)
569 http cache @expressive-code/core@https://registry.npmjs.org/@expressive-code/core/-/core-0.40.2.tgz 0ms (cache hit)
570 http cache @emmetio/css-parser@https://registry.npmjs.org/@emmetio/css-parser/-/css-parser-0.4.1.tgz 0ms (cache hit)
571 http cache @expressive-code/plugin-collapsible-sections@https://registry.npmjs.org/@expressive-code/plugin-collapsible-sections/-/plugin-collapsible-sections-0.40.2.tgz 0ms (cache hit)
572 http cache @emmetio/scanner@https://registry.npmjs.org/@emmetio/scanner/-/scanner-1.0.4.tgz 0ms (cache hit)
573 http cache @emmetio/css-abbreviation@https://registry.npmjs.org/@emmetio/css-abbreviation/-/css-abbreviation-2.1.8.tgz 0ms (cache hit)
574 http cache @emmetio/abbreviation@https://registry.npmjs.org/@emmetio/abbreviation/-/abbreviation-2.3.3.tgz 0ms (cache hit)
575 http cache @emmetio/stream-reader-utils@https://registry.npmjs.org/@emmetio/stream-reader-utils/-/stream-reader-utils-0.1.0.tgz 0ms (cache hit)
576 http cache @clack/core@https://registry.npmjs.org/@clack/core/-/core-1.4.3.tgz 0ms (cache hit)
577 http cache @capsizecss/unpack@https://registry.npmjs.org/@capsizecss/unpack/-/unpack-4.0.1.tgz 0ms (cache hit)
578 http cache @clack/prompts@https://registry.npmjs.org/@clack/prompts/-/prompts-1.7.0.tgz 0ms (cache hit)
579 verbose audit error FetchError: request to https://registry.npmjs.org/-/npm/v1/security/advisories/bulk failed, reason: 
579 verbose audit error     at ClientRequest.<anonymous> (D:\NodeJS\node_modules\npm\node_modules\minipass-fetch\lib\index.js:130:14)
579 verbose audit error     at ClientRequest.emit (node:events:509:20)
579 verbose audit error     at emitErrorEvent (node:_http_client:111:11)
579 verbose audit error     at _destroy (node:_http_client:1006:9)
579 verbose audit error     at onSocketNT (node:_http_client:1027:5)
579 verbose audit error     at process.processTicksAndRejections (node:internal/process/task_queues:91:21) {
579 verbose audit error   code: 'EACCES',
579 verbose audit error   errno: 'EACCES',
579 verbose audit error   type: 'system'
579 verbose audit error }
580 silly audit error undefined
581 silly audit report null
582 http cache @ctrl/tinycolor@https://registry.npmjs.org/@ctrl/tinycolor/-/tinycolor-4.2.0.tgz 0ms (cache hit)
583 http cache @babel/types@https://registry.npmjs.org/@babel/types/-/types-7.29.8.tgz 0ms (cache hit)
584 http cache @babel/parser@https://registry.npmjs.org/@babel/parser/-/parser-7.29.8.tgz 0ms (cache hit)
585 http cache @babel/plugin-transform-react-jsx-source@https://registry.npmjs.org/@babel/plugin-transform-react-jsx-source/-/plugin-transform-react-jsx-source-7.29.7.tgz 0ms (cache hit)
586 http cache @babel/helper-validator-option@https://registry.npmjs.org/@babel/helper-validator-option/-/helper-validator-option-7.29.7.tgz 0ms (cache hit)
587 http cache @babel/helper-validator-identifier@https://registry.npmjs.org/@babel/helper-validator-identifier/-/helper-validator-identifier-7.29.7.tgz 0ms (cache hit)
588 http cache @babel/template@https://registry.npmjs.org/@babel/template/-/template-7.29.7.tgz 0ms (cache hit)
589 http cache @babel/plugin-transform-react-jsx-self@https://registry.npmjs.org/@babel/plugin-transform-react-jsx-self/-/plugin-transform-react-jsx-self-7.29.7.tgz 0ms (cache hit)
590 http cache @babel/helper-module-imports@https://registry.npmjs.org/@babel/helper-module-imports/-/helper-module-imports-7.29.7.tgz 0ms (cache hit)
591 http cache @babel/helper-string-parser@https://registry.npmjs.org/@babel/helper-string-parser/-/helper-string-parser-7.29.7.tgz 0ms (cache hit)
592 http cache @babel/helper-plugin-utils@https://registry.npmjs.org/@babel/helper-plugin-utils/-/helper-plugin-utils-7.29.7.tgz 0ms (cache hit)
593 http cache @babel/helper-globals@https://registry.npmjs.org/@babel/helper-globals/-/helper-globals-7.29.7.tgz 0ms (cache hit)
594 http cache @babel/generator@https://registry.npmjs.org/@babel/generator/-/generator-7.29.8.tgz 0ms (cache hit)
595 http cache @babel/helper-module-transforms@https://registry.npmjs.org/@babel/helper-module-transforms/-/helper-module-transforms-7.29.7.tgz 0ms (cache hit)
596 http cache @babel/core@https://registry.npmjs.org/@babel/core/-/core-7.29.7.tgz 0ms (cache hit)
597 http cache @babel/helper-compilation-targets@https://registry.npmjs.org/@babel/helper-compilation-targets/-/helper-compilation-targets-7.29.7.tgz 0ms (cache hit)
598 http cache @babel/code-frame@https://registry.npmjs.org/@babel/code-frame/-/code-frame-7.29.7.tgz 0ms (cache hit)
599 http cache @astrojs/telemetry@https://registry.npmjs.org/@astrojs/telemetry/-/telemetry-3.3.0.tgz 0ms (cache hit)
600 http cache @astrojs/yaml2ts@https://registry.npmjs.org/@astrojs/yaml2ts/-/yaml2ts-0.2.4.tgz 0ms (cache hit)
601 http cache @astrojs/sitemap@https://registry.npmjs.org/@astrojs/sitemap/-/sitemap-3.7.1.tgz 0ms (cache hit)
602 http cache @astrojs/prism@https://registry.npmjs.org/@astrojs/prism/-/prism-4.0.0.tgz 0ms (cache hit)
603 http cache @astrojs/react@https://registry.npmjs.org/@astrojs/react/-/react-5.0.0.tgz 0ms (cache hit)
604 http cache @astrojs/rss@https://registry.npmjs.org/@astrojs/rss/-/rss-4.0.17.tgz 0ms (cache hit)
605 http cache @astrojs/mdx@https://registry.npmjs.org/@astrojs/mdx/-/mdx-5.0.0.tgz 0ms (cache hit)
606 http cache @babel/traverse@https://registry.npmjs.org/@babel/traverse/-/traverse-7.29.8.tgz 0ms (cache hit)
607 http cache @astrojs/markdown-remark@https://registry.npmjs.org/@astrojs/markdown-remark/-/markdown-remark-7.0.0.tgz 0ms (cache hit)
608 http cache @astrojs/language-server@https://registry.npmjs.org/@astrojs/language-server/-/language-server-2.16.13.tgz 0ms (cache hit)
609 http cache @antfu/utils@https://registry.npmjs.org/@antfu/utils/-/utils-8.1.1.tgz 0ms (cache hit)
610 http cache yaml@https://registry.npmjs.org/yaml/-/yaml-2.8.3.tgz 0ms (cache hit)
611 http cache request-light@https://registry.npmjs.org/request-light/-/request-light-0.5.8.tgz 0ms (cache hit)
612 http cache @astrojs/check@https://registry.npmjs.org/@astrojs/check/-/check-0.9.7.tgz 0ms (cache hit)
613 http cache @astrojs/internal-helpers@https://registry.npmjs.org/@astrojs/internal-helpers/-/internal-helpers-0.8.0.tgz 0ms (cache hit)
614 http cache @babel/compat-data@https://registry.npmjs.org/@babel/compat-data/-/compat-data-7.29.7.tgz 0ms (cache hit)
615 http cache vscode-languageserver-protocol@https://registry.npmjs.org/vscode-languageserver-protocol/-/vscode-languageserver-protocol-3.17.5.tgz 0ms (cache hit)
616 http cache vscode-languageserver-types@https://registry.npmjs.org/vscode-languageserver-types/-/vscode-languageserver-types-3.17.5.tgz 0ms (cache hit)
617 http cache @astrojs/compiler@https://registry.npmjs.org/@astrojs/compiler/-/compiler-2.13.1.tgz 0ms (cache hit)
618 http cache jsonc-parser@https://registry.npmjs.org/jsonc-parser/-/jsonc-parser-3.3.1.tgz 0ms (cache hit)
619 http cache vscode-languageserver-types@https://registry.npmjs.org/vscode-languageserver-types/-/vscode-languageserver-types-3.17.5.tgz 0ms (cache hit)
620 http cache yallist@https://registry.npmjs.org/yallist/-/yallist-5.0.0.tgz 0ms (cache hit)
621 http cache semver@https://registry.npmjs.org/semver/-/semver-7.8.5.tgz 0ms (cache hit)
622 http cache semver@https://registry.npmjs.org/semver/-/semver-7.8.5.tgz 0ms (cache hit)
623 http cache undici-types@https://registry.npmjs.org/undici-types/-/undici-types-7.18.2.tgz 0ms (cache hit)
624 http cache commander@https://registry.npmjs.org/commander/-/commander-11.1.0.tgz 0ms (cache hit)
625 http cache yargs-parser@https://registry.npmjs.org/yargs-parser/-/yargs-parser-21.1.1.tgz 0ms (cache hit)
626 http cache semver@https://registry.npmjs.org/semver/-/semver-7.8.5.tgz 0ms (cache hit)
627 http cache typescript@https://registry.npmjs.org/typescript/-/typescript-6.0.3.tgz 0ms (cache hit)
628 http cache @astrojs/compiler@https://registry.npmjs.org/@astrojs/compiler/-/compiler-3.0.1.tgz 0ms (cache hit)
629 http cache @babel/helpers@https://registry.npmjs.org/@babel/helpers/-/helpers-7.29.7.tgz 0ms (cache hit)
630 http cache confbox@https://registry.npmjs.org/confbox/-/confbox-0.1.8.tgz 0ms (cache hit)
631 http cache @types/unist@https://registry.npmjs.org/@types/unist/-/unist-2.0.11.tgz 0ms (cache hit)
632 http cache pkg-types@https://registry.npmjs.org/pkg-types/-/pkg-types-1.3.1.tgz 0ms (cache hit)
633 http cache vscode-jsonrpc@https://registry.npmjs.org/vscode-jsonrpc/-/vscode-jsonrpc-8.2.0.tgz 0ms (cache hit)
634 http cache mdn-data@https://registry.npmjs.org/mdn-data/-/mdn-data-2.0.28.tgz 0ms (cache hit)
635 http cache unstorage@https://registry.npmjs.org/unstorage/-/unstorage-1.17.5.tgz 0ms (cache hit)
636 http cache semver@https://registry.npmjs.org/semver/-/semver-7.8.5.tgz 0ms (cache hit)
637 http cache entities@https://registry.npmjs.org/entities/-/entities-6.0.1.tgz 0ms (cache hit)
638 http cache entities@https://registry.npmjs.org/entities/-/entities-7.0.1.tgz 0ms (cache hit)
639 http cache @antfu/install-pkg@https://registry.npmjs.org/@antfu/install-pkg/-/install-pkg-1.1.0.tgz 0ms (cache hit)
640 http cache readdirp@https://registry.npmjs.org/readdirp/-/readdirp-5.1.1.tgz 0ms (cache hit)
641 http cache @astrojs/compiler@https://registry.npmjs.org/@astrojs/compiler/-/compiler-3.0.1.tgz 0ms (cache hit)
642 http cache picomatch@https://registry.npmjs.org/picomatch/-/picomatch-2.3.2.tgz 0ms (cache hit)
643 http cache chokidar@https://registry.npmjs.org/chokidar/-/chokidar-5.0.0.tgz 0ms (cache hit)
644 http cache lru-cache@https://registry.npmjs.org/lru-cache/-/lru-cache-11.5.2.tgz 0ms (cache hit)
645 http cache css-tree@https://registry.npmjs.org/css-tree/-/css-tree-2.2.1.tgz 0ms (cache hit)
646 http cache lightningcss-win32-x64-msvc@https://registry.npmjs.org/lightningcss-win32-x64-msvc/-/lightningcss-win32-x64-msvc-1.31.1.tgz 0ms (cache hit)
647 http cache @shikijs/themes@https://registry.npmjs.org/@shikijs/themes/-/themes-3.23.0.tgz 0ms (cache hit)
648 http cache shiki@https://registry.npmjs.org/shiki/-/shiki-3.23.0.tgz 0ms (cache hit)
649 http cache @shikijs/types@https://registry.npmjs.org/@shikijs/types/-/types-4.4.2.tgz 0ms (cache hit)
650 http cache @shikijs/langs@https://registry.npmjs.org/@shikijs/langs/-/langs-3.23.0.tgz 0ms (cache hit)
651 http cache lightningcss@https://registry.npmjs.org/lightningcss/-/lightningcss-1.31.1.tgz 0ms (cache hit)
652 http cache @types/node@https://registry.npmjs.org/@types/node/-/node-24.13.3.tgz 0ms (cache hit)
653 http cache @shikijs/types@https://registry.npmjs.org/@shikijs/types/-/types-4.4.2.tgz 0ms (cache hit)
654 http cache @shikijs/engine-oniguruma@https://registry.npmjs.org/@shikijs/engine-oniguruma/-/engine-oniguruma-3.23.0.tgz 0ms (cache hit)
655 http cache @shikijs/types@https://registry.npmjs.org/@shikijs/types/-/types-4.4.2.tgz 0ms (cache hit)
656 http cache @shikijs/types@https://registry.npmjs.org/@shikijs/types/-/types-4.4.2.tgz 0ms (cache hit)
657 http cache estree-walker@https://registry.npmjs.org/estree-walker/-/estree-walker-2.0.2.tgz 0ms (cache hit)
658 http cache @shikijs/engine-javascript@https://registry.npmjs.org/@shikijs/engine-javascript/-/engine-javascript-3.23.0.tgz 0ms (cache hit)
659 http cache @shikijs/core@https://registry.npmjs.org/@shikijs/core/-/core-3.23.0.tgz 0ms (cache hit)
660 http cache svgo@https://registry.npmjs.org/svgo/-/svgo-3.3.4.tgz 0ms (cache hit)
661 http cache css-tree@https://registry.npmjs.org/css-tree/-/css-tree-2.3.1.tgz 0ms (cache hit)
662 http cache mdn-data@https://registry.npmjs.org/mdn-data/-/mdn-data-2.0.30.tgz 0ms (cache hit)
663 http cache shiki@https://registry.npmjs.org/shiki/-/shiki-1.29.2.tgz 0ms (cache hit)
664 http cache @shikijs/types@https://registry.npmjs.org/@shikijs/types/-/types-4.4.2.tgz 0ms (cache hit)
665 http cache regex-recursion@https://registry.npmjs.org/regex-recursion/-/regex-recursion-5.1.1.tgz 0ms (cache hit)
666 http cache @shikijs/types@https://registry.npmjs.org/@shikijs/types/-/types-4.4.2.tgz 0ms (cache hit)
667 http cache oniguruma-to-es@https://registry.npmjs.org/oniguruma-to-es/-/oniguruma-to-es-2.3.0.tgz 0ms (cache hit)
668 http cache @shikijs/types@https://registry.npmjs.org/@shikijs/types/-/types-1.29.2.tgz 0ms (cache hit)
669 http cache commander@https://registry.npmjs.org/commander/-/commander-7.2.0.tgz 0ms (cache hit)
670 http cache @shikijs/engine-oniguruma@https://registry.npmjs.org/@shikijs/engine-oniguruma/-/engine-oniguruma-1.29.2.tgz 0ms (cache hit)
671 http cache @shikijs/langs@https://registry.npmjs.org/@shikijs/langs/-/langs-1.29.2.tgz 0ms (cache hit)
672 http cache @shikijs/engine-javascript@https://registry.npmjs.org/@shikijs/engine-javascript/-/engine-javascript-1.29.2.tgz 0ms (cache hit)
673 http cache regex@https://registry.npmjs.org/regex/-/regex-5.1.1.tgz 0ms (cache hit)
674 http cache @shikijs/types@https://registry.npmjs.org/@shikijs/types/-/types-4.4.2.tgz 0ms (cache hit)
675 http cache @shikijs/themes@https://registry.npmjs.org/@shikijs/themes/-/themes-1.29.2.tgz 0ms (cache hit)
676 silly tarball no local data for yargs-parser@https://registry.npmjs.org/yargs-parser/-/yargs-parser-22.0.0.tgz. Extracting by manifest.
677 http cache @shikijs/core@https://registry.npmjs.org/@shikijs/core/-/core-1.29.2.tgz 0ms (cache hit)
678 silly tarball no local data for yauzl@https://registry.npmjs.org/yauzl/-/yauzl-2.10.0.tgz. Extracting by manifest.
679 silly tarball no local data for yargs@https://registry.npmjs.org/yargs/-/yargs-17.7.3.tgz. Extracting by manifest.
680 silly tarball no local data for yocto-queue@https://registry.npmjs.org/yocto-queue/-/yocto-queue-1.2.2.tgz. Extracting by manifest.
681 silly tarball no local data for yallist@https://registry.npmjs.org/yallist/-/yallist-3.1.1.tgz. Extracting by manifest.
682 silly tarball no local data for xxhash-wasm@https://registry.npmjs.org/xxhash-wasm/-/xxhash-wasm-1.1.0.tgz. Extracting by manifest.
683 silly tarball no local data for zod@https://registry.npmjs.org/zod/-/zod-4.4.3.tgz. Extracting by manifest.
684 silly tarball no local data for xml-naming@https://registry.npmjs.org/xml-naming/-/xml-naming-0.3.0.tgz. Extracting by manifest.
685 silly tarball no local data for zwitch@https://registry.npmjs.org/zwitch/-/zwitch-2.0.4.tgz. Extracting by manifest.
686 silly tarball no local data for y18n@https://registry.npmjs.org/y18n/-/y18n-5.0.8.tgz. Extracting by manifest.
687 silly tarball no local data for yaml-language-server@https://registry.npmjs.org/yaml-language-server/-/yaml-language-server-1.23.0.tgz. Extracting by manifest.
688 silly tarball no local data for which-pm-runs@https://registry.npmjs.org/which-pm-runs/-/which-pm-runs-1.1.0.tgz. Extracting by manifest.
689 silly tarball no local data for whatwg-encoding@https://registry.npmjs.org/whatwg-encoding/-/whatwg-encoding-3.1.1.tgz. Extracting by manifest.
690 silly tarball no local data for yaml@https://registry.npmjs.org/yaml/-/yaml-2.9.0.tgz. Extracting by manifest.
691 silly tarball no local data for vscode-uri@https://registry.npmjs.org/vscode-uri/-/vscode-uri-3.1.0.tgz. Extracting by manifest.
692 silly tarball no local data for vscode-nls@https://registry.npmjs.org/vscode-nls/-/vscode-nls-5.2.0.tgz. Extracting by manifest.
693 silly tarball no local data for vscode-languageserver-types@https://registry.npmjs.org/vscode-languageserver-types/-/vscode-languageserver-types-3.18.0.tgz. Extracting by manifest.
694 silly tarball no local data for vscode-languageserver-textdocument@https://registry.npmjs.org/vscode-languageserver-textdocument/-/vscode-languageserver-textdocument-1.0.12.tgz. Extracting by manifest.
695 silly tarball no local data for wrap-ansi@https://registry.npmjs.org/wrap-ansi/-/wrap-ansi-7.0.0.tgz. Extracting by manifest.
696 silly tarball no local data for vscode-jsonrpc@https://registry.npmjs.org/vscode-jsonrpc/-/vscode-jsonrpc-9.0.1.tgz. Extracting by manifest.
697 silly tarball no local data for web-namespaces@https://registry.npmjs.org/web-namespaces/-/web-namespaces-2.0.1.tgz. Extracting by manifest.
698 silly tarball no local data for whatwg-mimetype@https://registry.npmjs.org/whatwg-mimetype/-/whatwg-mimetype-4.0.0.tgz. Extracting by manifest.
699 silly tarball no local data for vscode-html-languageservice@https://registry.npmjs.org/vscode-html-languageservice/-/vscode-html-languageservice-5.6.2.tgz. Extracting by manifest.
700 silly tarball no local data for wrappy@https://registry.npmjs.org/wrappy/-/wrappy-1.0.2.tgz. Extracting by manifest.
701 silly tarball no local data for volar-service-yaml@https://registry.npmjs.org/volar-service-yaml/-/volar-service-yaml-0.0.71.tgz. Extracting by manifest.
702 silly tarball no local data for vscode-languageserver-protocol@https://registry.npmjs.org/vscode-languageserver-protocol/-/vscode-languageserver-protocol-3.18.2.tgz. Extracting by manifest.
703 silly tarball no local data for vscode-languageserver@https://registry.npmjs.org/vscode-languageserver/-/vscode-languageserver-9.0.1.tgz. Extracting by manifest.
704 silly tarball no local data for volar-service-typescript-twoslash-queries@https://registry.npmjs.org/volar-service-typescript-twoslash-queries/-/volar-service-typescript-twoslash-queries-0.0.71.tgz. Extracting by manifest.
705 silly tarball no local data for volar-service-css@https://registry.npmjs.org/volar-service-css/-/volar-service-css-0.0.71.tgz. Extracting by manifest.
706 silly tarball no local data for volar-service-emmet@https://registry.npmjs.org/volar-service-emmet/-/volar-service-emmet-0.0.71.tgz. Extracting by manifest.
707 silly tarball no local data for vfile-message@https://registry.npmjs.org/vfile-message/-/vfile-message-4.0.3.tgz. Extracting by manifest.
708 silly tarball no local data for vscode-json-languageservice@https://registry.npmjs.org/vscode-json-languageservice/-/vscode-json-languageservice-4.1.8.tgz. Extracting by manifest.
709 silly tarball no local data for volar-service-html@https://registry.npmjs.org/volar-service-html/-/volar-service-html-0.0.71.tgz. Extracting by manifest.
710 silly tarball no local data for vite@https://registry.npmjs.org/vite/-/vite-7.3.6.tgz. Extracting by manifest.
711 silly tarball no local data for vitefu@https://registry.npmjs.org/vitefu/-/vitefu-1.1.3.tgz. Extracting by manifest.
712 silly tarball no local data for use-sidecar@https://registry.npmjs.org/use-sidecar/-/use-sidecar-1.1.3.tgz. Extracting by manifest.
713 silly tarball no local data for vfile-location@https://registry.npmjs.org/vfile-location/-/vfile-location-5.0.3.tgz. Extracting by manifest.
714 silly tarball no local data for vscode-css-languageservice@https://registry.npmjs.org/vscode-css-languageservice/-/vscode-css-languageservice-6.3.10.tgz. Extracting by manifest.
715 silly tarball no local data for vfile@https://registry.npmjs.org/vfile/-/vfile-6.0.3.tgz. Extracting by manifest.
716 silly tarball no local data for util-deprecate@https://registry.npmjs.org/util-deprecate/-/util-deprecate-1.0.2.tgz. Extracting by manifest.
717 silly tarball no local data for volar-service-typescript@https://registry.npmjs.org/volar-service-typescript/-/volar-service-typescript-0.0.71.tgz. Extracting by manifest.
718 silly tarball no local data for use-callback-ref@https://registry.npmjs.org/use-callback-ref/-/use-callback-ref-1.3.3.tgz. Extracting by manifest.
719 silly tarball no local data for unist-util-visit-children@https://registry.npmjs.org/unist-util-visit-children/-/unist-util-visit-children-3.0.0.tgz. Extracting by manifest.
720 silly tarball no local data for unist-util-visit-parents@https://registry.npmjs.org/unist-util-visit-parents/-/unist-util-visit-parents-6.0.2.tgz. Extracting by manifest.
721 silly tarball no local data for update-browserslist-db@https://registry.npmjs.org/update-browserslist-db/-/update-browserslist-db-1.3.0.tgz. Extracting by manifest.
722 silly tarball no local data for unist-util-remove-position@https://registry.npmjs.org/unist-util-remove-position/-/unist-util-remove-position-5.0.0.tgz. Extracting by manifest.
723 silly tarball no local data for unist-util-stringify-position@https://registry.npmjs.org/unist-util-stringify-position/-/unist-util-stringify-position-4.0.0.tgz. Extracting by manifest.
724 silly tarball no local data for unist-util-position@https://registry.npmjs.org/unist-util-position/-/unist-util-position-5.0.0.tgz. Extracting by manifest.
725 silly tarball no local data for unist-util-visit@https://registry.npmjs.org/unist-util-visit/-/unist-util-visit-5.1.0.tgz. Extracting by manifest.
726 silly tarball no local data for unist-util-position-from-estree@https://registry.npmjs.org/unist-util-position-from-estree/-/unist-util-position-from-estree-2.0.0.tgz. Extracting by manifest.
727 silly tarball no local data for unified@https://registry.npmjs.org/unified/-/unified-11.0.5.tgz. Extracting by manifest.
728 silly tarball no local data for undici-types@https://registry.npmjs.org/undici-types/-/undici-types-8.3.0.tgz. Extracting by manifest.
729 silly tarball no local data for unist-util-find-after@https://registry.npmjs.org/unist-util-find-after/-/unist-util-find-after-5.0.0.tgz. Extracting by manifest.
730 silly tarball no local data for uncrypto@https://registry.npmjs.org/uncrypto/-/uncrypto-0.1.3.tgz. Extracting by manifest.
731 silly tarball no local data for unifont@https://registry.npmjs.org/unifont/-/unifont-0.7.4.tgz. Extracting by manifest.
732 silly tarball no local data for undici@https://registry.npmjs.org/undici/-/undici-7.29.0.tgz. Extracting by manifest.
733 silly tarball no local data for ultrahtml@https://registry.npmjs.org/ultrahtml/-/ultrahtml-1.7.0.tgz. Extracting by manifest.
734 silly tarball no local data for ufo@https://registry.npmjs.org/ufo/-/ufo-1.6.4.tgz. Extracting by manifest.
735 silly tarball no local data for unist-util-is@https://registry.npmjs.org/unist-util-is/-/unist-util-is-6.0.1.tgz. Extracting by manifest.
736 silly tarball no local data for unicode-emoji-modifier-base@https://registry.npmjs.org/unicode-emoji-modifier-base/-/unicode-emoji-modifier-base-1.0.0.tgz. Extracting by manifest.
737 silly tarball no local data for typescript@https://registry.npmjs.org/typescript/-/typescript-5.9.3.tgz. Extracting by manifest.
738 silly tarball no local data for typesafe-path@https://registry.npmjs.org/typesafe-path/-/typesafe-path-0.2.2.tgz. Extracting by manifest.
739 silly tarball no local data for tslib@https://registry.npmjs.org/tslib/-/tslib-2.8.1.tgz. Extracting by manifest.
740 silly tarball no local data for tsconfck@https://registry.npmjs.org/tsconfck/-/tsconfck-3.1.6.tgz. Extracting by manifest.
741 silly tarball no local data for volar-service-prettier@https://registry.npmjs.org/volar-service-prettier/-/volar-service-prettier-0.0.71.tgz. Extracting by manifest.
742 silly tarball no local data for trough@https://registry.npmjs.org/trough/-/trough-2.2.0.tgz. Extracting by manifest.
743 silly tarball no local data for typescript-auto-import-cache@https://registry.npmjs.org/typescript-auto-import-cache/-/typescript-auto-import-cache-0.3.6.tgz. Extracting by manifest.
744 silly tarball no local data for unist-util-modify-children@https://registry.npmjs.org/unist-util-modify-children/-/unist-util-modify-children-4.0.0.tgz. Extracting by manifest.
745 silly tarball no local data for tinyglobby@https://registry.npmjs.org/tinyglobby/-/tinyglobby-0.2.17.tgz. Extracting by manifest.
746 silly tarball no local data for tinyexec@https://registry.npmjs.org/tinyexec/-/tinyexec-1.3.0.tgz. Extracting by manifest.
747 silly tarball no local data for tinyclip@https://registry.npmjs.org/tinyclip/-/tinyclip-0.1.15.tgz. Extracting by manifest.
748 silly tarball no local data for tiny-inflate@https://registry.npmjs.org/tiny-inflate/-/tiny-inflate-1.0.3.tgz. Extracting by manifest.
749 silly tarball no local data for tar@https://registry.npmjs.org/tar/-/tar-7.5.22.tgz. Extracting by manifest.
750 silly tarball no local data for tailwind-merge@https://registry.npmjs.org/tailwind-merge/-/tailwind-merge-3.6.0.tgz. Extracting by manifest.
751 silly tarball no local data for svgo@https://registry.npmjs.org/svgo/-/svgo-4.0.2.tgz. Extracting by manifest.
752 silly tarball no local data for suf-log@https://registry.npmjs.org/suf-log/-/suf-log-2.5.3.tgz. Extracting by manifest.
753 silly tarball no local data for tailwindcss@https://registry.npmjs.org/tailwindcss/-/tailwindcss-4.2.1.tgz. Extracting by manifest.
754 silly tarball no local data for tapable@https://registry.npmjs.org/tapable/-/tapable-2.3.3.tgz. Extracting by manifest.
755 silly tarball no local data for style-to-object@https://registry.npmjs.org/style-to-object/-/style-to-object-1.0.14.tgz. Extracting by manifest.
756 silly tarball no local data for style-to-js@https://registry.npmjs.org/style-to-js/-/style-to-js-1.1.21.tgz. Extracting by manifest.
757 silly tarball no local data for strip-ansi@https://registry.npmjs.org/strip-ansi/-/strip-ansi-6.0.1.tgz. Extracting by manifest.
758 silly tarball no local data for stringify-entities@https://registry.npmjs.org/stringify-entities/-/stringify-entities-4.0.4.tgz. Extracting by manifest.
759 silly tarball no local data for stream-replace-string@https://registry.npmjs.org/stream-replace-string/-/stream-replace-string-2.0.0.tgz. Extracting by manifest.
760 silly tarball no local data for strnum@https://registry.npmjs.org/strnum/-/strnum-2.4.1.tgz. Extracting by manifest.
761 silly tarball no local data for trim-lines@https://registry.npmjs.org/trim-lines/-/trim-lines-3.0.1.tgz. Extracting by manifest.
762 silly tarball no local data for string-width@https://registry.npmjs.org/string-width/-/string-width-4.2.3.tgz. Extracting by manifest.
763 silly tarball no local data for space-separated-tokens@https://registry.npmjs.org/space-separated-tokens/-/space-separated-tokens-2.0.2.tgz. Extracting by manifest.
764 silly tarball no local data for source-map@https://registry.npmjs.org/source-map/-/source-map-0.7.6.tgz. Extracting by manifest.
765 silly tarball no local data for source-map-js@https://registry.npmjs.org/source-map-js/-/source-map-js-1.2.1.tgz. Extracting by manifest.
766 silly tarball no local data for sitemap@https://registry.npmjs.org/sitemap/-/sitemap-9.0.1.tgz. Extracting by manifest.
767 silly tarball no local data for sisteransi@https://registry.npmjs.org/sisteransi/-/sisteransi-1.0.5.tgz. Extracting by manifest.
768 silly tarball no local data for sharp@https://registry.npmjs.org/sharp/-/sharp-0.34.5.tgz. Extracting by manifest.
769 silly tarball no local data for semver@https://registry.npmjs.org/semver/-/semver-6.3.1.tgz. Extracting by manifest.
770 silly tarball no local data for skin-tone@https://registry.npmjs.org/skin-tone/-/skin-tone-2.0.0.tgz. Extracting by manifest.
771 silly tarball no local data for shiki@https://registry.npmjs.org/shiki/-/shiki-4.4.2.tgz. Extracting by manifest.
772 silly tarball no local data for sax@https://registry.npmjs.org/sax/-/sax-1.6.1.tgz. Extracting by manifest.
773 silly tarball no local data for smol-toml@https://registry.npmjs.org/smol-toml/-/smol-toml-1.7.1.tgz. Extracting by manifest.
774 silly tarball no local data for scheduler@https://registry.npmjs.org/scheduler/-/scheduler-0.25.0.tgz. Extracting by manifest.
775 silly tarball no local data for s.color@https://registry.npmjs.org/s.color/-/s.color-0.0.15.tgz. Extracting by manifest.
776 silly tarball no local data for safer-buffer@https://registry.npmjs.org/safer-buffer/-/safer-buffer-2.1.2.tgz. Extracting by manifest.
777 silly tarball no local data for sass-formatter@https://registry.npmjs.org/sass-formatter/-/sass-formatter-0.7.9.tgz. Extracting by manifest.
778 silly tarball no local data for retext-latin@https://registry.npmjs.org/retext-latin/-/retext-latin-4.0.0.tgz. Extracting by manifest.
779 silly tarball no local data for retext-stringify@https://registry.npmjs.org/retext-stringify/-/retext-stringify-4.0.0.tgz. Extracting by manifest.
780 silly tarball no local data for retext-smartypants@https://registry.npmjs.org/retext-smartypants/-/retext-smartypants-6.2.0.tgz. Extracting by manifest.
781 silly tarball no local data for retext@https://registry.npmjs.org/retext/-/retext-9.0.0.tgz. Extracting by manifest.
782 silly tarball no local data for require-directory@https://registry.npmjs.org/require-directory/-/require-directory-2.1.1.tgz. Extracting by manifest.
783 silly tarball no local data for remark-stringify@https://registry.npmjs.org/remark-stringify/-/remark-stringify-11.0.0.tgz. Extracting by manifest.
784 silly tarball no local data for require-from-string@https://registry.npmjs.org/require-from-string/-/require-from-string-2.0.2.tgz. Extracting by manifest.
785 silly tarball no local data for request-light@https://registry.npmjs.org/request-light/-/request-light-0.7.0.tgz. Extracting by manifest.
786 silly tarball no local data for remark-smartypants@https://registry.npmjs.org/remark-smartypants/-/remark-smartypants-3.0.3.tgz. Extracting by manifest.
787 silly tarball no local data for remark-rehype@https://registry.npmjs.org/remark-rehype/-/remark-rehype-11.1.2.tgz. Extracting by manifest.
788 silly tarball no local data for remark-gfm@https://registry.npmjs.org/remark-gfm/-/remark-gfm-4.0.1.tgz. Extracting by manifest.
789 silly tarball no local data for remark-mdx@https://registry.npmjs.org/remark-mdx/-/remark-mdx-3.1.1.tgz. Extracting by manifest.
790 silly tarball no local data for rehype-stringify@https://registry.npmjs.org/rehype-stringify/-/rehype-stringify-10.0.1.tgz. Extracting by manifest.
791 silly tarball no local data for remark-emoji@https://registry.npmjs.org/remark-emoji/-/remark-emoji-5.0.2.tgz. Extracting by manifest.
792 silly tarball no local data for rehype-raw@https://registry.npmjs.org/rehype-raw/-/rehype-raw-7.0.0.tgz. Extracting by manifest.
793 silly tarball no local data for rollup@https://registry.npmjs.org/rollup/-/rollup-4.62.4.tgz. Extracting by manifest.
794 silly tarball no local data for rehype-external-links@https://registry.npmjs.org/rehype-external-links/-/rehype-external-links-3.0.0.tgz. Extracting by manifest.
795 silly tarball no local data for rehype-recma@https://registry.npmjs.org/rehype-recma/-/rehype-recma-1.0.0.tgz. Extracting by manifest.
796 silly tarball no local data for regex-utilities@https://registry.npmjs.org/regex-utilities/-/regex-utilities-2.3.0.tgz. Extracting by manifest.
797 silly tarball no local data for rehype-parse@https://registry.npmjs.org/rehype-parse/-/rehype-parse-9.0.1.tgz. Extracting by manifest.
798 silly tarball no local data for regex-recursion@https://registry.npmjs.org/regex-recursion/-/regex-recursion-6.0.2.tgz. Extracting by manifest.
799 silly tarball no local data for rehype-katex@https://registry.npmjs.org/rehype-katex/-/rehype-katex-7.0.1.tgz. Extracting by manifest.
800 silly tarball no local data for remark-math@https://registry.npmjs.org/remark-math/-/remark-math-6.0.0.tgz. Extracting by manifest.
801 silly tarball no local data for regex@https://registry.npmjs.org/regex/-/regex-6.1.0.tgz. Extracting by manifest.
802 silly tarball no local data for rehype@https://registry.npmjs.org/rehype/-/rehype-13.0.2.tgz. Extracting by manifest.
803 silly tarball no local data for remark-parse@https://registry.npmjs.org/remark-parse/-/remark-parse-11.0.0.tgz. Extracting by manifest.
804 silly tarball no local data for recma-parse@https://registry.npmjs.org/recma-parse/-/recma-parse-1.0.0.tgz. Extracting by manifest.
805 silly tarball no local data for recma-build-jsx@https://registry.npmjs.org/recma-build-jsx/-/recma-build-jsx-1.0.0.tgz. Extracting by manifest.
806 silly tarball no local data for readdirp@https://registry.npmjs.org/readdirp/-/readdirp-4.1.2.tgz. Extracting by manifest.
807 silly tarball no local data for react-remove-scroll@https://registry.npmjs.org/react-remove-scroll/-/react-remove-scroll-2.7.2.tgz. Extracting by manifest.
808 silly tarball no local data for react-remove-scroll-bar@https://registry.npmjs.org/react-remove-scroll-bar/-/react-remove-scroll-bar-2.3.8.tgz. Extracting by manifest.
809 silly tarball no local data for react@https://registry.npmjs.org/react/-/react-19.0.0.tgz. Extracting by manifest.
810 silly tarball no local data for react-style-singleton@https://registry.npmjs.org/react-style-singleton/-/react-style-singleton-2.2.3.tgz. Extracting by manifest.
811 silly tarball no local data for react-refresh@https://registry.npmjs.org/react-refresh/-/react-refresh-0.18.0.tgz. Extracting by manifest.
812 silly tarball no local data for react-dom@https://registry.npmjs.org/react-dom/-/react-dom-19.0.0.tgz. Extracting by manifest.
813 silly tarball no local data for recma-stringify@https://registry.npmjs.org/recma-stringify/-/recma-stringify-1.0.0.tgz. Extracting by manifest.
814 silly tarball no local data for rehype-expressive-code@https://registry.npmjs.org/rehype-expressive-code/-/rehype-expressive-code-0.40.2.tgz. Extracting by manifest.
815 silly tarball no local data for recma-jsx@https://registry.npmjs.org/recma-jsx/-/recma-jsx-1.0.1.tgz. Extracting by manifest.
816 silly tarball no local data for radix3@https://registry.npmjs.org/radix3/-/radix3-1.1.2.tgz. Extracting by manifest.
817 silly tarball no local data for property-information@https://registry.npmjs.org/property-information/-/property-information-7.2.0.tgz. Extracting by manifest.
818 silly tarball no local data for prettier@https://registry.npmjs.org/prettier/-/prettier-3.9.6.tgz. Extracting by manifest.
819 silly tarball no local data for quansync@https://registry.npmjs.org/quansync/-/quansync-0.2.11.tgz. Extracting by manifest.
820 silly tarball no local data for radix-ui@https://registry.npmjs.org/radix-ui/-/radix-ui-1.6.7.tgz. Extracting by manifest.
821 silly tarball no local data for prettier-plugin-tailwindcss@https://registry.npmjs.org/prettier-plugin-tailwindcss/-/prettier-plugin-tailwindcss-0.6.14.tgz. Extracting by manifest.
822 silly tarball no local data for prismjs@https://registry.npmjs.org/prismjs/-/prismjs-1.30.0.tgz. Extracting by manifest.
823 silly tarball no local data for postcss-nested@https://registry.npmjs.org/postcss-nested/-/postcss-nested-6.2.0.tgz. Extracting by manifest.
824 silly tarball no local data for pkg-types@https://registry.npmjs.org/pkg-types/-/pkg-types-2.3.1.tgz. Extracting by manifest.
825 silly tarball no local data for postcss@https://registry.npmjs.org/postcss/-/postcss-8.5.26.tgz. Extracting by manifest.
826 silly tarball no local data for prettier-plugin-astro-organize-imports@https://registry.npmjs.org/prettier-plugin-astro-organize-imports/-/prettier-plugin-astro-organize-imports-0.4.12.tgz. Extracting by manifest.
827 silly tarball no local data for picomatch@https://registry.npmjs.org/picomatch/-/picomatch-4.0.5.tgz. Extracting by manifest.
828 silly tarball no local data for postcss-selector-parser@https://registry.npmjs.org/postcss-selector-parser/-/postcss-selector-parser-6.1.4.tgz. Extracting by manifest.
829 silly tarball no local data for picocolors@https://registry.npmjs.org/picocolors/-/picocolors-1.1.1.tgz. Extracting by manifest.
830 silly tarball no local data for path-browserify@https://registry.npmjs.org/path-browserify/-/path-browserify-1.0.1.tgz. Extracting by manifest.
831 silly tarball no local data for pend@https://registry.npmjs.org/pend/-/pend-1.2.0.tgz. Extracting by manifest.
832 silly tarball no local data for path-expression-matcher@https://registry.npmjs.org/path-expression-matcher/-/path-expression-matcher-1.6.2.tgz. Extracting by manifest.
833 silly tarball no local data for prettier-plugin-astro@https://registry.npmjs.org/prettier-plugin-astro/-/prettier-plugin-astro-0.14.1.tgz. Extracting by manifest.
834 silly tarball no local data for piccolore@https://registry.npmjs.org/piccolore/-/piccolore-0.1.3.tgz. Extracting by manifest.
835 silly tarball no local data for pathe@https://registry.npmjs.org/pathe/-/pathe-2.0.3.tgz. Extracting by manifest.
836 silly tarball no local data for pump@https://registry.npmjs.org/pump/-/pump-3.0.4.tgz. Extracting by manifest.
837 silly tarball no local data for parse-entities@https://registry.npmjs.org/parse-entities/-/parse-entities-4.0.2.tgz. Extracting by manifest.
838 silly tarball no local data for p-timeout@https://registry.npmjs.org/p-timeout/-/p-timeout-7.0.1.tgz. Extracting by manifest.
839 silly tarball no local data for p-queue@https://registry.npmjs.org/p-queue/-/p-queue-9.3.3.tgz. Extracting by manifest.
840 silly tarball no local data for parse5@https://registry.npmjs.org/parse5/-/parse5-7.3.0.tgz. Extracting by manifest.
841 silly tarball no local data for package-manager-detector@https://registry.npmjs.org/package-manager-detector/-/package-manager-detector-1.8.0.tgz. Extracting by manifest.
842 silly tarball no local data for parse5-parser-stream@https://registry.npmjs.org/parse5-parser-stream/-/parse5-parser-stream-7.1.2.tgz. Extracting by manifest.
843 silly tarball no local data for p-limit@https://registry.npmjs.org/p-limit/-/p-limit-7.3.1.tgz. Extracting by manifest.
844 silly tarball no local data for ohash@https://registry.npmjs.org/ohash/-/ohash-2.0.11.tgz. Extracting by manifest.
845 silly tarball no local data for once@https://registry.npmjs.org/once/-/once-1.4.0.tgz. Extracting by manifest.
846 silly tarball no local data for obug@https://registry.npmjs.org/obug/-/obug-2.1.4.tgz. Extracting by manifest.
847 silly tarball no local data for nth-check@https://registry.npmjs.org/nth-check/-/nth-check-2.1.1.tgz. Extracting by manifest.
848 silly tarball no local data for oniguruma-parser@https://registry.npmjs.org/oniguruma-parser/-/oniguruma-parser-0.12.2.tgz. Extracting by manifest.
849 silly tarball no local data for oniguruma-to-es@https://registry.npmjs.org/oniguruma-to-es/-/oniguruma-to-es-4.3.6.tgz. Extracting by manifest.
850 silly tarball no local data for ofetch@https://registry.npmjs.org/ofetch/-/ofetch-1.5.1.tgz. Extracting by manifest.
851 silly tarball no local data for normalize-path@https://registry.npmjs.org/normalize-path/-/normalize-path-3.0.0.tgz. Extracting by manifest.
852 silly tarball no local data for node-emoji@https://registry.npmjs.org/node-emoji/-/node-emoji-2.2.0.tgz. Extracting by manifest.
853 silly tarball no local data for nanoid@https://registry.npmjs.org/nanoid/-/nanoid-3.3.18.tgz. Extracting by manifest.
854 silly tarball no local data for neotraverse@https://registry.npmjs.org/neotraverse/-/neotraverse-0.6.18.tgz. Extracting by manifest.
855 silly tarball no local data for parse-latin@https://registry.npmjs.org/parse-latin/-/parse-latin-7.0.0.tgz. Extracting by manifest.
856 silly tarball no local data for node-releases@https://registry.npmjs.org/node-releases/-/node-releases-2.0.53.tgz. Extracting by manifest.
857 silly tarball no local data for node-mock-http@https://registry.npmjs.org/node-mock-http/-/node-mock-http-1.0.5.tgz. Extracting by manifest.
858 silly tarball no local data for node-fetch-native@https://registry.npmjs.org/node-fetch-native/-/node-fetch-native-1.6.7.tgz. Extracting by manifest.
859 silly tarball no local data for muggle-string@https://registry.npmjs.org/muggle-string/-/muggle-string-0.4.1.tgz. Extracting by manifest.
860 silly tarball no local data for minizlib@https://registry.npmjs.org/minizlib/-/minizlib-3.1.0.tgz. Extracting by manifest.
861 silly tarball no local data for minipass@https://registry.npmjs.org/minipass/-/minipass-7.1.3.tgz. Extracting by manifest.
862 silly tarball no local data for micromark-util-types@https://registry.npmjs.org/micromark-util-types/-/micromark-util-types-2.0.2.tgz. Extracting by manifest.
863 silly tarball no local data for nlcst-to-string@https://registry.npmjs.org/nlcst-to-string/-/nlcst-to-string-4.0.0.tgz. Extracting by manifest.
864 silly tarball no local data for micromark-util-subtokenize@https://registry.npmjs.org/micromark-util-subtokenize/-/micromark-util-subtokenize-2.1.0.tgz. Extracting by manifest.
865 silly tarball no local data for parse5-htmlparser2-tree-adapter@https://registry.npmjs.org/parse5-htmlparser2-tree-adapter/-/parse5-htmlparser2-tree-adapter-7.1.0.tgz. Extracting by manifest.
866 silly tarball no local data for ms@https://registry.npmjs.org/ms/-/ms-2.1.3.tgz. Extracting by manifest.
867 silly tarball no local data for micromark-util-resolve-all@https://registry.npmjs.org/micromark-util-resolve-all/-/micromark-util-resolve-all-2.0.1.tgz. Extracting by manifest.
868 silly tarball no local data for micromark-util-html-tag-name@https://registry.npmjs.org/micromark-util-html-tag-name/-/micromark-util-html-tag-name-2.0.1.tgz. Extracting by manifest.
869 silly tarball no local data for micromark-util-events-to-acorn@https://registry.npmjs.org/micromark-util-events-to-acorn/-/micromark-util-events-to-acorn-2.0.3.tgz. Extracting by manifest.
870 silly tarball no local data for micromark-util-decode-string@https://registry.npmjs.org/micromark-util-decode-string/-/micromark-util-decode-string-2.0.1.tgz. Extracting by manifest.
871 silly tarball no local data for micromark-util-encode@https://registry.npmjs.org/micromark-util-encode/-/micromark-util-encode-2.0.1.tgz. Extracting by manifest.
872 silly tarball no local data for mlly@https://registry.npmjs.org/mlly/-/mlly-1.8.2.tgz. Extracting by manifest.
873 silly tarball no local data for micromark-util-decode-numeric-character-reference@https://registry.npmjs.org/micromark-util-decode-numeric-character-reference/-/micromark-util-decode-numeric-character-reference-2.0.2.tgz. Extracting by manifest.
874 silly tarball no local data for mrmime@https://registry.npmjs.org/mrmime/-/mrmime-2.0.1.tgz. Extracting by manifest.
875 silly tarball no local data for micromark-util-combine-extensions@https://registry.npmjs.org/micromark-util-combine-extensions/-/micromark-util-combine-extensions-2.0.1.tgz. Extracting by manifest.
876 silly tarball no local data for micromark-util-classify-character@https://registry.npmjs.org/micromark-util-classify-character/-/micromark-util-classify-character-2.0.1.tgz. Extracting by manifest.
877 silly tarball no local data for micromark-factory-whitespace@https://registry.npmjs.org/micromark-factory-whitespace/-/micromark-factory-whitespace-2.0.1.tgz. Extracting by manifest.
878 silly tarball no local data for micromark-util-chunked@https://registry.npmjs.org/micromark-util-chunked/-/micromark-util-chunked-2.0.1.tgz. Extracting by manifest.
879 silly tarball no local data for micromark-factory-space@https://registry.npmjs.org/micromark-factory-space/-/micromark-factory-space-2.0.1.tgz. Extracting by manifest.
880 silly tarball no local data for micromark-factory-title@https://registry.npmjs.org/micromark-factory-title/-/micromark-factory-title-2.0.1.tgz. Extracting by manifest.
881 silly tarball no local data for micromark-factory-mdx-expression@https://registry.npmjs.org/micromark-factory-mdx-expression/-/micromark-factory-mdx-expression-2.0.3.tgz. Extracting by manifest.
882 silly tarball no local data for micromark-factory-label@https://registry.npmjs.org/micromark-factory-label/-/micromark-factory-label-2.0.1.tgz. Extracting by manifest.
883 silly tarball no local data for micromark-util-normalize-identifier@https://registry.npmjs.org/micromark-util-normalize-identifier/-/micromark-util-normalize-identifier-2.0.1.tgz. Extracting by manifest.
884 silly tarball no local data for micromark-util-sanitize-uri@https://registry.npmjs.org/micromark-util-sanitize-uri/-/micromark-util-sanitize-uri-2.0.1.tgz. Extracting by manifest.
885 silly tarball no local data for micromark-extension-mdxjs-esm@https://registry.npmjs.org/micromark-extension-mdxjs-esm/-/micromark-extension-mdxjs-esm-3.0.0.tgz. Extracting by manifest.
886 silly tarball no local data for micromark-extension-mdx-expression@https://registry.npmjs.org/micromark-extension-mdx-expression/-/micromark-extension-mdx-expression-3.0.1.tgz. Extracting by manifest.
887 silly tarball no local data for micromark-extension-mdx-jsx@https://registry.npmjs.org/micromark-extension-mdx-jsx/-/micromark-extension-mdx-jsx-3.0.2.tgz. Extracting by manifest.
888 silly tarball no local data for micromark-extension-mdx-md@https://registry.npmjs.org/micromark-extension-mdx-md/-/micromark-extension-mdx-md-2.0.0.tgz. Extracting by manifest.
889 silly tarball no local data for micromark-extension-gfm-tagfilter@https://registry.npmjs.org/micromark-extension-gfm-tagfilter/-/micromark-extension-gfm-tagfilter-2.0.0.tgz. Extracting by manifest.
890 silly tarball no local data for micromark-factory-destination@https://registry.npmjs.org/micromark-factory-destination/-/micromark-factory-destination-2.0.1.tgz. Extracting by manifest.
891 silly tarball no local data for micromark-extension-math@https://registry.npmjs.org/micromark-extension-math/-/micromark-extension-math-3.1.0.tgz. Extracting by manifest.
892 silly tarball no local data for micromark-util-character@https://registry.npmjs.org/micromark-util-character/-/micromark-util-character-2.1.1.tgz. Extracting by manifest.
893 silly tarball no local data for micromark-extension-mdxjs@https://registry.npmjs.org/micromark-extension-mdxjs/-/micromark-extension-mdxjs-3.0.0.tgz. Extracting by manifest.
894 silly tarball no local data for micromark-extension-gfm@https://registry.npmjs.org/micromark-extension-gfm/-/micromark-extension-gfm-3.0.0.tgz. Extracting by manifest.
895 silly tarball no local data for micromark-extension-gfm-footnote@https://registry.npmjs.org/micromark-extension-gfm-footnote/-/micromark-extension-gfm-footnote-2.1.0.tgz. Extracting by manifest.
896 silly tarball no local data for micromark@https://registry.npmjs.org/micromark/-/micromark-4.0.2.tgz. Extracting by manifest.
897 silly tarball no local data for micromark-extension-gfm-table@https://registry.npmjs.org/micromark-extension-gfm-table/-/micromark-extension-gfm-table-2.1.1.tgz. Extracting by manifest.
898 silly tarball no local data for micromark-extension-gfm-strikethrough@https://registry.npmjs.org/micromark-extension-gfm-strikethrough/-/micromark-extension-gfm-strikethrough-2.1.0.tgz. Extracting by manifest.
899 silly tarball no local data for micromark-util-symbol@https://registry.npmjs.org/micromark-util-symbol/-/micromark-util-symbol-2.0.1.tgz. Extracting by manifest.
900 silly tarball no local data for mdn-data@https://registry.npmjs.org/mdn-data/-/mdn-data-2.27.1.tgz. Extracting by manifest.
901 silly tarball no local data for micromark-extension-gfm-task-list-item@https://registry.npmjs.org/micromark-extension-gfm-task-list-item/-/micromark-extension-gfm-task-list-item-2.1.0.tgz. Extracting by manifest.
902 silly tarball no local data for micromark-extension-gfm-autolink-literal@https://registry.npmjs.org/micromark-extension-gfm-autolink-literal/-/micromark-extension-gfm-autolink-literal-2.1.0.tgz. Extracting by manifest.
903 silly tarball no local data for micromark-core-commonmark@https://registry.npmjs.org/micromark-core-commonmark/-/micromark-core-commonmark-2.0.3.tgz. Extracting by manifest.
904 silly tarball no local data for mdast-util-to-markdown@https://registry.npmjs.org/mdast-util-to-markdown/-/mdast-util-to-markdown-2.1.2.tgz. Extracting by manifest.
905 silly tarball no local data for mdast-util-to-string@https://registry.npmjs.org/mdast-util-to-string/-/mdast-util-to-string-4.0.0.tgz. Extracting by manifest.
906 silly tarball no local data for mdast-util-to-hast@https://registry.npmjs.org/mdast-util-to-hast/-/mdast-util-to-hast-13.2.1.tgz. Extracting by manifest.
907 silly tarball no local data for mdast-util-mdx-jsx@https://registry.npmjs.org/mdast-util-mdx-jsx/-/mdast-util-mdx-jsx-3.2.0.tgz. Extracting by manifest.
908 silly tarball no local data for mdast-util-mdx-expression@https://registry.npmjs.org/mdast-util-mdx-expression/-/mdast-util-mdx-expression-2.0.1.tgz. Extracting by manifest.
909 silly tarball no local data for mdast-util-mdx@https://registry.npmjs.org/mdast-util-mdx/-/mdast-util-mdx-3.0.0.tgz. Extracting by manifest.
910 silly tarball no local data for mdast-util-gfm-table@https://registry.npmjs.org/mdast-util-gfm-table/-/mdast-util-gfm-table-2.0.0.tgz. Extracting by manifest.
911 silly tarball no local data for mdast-util-gfm-task-list-item@https://registry.npmjs.org/mdast-util-gfm-task-list-item/-/mdast-util-gfm-task-list-item-2.0.0.tgz. Extracting by manifest.
912 silly tarball no local data for mdast-util-gfm-strikethrough@https://registry.npmjs.org/mdast-util-gfm-strikethrough/-/mdast-util-gfm-strikethrough-2.0.0.tgz. Extracting by manifest.
913 silly tarball no local data for mdast-util-gfm-footnote@https://registry.npmjs.org/mdast-util-gfm-footnote/-/mdast-util-gfm-footnote-2.1.0.tgz. Extracting by manifest.
914 silly tarball no local data for mdast-util-gfm-autolink-literal@https://registry.npmjs.org/mdast-util-gfm-autolink-literal/-/mdast-util-gfm-autolink-literal-2.0.1.tgz. Extracting by manifest.
915 silly tarball no local data for mdast-util-phrasing@https://registry.npmjs.org/mdast-util-phrasing/-/mdast-util-phrasing-4.1.0.tgz. Extracting by manifest.
916 silly tarball no local data for mdast-util-gfm@https://registry.npmjs.org/mdast-util-gfm/-/mdast-util-gfm-3.1.0.tgz. Extracting by manifest.
917 silly tarball no local data for mdast-util-find-and-replace@https://registry.npmjs.org/mdast-util-find-and-replace/-/mdast-util-find-and-replace-3.0.2.tgz. Extracting by manifest.
918 silly tarball no local data for markdown-extensions@https://registry.npmjs.org/markdown-extensions/-/markdown-extensions-2.0.0.tgz. Extracting by manifest.
919 silly tarball no local data for mdast-util-from-markdown@https://registry.npmjs.org/mdast-util-from-markdown/-/mdast-util-from-markdown-2.0.3.tgz. Extracting by manifest.
920 silly tarball no local data for mdast-util-definitions@https://registry.npmjs.org/mdast-util-definitions/-/mdast-util-definitions-6.0.0.tgz. Extracting by manifest.
921 silly tarball no local data for magicast@https://registry.npmjs.org/magicast/-/magicast-0.5.4.tgz. Extracting by manifest.
922 silly tarball no local data for lucide-react@https://registry.npmjs.org/lucide-react/-/lucide-react-0.469.0.tgz. Extracting by manifest.
923 silly tarball no local data for longest-streak@https://registry.npmjs.org/longest-streak/-/longest-streak-3.1.0.tgz. Extracting by manifest.
924 silly tarball no local data for lru-cache@https://registry.npmjs.org/lru-cache/-/lru-cache-5.1.1.tgz. Extracting by manifest.
925 silly tarball no local data for mdast-util-mdxjs-esm@https://registry.npmjs.org/mdast-util-mdxjs-esm/-/mdast-util-mdxjs-esm-2.0.1.tgz. Extracting by manifest.
926 silly tarball no local data for kolorist@https://registry.npmjs.org/kolorist/-/kolorist-1.8.0.tgz. Extracting by manifest.
927 silly tarball no local data for local-pkg@https://registry.npmjs.org/local-pkg/-/local-pkg-1.2.1.tgz. Extracting by manifest.
928 silly tarball no local data for magic-string@https://registry.npmjs.org/magic-string/-/magic-string-0.30.21.tgz. Extracting by manifest.
929 silly tarball no local data for katex@https://registry.npmjs.org/katex/-/katex-0.16.47.tgz. Extracting by manifest.
930 silly tarball no local data for jsonc-parser@https://registry.npmjs.org/jsonc-parser/-/jsonc-parser-2.3.1.tgz. Extracting by manifest.
931 silly tarball no local data for jsesc@https://registry.npmjs.org/jsesc/-/jsesc-3.1.0.tgz. Extracting by manifest.
932 silly tarball no local data for json-schema-traverse@https://registry.npmjs.org/json-schema-traverse/-/json-schema-traverse-1.0.0.tgz. Extracting by manifest.
933 silly tarball no local data for json5@https://registry.npmjs.org/json5/-/json5-2.2.3.tgz. Extracting by manifest.
934 silly tarball no local data for js-tokens@https://registry.npmjs.org/js-tokens/-/js-tokens-4.0.0.tgz. Extracting by manifest.
935 silly tarball no local data for js-yaml@https://registry.npmjs.org/js-yaml/-/js-yaml-4.3.1.tgz. Extracting by manifest.
936 silly tarball no local data for is-wsl@https://registry.npmjs.org/is-wsl/-/is-wsl-3.1.1.tgz. Extracting by manifest.
937 silly tarball no local data for is-plain-obj@https://registry.npmjs.org/is-plain-obj/-/is-plain-obj-4.1.0.tgz. Extracting by manifest.
938 silly tarball no local data for is-inside-container@https://registry.npmjs.org/is-inside-container/-/is-inside-container-1.0.0.tgz. Extracting by manifest.
939 silly tarball no local data for is-docker@https://registry.npmjs.org/is-docker/-/is-docker-3.0.0.tgz. Extracting by manifest.
940 silly tarball no local data for is-fullwidth-code-point@https://registry.npmjs.org/is-fullwidth-code-point/-/is-fullwidth-code-point-3.0.0.tgz. Extracting by manifest.
941 silly tarball no local data for is-hexadecimal@https://registry.npmjs.org/is-hexadecimal/-/is-hexadecimal-2.0.1.tgz. Extracting by manifest.
942 silly tarball no local data for mdast-util-math@https://registry.npmjs.org/mdast-util-math/-/mdast-util-math-3.0.0.tgz. Extracting by manifest.
943 silly tarball no local data for is-decimal@https://registry.npmjs.org/is-decimal/-/is-decimal-2.0.1.tgz. Extracting by manifest.
944 silly tarball no local data for is-alphabetical@https://registry.npmjs.org/is-alphabetical/-/is-alphabetical-2.0.1.tgz. Extracting by manifest.
945 silly tarball no local data for is-alphanumerical@https://registry.npmjs.org/is-alphanumerical/-/is-alphanumerical-2.0.1.tgz. Extracting by manifest.
946 silly tarball no local data for inline-style-parser@https://registry.npmjs.org/inline-style-parser/-/inline-style-parser-0.2.7.tgz. Extracting by manifest.
947 silly tarball no local data for iron-webcrypto@https://registry.npmjs.org/iron-webcrypto/-/iron-webcrypto-1.2.1.tgz. Extracting by manifest.
948 silly tarball no local data for http-cache-semantics@https://registry.npmjs.org/http-cache-semantics/-/http-cache-semantics-4.2.0.tgz. Extracting by manifest.
949 silly tarball no local data for kleur@https://registry.npmjs.org/kleur/-/kleur-4.1.5.tgz. Extracting by manifest.
950 silly tarball no local data for iconv-lite@https://registry.npmjs.org/iconv-lite/-/iconv-lite-0.6.3.tgz. Extracting by manifest.
951 silly tarball no local data for htmlparser2@https://registry.npmjs.org/htmlparser2/-/htmlparser2-10.1.0.tgz. Extracting by manifest.
952 silly tarball no local data for html-void-elements@https://registry.npmjs.org/html-void-elements/-/html-void-elements-3.0.0.tgz. Extracting by manifest.
953 silly tarball no local data for hast-util-to-text@https://registry.npmjs.org/hast-util-to-text/-/hast-util-to-text-4.0.2.tgz. Extracting by manifest.
954 silly tarball no local data for hast-util-whitespace@https://registry.npmjs.org/hast-util-whitespace/-/hast-util-whitespace-3.0.0.tgz. Extracting by manifest.
955 silly tarball no local data for hastscript@https://registry.npmjs.org/hastscript/-/hastscript-9.0.1.tgz. Extracting by manifest.
956 silly tarball no local data for hast-util-to-string@https://registry.npmjs.org/hast-util-to-string/-/hast-util-to-string-3.0.1.tgz. Extracting by manifest.
957 silly tarball no local data for hast-util-to-jsx-runtime@https://registry.npmjs.org/hast-util-to-jsx-runtime/-/hast-util-to-jsx-runtime-2.3.6.tgz. Extracting by manifest.
958 silly tarball no local data for hast-util-to-parse5@https://registry.npmjs.org/hast-util-to-parse5/-/hast-util-to-parse5-8.0.1.tgz. Extracting by manifest.
959 silly tarball no local data for hast-util-select@https://registry.npmjs.org/hast-util-select/-/hast-util-select-6.0.4.tgz. Extracting by manifest.
960 silly tarball no local data for hast-util-to-estree@https://registry.npmjs.org/hast-util-to-estree/-/hast-util-to-estree-3.1.3.tgz. Extracting by manifest.
961 silly tarball no local data for hast-util-raw@https://registry.npmjs.org/hast-util-raw/-/hast-util-raw-9.1.0.tgz. Extracting by manifest.
962 silly tarball no local data for hast-util-parse-selector@https://registry.npmjs.org/hast-util-parse-selector/-/hast-util-parse-selector-4.0.0.tgz. Extracting by manifest.
963 silly tarball no local data for hast-util-is-element@https://registry.npmjs.org/hast-util-is-element/-/hast-util-is-element-3.0.0.tgz. Extracting by manifest.
964 silly tarball no local data for hast-util-from-parse5@https://registry.npmjs.org/hast-util-from-parse5/-/hast-util-from-parse5-8.0.3.tgz. Extracting by manifest.
965 silly tarball no local data for hast-util-from-html@https://registry.npmjs.org/hast-util-from-html/-/hast-util-from-html-2.0.3.tgz. Extracting by manifest.
966 silly tarball no local data for hast-util-has-property@https://registry.npmjs.org/hast-util-has-property/-/hast-util-has-property-3.0.0.tgz. Extracting by manifest.
967 silly tarball no local data for hast-util-to-html@https://registry.npmjs.org/hast-util-to-html/-/hast-util-to-html-9.0.5.tgz. Extracting by manifest.
968 silly tarball no local data for hast-util-from-dom@https://registry.npmjs.org/hast-util-from-dom/-/hast-util-from-dom-5.0.1.tgz. Extracting by manifest.
969 silly tarball no local data for html-escaper@https://registry.npmjs.org/html-escaper/-/html-escaper-3.0.3.tgz. Extracting by manifest.
970 silly tarball no local data for is-absolute-url@https://registry.npmjs.org/is-absolute-url/-/is-absolute-url-4.0.1.tgz. Extracting by manifest.
971 silly tarball no local data for h3@https://registry.npmjs.org/h3/-/h3-1.15.11.tgz. Extracting by manifest.
972 silly tarball no local data for globals@https://registry.npmjs.org/globals/-/globals-15.15.0.tgz. Extracting by manifest.
973 silly tarball no local data for get-caller-file@https://registry.npmjs.org/get-caller-file/-/get-caller-file-2.0.5.tgz. Extracting by manifest.
974 silly tarball no local data for get-nonce@https://registry.npmjs.org/get-nonce/-/get-nonce-1.0.1.tgz. Extracting by manifest.
975 silly tarball no local data for fontkitten@https://registry.npmjs.org/fontkitten/-/fontkitten-1.0.3.tgz. Extracting by manifest.
976 silly tarball no local data for gensync@https://registry.npmjs.org/gensync/-/gensync-1.0.0-beta.2.tgz. Extracting by manifest.
977 silly tarball no local data for hast-util-from-html-isomorphic@https://registry.npmjs.org/hast-util-from-html-isomorphic/-/hast-util-from-html-isomorphic-2.0.0.tgz. Extracting by manifest.
978 silly tarball no local data for github-slugger@https://registry.npmjs.org/github-slugger/-/github-slugger-2.0.0.tgz. Extracting by manifest.
979 silly tarball no local data for fontace@https://registry.npmjs.org/fontace/-/fontace-0.4.1.tgz. Extracting by manifest.
980 silly tarball no local data for graceful-fs@https://registry.npmjs.org/graceful-fs/-/graceful-fs-4.2.11.tgz. Extracting by manifest.
981 silly tarball no local data for fast-xml-builder@https://registry.npmjs.org/fast-xml-builder/-/fast-xml-builder-1.3.0.tgz. Extracting by manifest.
982 silly tarball no local data for fast-xml-parser@https://registry.npmjs.org/fast-xml-parser/-/fast-xml-parser-5.4.1.tgz. Extracting by manifest.
983 silly tarball no local data for fdir@https://registry.npmjs.org/fdir/-/fdir-6.5.0.tgz. Extracting by manifest.
984 silly tarball no local data for fast-wrap-ansi@https://registry.npmjs.org/fast-wrap-ansi/-/fast-wrap-ansi-0.2.2.tgz. Extracting by manifest.
985 silly tarball no local data for markdown-table@https://registry.npmjs.org/markdown-table/-/markdown-table-3.0.4.tgz. Extracting by manifest.
986 silly tarball no local data for fast-string-truncated-width@https://registry.npmjs.org/fast-string-truncated-width/-/fast-string-truncated-width-3.0.3.tgz. Extracting by manifest.
987 silly tarball no local data for fd-slicer@https://registry.npmjs.org/fd-slicer/-/fd-slicer-1.1.0.tgz. Extracting by manifest.
988 silly tarball no local data for fast-uri@https://registry.npmjs.org/fast-uri/-/fast-uri-3.1.5.tgz. Extracting by manifest.
989 silly tarball no local data for fast-string-width@https://registry.npmjs.org/fast-string-width/-/fast-string-width-3.0.2.tgz. Extracting by manifest.
990 silly tarball no local data for fast-deep-equal@https://registry.npmjs.org/fast-deep-equal/-/fast-deep-equal-3.1.3.tgz. Extracting by manifest.
991 silly tarball no local data for extend@https://registry.npmjs.org/extend/-/extend-3.0.2.tgz. Extracting by manifest.
992 silly tarball no local data for extract-zip@https://registry.npmjs.org/extract-zip/-/extract-zip-2.0.1.tgz. Extracting by manifest.
993 silly tarball no local data for flattie@https://registry.npmjs.org/flattie/-/flattie-1.1.1.tgz. Extracting by manifest.
994 silly tarball no local data for eventemitter3@https://registry.npmjs.org/eventemitter3/-/eventemitter3-5.0.4.tgz. Extracting by manifest.
995 silly tarball no local data for expressive-code@https://registry.npmjs.org/expressive-code/-/expressive-code-0.40.2.tgz. Extracting by manifest.
996 silly tarball no local data for get-stream@https://registry.npmjs.org/get-stream/-/get-stream-5.2.0.tgz. Extracting by manifest.
997 silly tarball no local data for jiti@https://registry.npmjs.org/jiti/-/jiti-2.7.0.tgz. Extracting by manifest.
998 silly tarball no local data for exsolve@https://registry.npmjs.org/exsolve/-/exsolve-1.1.1.tgz. Extracting by manifest.
999 silly tarball no local data for estree-util-to-js@https://registry.npmjs.org/estree-util-to-js/-/estree-util-to-js-2.0.0.tgz. Extracting by manifest.
1000 silly tarball no local data for estree-util-attach-comments@https://registry.npmjs.org/estree-util-attach-comments/-/estree-util-attach-comments-3.0.0.tgz. Extracting by manifest.
1001 silly tarball no local data for estree-util-scope@https://registry.npmjs.org/estree-util-scope/-/estree-util-scope-1.0.0.tgz. Extracting by manifest.
1002 silly tarball no local data for estree-util-build-jsx@https://registry.npmjs.org/estree-util-build-jsx/-/estree-util-build-jsx-3.0.1.tgz. Extracting by manifest.
1003 silly tarball no local data for estree-util-is-identifier-name@https://registry.npmjs.org/estree-util-is-identifier-name/-/estree-util-is-identifier-name-3.0.0.tgz. Extracting by manifest.
1004 silly tarball no local data for estree-walker@https://registry.npmjs.org/estree-walker/-/estree-walker-3.0.3.tgz. Extracting by manifest.
1005 silly tarball no local data for esbuild@https://registry.npmjs.org/esbuild/-/esbuild-0.27.7.tgz. Extracting by manifest.
1006 silly tarball no local data for escalade@https://registry.npmjs.org/escalade/-/escalade-3.2.0.tgz. Extracting by manifest.
1007 silly tarball no local data for esast-util-from-js@https://registry.npmjs.org/esast-util-from-js/-/esast-util-from-js-2.0.1.tgz. Extracting by manifest.
1008 silly tarball no local data for esast-util-from-estree@https://registry.npmjs.org/esast-util-from-estree/-/esast-util-from-estree-2.0.0.tgz. Extracting by manifest.
1009 silly tarball no local data for encoding-sniffer@https://registry.npmjs.org/encoding-sniffer/-/encoding-sniffer-0.2.1.tgz. Extracting by manifest.
1010 silly tarball no local data for enhanced-resolve@https://registry.npmjs.org/enhanced-resolve/-/enhanced-resolve-5.24.5.tgz. Extracting by manifest.
1011 silly tarball no local data for entities@https://registry.npmjs.org/entities/-/entities-4.5.0.tgz. Extracting by manifest.
1012 silly tarball no local data for end-of-stream@https://registry.npmjs.org/end-of-stream/-/end-of-stream-1.4.5.tgz. Extracting by manifest.
1013 silly tarball no local data for escape-string-regexp@https://registry.npmjs.org/escape-string-regexp/-/escape-string-regexp-5.0.0.tgz. Extracting by manifest.
1014 silly tarball no local data for emoji-regex@https://registry.npmjs.org/emoji-regex/-/emoji-regex-8.0.0.tgz. Extracting by manifest.
1015 silly tarball no local data for emoticon@https://registry.npmjs.org/emoticon/-/emoticon-4.1.0.tgz. Extracting by manifest.
1016 silly tarball no local data for es-module-lexer@https://registry.npmjs.org/es-module-lexer/-/es-module-lexer-2.3.1.tgz. Extracting by manifest.
1017 silly tarball no local data for electron-to-chromium@https://registry.npmjs.org/electron-to-chromium/-/electron-to-chromium-1.5.402.tgz. Extracting by manifest.
1018 silly tarball no local data for emoji-regex-xs@https://registry.npmjs.org/emoji-regex-xs/-/emoji-regex-xs-1.0.0.tgz. Extracting by manifest.
1019 silly tarball no local data for emojilib@https://registry.npmjs.org/emojilib/-/emojilib-2.4.0.tgz. Extracting by manifest.
1020 silly tarball no local data for estree-util-visit@https://registry.npmjs.org/estree-util-visit/-/estree-util-visit-2.0.0.tgz. Extracting by manifest.
1021 silly tarball no local data for domhandler@https://registry.npmjs.org/domhandler/-/domhandler-5.0.3.tgz. Extracting by manifest.
1022 silly tarball no local data for domutils@https://registry.npmjs.org/domutils/-/domutils-3.2.2.tgz. Extracting by manifest.
1023 silly tarball no local data for emmet@https://registry.npmjs.org/emmet/-/emmet-2.4.11.tgz. Extracting by manifest.
1024 silly tarball no local data for domelementtype@https://registry.npmjs.org/domelementtype/-/domelementtype-2.3.0.tgz. Extracting by manifest.
1025 silly tarball no local data for diff@https://registry.npmjs.org/diff/-/diff-8.0.4.tgz. Extracting by manifest.
1026 silly tarball no local data for detect-node-es@https://registry.npmjs.org/detect-node-es/-/detect-node-es-1.1.0.tgz. Extracting by manifest.
1027 silly tarball no local data for devalue@https://registry.npmjs.org/devalue/-/devalue-5.9.0.tgz. Extracting by manifest.
1028 silly tarball no local data for detect-libc@https://registry.npmjs.org/detect-libc/-/detect-libc-2.1.2.tgz. Extracting by manifest.
1029 silly tarball no local data for dlv@https://registry.npmjs.org/dlv/-/dlv-1.1.3.tgz. Extracting by manifest.
1030 silly tarball no local data for dset@https://registry.npmjs.org/dset/-/dset-3.1.4.tgz. Extracting by manifest.
1031 silly tarball no local data for devlop@https://registry.npmjs.org/devlop/-/devlop-1.1.0.tgz. Extracting by manifest.
1032 silly tarball no local data for dequal@https://registry.npmjs.org/dequal/-/dequal-2.0.3.tgz. Extracting by manifest.
1033 silly tarball no local data for defu@https://registry.npmjs.org/defu/-/defu-6.1.7.tgz. Extracting by manifest.
1034 silly tarball no local data for decode-named-character-reference@https://registry.npmjs.org/decode-named-character-reference/-/decode-named-character-reference-1.3.0.tgz. Extracting by manifest.
1035 silly tarball no local data for csso@https://registry.npmjs.org/csso/-/csso-5.0.5.tgz. Extracting by manifest.
1036 silly tarball no local data for dom-serializer@https://registry.npmjs.org/dom-serializer/-/dom-serializer-2.0.0.tgz. Extracting by manifest.
1037 silly tarball no local data for debug@https://registry.npmjs.org/debug/-/debug-4.4.3.tgz. Extracting by manifest.
1038 silly tarball no local data for destr@https://registry.npmjs.org/destr/-/destr-2.0.5.tgz. Extracting by manifest.
1039 silly tarball no local data for csstype@https://registry.npmjs.org/csstype/-/csstype-3.2.3.tgz. Extracting by manifest.
1040 silly tarball no local data for direction@https://registry.npmjs.org/direction/-/direction-2.0.1.tgz. Extracting by manifest.
1041 silly tarball no local data for css-selector-parser@https://registry.npmjs.org/css-selector-parser/-/css-selector-parser-3.3.0.tgz. Extracting by manifest.
1042 silly tarball no local data for cookie-es@https://registry.npmjs.org/cookie-es/-/cookie-es-1.2.3.tgz. Extracting by manifest.
1043 silly tarball no local data for cookie@https://registry.npmjs.org/cookie/-/cookie-1.1.1.tgz. Extracting by manifest.
1044 silly tarball no local data for css-what@https://registry.npmjs.org/css-what/-/css-what-6.2.2.tgz. Extracting by manifest.
1045 silly tarball no local data for confbox@https://registry.npmjs.org/confbox/-/confbox-0.2.4.tgz. Extracting by manifest.
1046 silly tarball no local data for common-ancestor-path@https://registry.npmjs.org/common-ancestor-path/-/common-ancestor-path-2.0.0.tgz. Extracting by manifest.
1047 silly tarball no local data for comma-separated-tokens@https://registry.npmjs.org/comma-separated-tokens/-/comma-separated-tokens-2.0.3.tgz. Extracting by manifest.
1048 silly tarball no local data for color-convert@https://registry.npmjs.org/color-convert/-/color-convert-2.0.1.tgz. Extracting by manifest.
1049 silly tarball no local data for css-select@https://registry.npmjs.org/css-select/-/css-select-5.2.2.tgz. Extracting by manifest.
1050 silly tarball no local data for color-name@https://registry.npmjs.org/color-name/-/color-name-1.1.4.tgz. Extracting by manifest.
1051 silly tarball no local data for collapse-white-space@https://registry.npmjs.org/collapse-white-space/-/collapse-white-space-2.1.0.tgz. Extracting by manifest.
1052 silly tarball no local data for css-tree@https://registry.npmjs.org/css-tree/-/css-tree-3.2.1.tgz. Extracting by manifest.
1053 silly tarball no local data for clsx@https://registry.npmjs.org/clsx/-/clsx-2.1.1.tgz. Extracting by manifest.
1054 silly tarball no local data for ci-info@https://registry.npmjs.org/ci-info/-/ci-info-4.4.0.tgz. Extracting by manifest.
1055 silly tarball no local data for commander@https://registry.npmjs.org/commander/-/commander-8.3.0.tgz. Extracting by manifest.
1056 silly tarball no local data for chownr@https://registry.npmjs.org/chownr/-/chownr-3.0.0.tgz. Extracting by manifest.
1057 silly tarball no local data for chokidar@https://registry.npmjs.org/chokidar/-/chokidar-4.0.3.tgz. Extracting by manifest.
1058 silly tarball no local data for crossws@https://registry.npmjs.org/crossws/-/crossws-0.3.5.tgz. Extracting by manifest.
1059 silly tarball no local data for class-variance-authority@https://registry.npmjs.org/class-variance-authority/-/class-variance-authority-0.7.1.tgz. Extracting by manifest.
1060 silly tarball no local data for cheerio-select@https://registry.npmjs.org/cheerio-select/-/cheerio-select-2.1.0.tgz. Extracting by manifest.
1061 silly tarball no local data for character-entities-legacy@https://registry.npmjs.org/character-entities-legacy/-/character-entities-legacy-3.0.0.tgz. Extracting by manifest.
1062 silly tarball no local data for cheerio@https://registry.npmjs.org/cheerio/-/cheerio-1.2.0.tgz. Extracting by manifest.
1063 silly tarball no local data for convert-source-map@https://registry.npmjs.org/convert-source-map/-/convert-source-map-2.0.0.tgz. Extracting by manifest.
1064 silly tarball no local data for character-entities@https://registry.npmjs.org/character-entities/-/character-entities-2.0.2.tgz. Extracting by manifest.
1065 silly tarball no local data for buffer-crc32@https://registry.npmjs.org/buffer-crc32/-/buffer-crc32-0.2.13.tgz. Extracting by manifest.
1066 silly tarball no local data for browserslist@https://registry.npmjs.org/browserslist/-/browserslist-4.28.8.tgz. Extracting by manifest.
1067 silly tarball no local data for character-reference-invalid@https://registry.npmjs.org/character-reference-invalid/-/character-reference-invalid-2.0.1.tgz. Extracting by manifest.
1068 silly tarball no local data for ccount@https://registry.npmjs.org/ccount/-/ccount-2.0.1.tgz. Extracting by manifest.
1069 silly tarball no local data for boolbase@https://registry.npmjs.org/boolbase/-/boolbase-1.0.0.tgz. Extracting by manifest.
1070 silly tarball no local data for bcp-47-match@https://registry.npmjs.org/bcp-47-match/-/bcp-47-match-2.0.3.tgz. Extracting by manifest.
1071 silly tarball no local data for cssesc@https://registry.npmjs.org/cssesc/-/cssesc-3.0.0.tgz. Extracting by manifest.
1072 silly tarball no local data for caniuse-lite@https://registry.npmjs.org/caniuse-lite/-/caniuse-lite-1.0.30001809.tgz. Extracting by manifest.
1073 silly tarball no local data for bail@https://registry.npmjs.org/bail/-/bail-2.0.2.tgz. Extracting by manifest.
1074 silly tarball no local data for char-regex@https://registry.npmjs.org/char-regex/-/char-regex-1.0.2.tgz. Extracting by manifest.
1075 silly tarball no local data for astring@https://registry.npmjs.org/astring/-/astring-1.9.0.tgz. Extracting by manifest.
1076 silly tarball no local data for array-iterate@https://registry.npmjs.org/array-iterate/-/array-iterate-2.0.1.tgz. Extracting by manifest.
1077 silly tarball no local data for aria-query@https://registry.npmjs.org/aria-query/-/aria-query-5.3.2.tgz. Extracting by manifest.
1078 silly tarball no local data for character-entities-html4@https://registry.npmjs.org/character-entities-html4/-/character-entities-html4-2.1.0.tgz. Extracting by manifest.
1079 silly tarball no local data for argparse@https://registry.npmjs.org/argparse/-/argparse-2.0.1.tgz. Extracting by manifest.
1080 silly tarball no local data for aria-hidden@https://registry.npmjs.org/aria-hidden/-/aria-hidden-1.2.6.tgz. Extracting by manifest.
1081 silly tarball no local data for anynum@https://registry.npmjs.org/anynum/-/anynum-1.0.1.tgz. Extracting by manifest.
1082 silly tarball no local data for axobject-query@https://registry.npmjs.org/axobject-query/-/axobject-query-4.1.0.tgz. Extracting by manifest.
1083 silly tarball no local data for arg@https://registry.npmjs.org/arg/-/arg-5.0.2.tgz. Extracting by manifest.
1084 silly tarball no local data for anymatch@https://registry.npmjs.org/anymatch/-/anymatch-3.1.3.tgz. Extracting by manifest.
1085 silly tarball no local data for cliui@https://registry.npmjs.org/cliui/-/cliui-8.0.1.tgz. Extracting by manifest.
1086 silly tarball no local data for baseline-browser-mapping@https://registry.npmjs.org/baseline-browser-mapping/-/baseline-browser-mapping-2.11.13.tgz. Extracting by manifest.
1087 silly tarball no local data for astro@https://registry.npmjs.org/astro/-/astro-6.0.2.tgz. Extracting by manifest.
1088 silly tarball no local data for ansi-regex@https://registry.npmjs.org/ansi-regex/-/ansi-regex-5.0.1.tgz. Extracting by manifest.
1089 silly tarball no local data for @vscode/emmet-helper@https://registry.npmjs.org/@vscode/emmet-helper/-/emmet-helper-2.11.0.tgz. Extracting by manifest.
1090 silly tarball no local data for acorn-jsx@https://registry.npmjs.org/acorn-jsx/-/acorn-jsx-5.3.2.tgz. Extracting by manifest.
1091 silly tarball no local data for @volar/typescript@https://registry.npmjs.org/@volar/typescript/-/typescript-2.4.28.tgz. Extracting by manifest.
1092 silly tarball no local data for astro-icon@https://registry.npmjs.org/astro-icon/-/astro-icon-1.1.5.tgz. Extracting by manifest.
1093 silly tarball no local data for acorn@https://registry.npmjs.org/acorn/-/acorn-8.18.0.tgz. Extracting by manifest.
1094 silly tarball no local data for @volar/language-service@https://registry.npmjs.org/@volar/language-service/-/language-service-2.4.28.tgz. Extracting by manifest.
1095 silly tarball no local data for @volar/language-server@https://registry.npmjs.org/@volar/language-server/-/language-server-2.4.28.tgz. Extracting by manifest.
1096 silly tarball no local data for @volar/source-map@https://registry.npmjs.org/@volar/source-map/-/source-map-2.4.28.tgz. Extracting by manifest.
1097 silly tarball no local data for @ungap/structured-clone@https://registry.npmjs.org/@ungap/structured-clone/-/structured-clone-1.3.3.tgz. Extracting by manifest.
1098 silly tarball no local data for ansi-styles@https://registry.npmjs.org/ansi-styles/-/ansi-styles-4.3.0.tgz. Extracting by manifest.
1099 silly tarball no local data for ajv-i18n@https://registry.npmjs.org/ajv-i18n/-/ajv-i18n-4.2.0.tgz. Extracting by manifest.
1100 silly tarball no local data for ajv-draft-04@https://registry.npmjs.org/ajv-draft-04/-/ajv-draft-04-1.0.0.tgz. Extracting by manifest.
1101 silly tarball no local data for @vitejs/plugin-react@https://registry.npmjs.org/@vitejs/plugin-react/-/plugin-react-5.2.0.tgz. Extracting by manifest.
1102 silly tarball no local data for @volar/language-core@https://registry.npmjs.org/@volar/language-core/-/language-core-2.4.28.tgz. Extracting by manifest.
1103 silly tarball no local data for @types/react-dom@https://registry.npmjs.org/@types/react-dom/-/react-dom-19.0.0.tgz. Extracting by manifest.
1104 silly tarball no local data for @types/node@https://registry.npmjs.org/@types/node/-/node-26.2.0.tgz. Extracting by manifest.
1105 silly tarball no local data for @vscode/l10n@https://registry.npmjs.org/@vscode/l10n/-/l10n-0.0.18.tgz. Extracting by manifest.
1106 silly tarball no local data for @volar/kit@https://registry.npmjs.org/@volar/kit/-/kit-2.4.28.tgz. Extracting by manifest.
1107 silly tarball no local data for ajv@https://registry.npmjs.org/ajv/-/ajv-8.20.0.tgz. Extracting by manifest.
1108 silly tarball no local data for @types/nlcst@https://registry.npmjs.org/@types/nlcst/-/nlcst-2.0.3.tgz. Extracting by manifest.
1109 silly tarball no local data for @types/hast@https://registry.npmjs.org/@types/hast/-/hast-3.0.5.tgz. Extracting by manifest.
1110 silly tarball no local data for @types/yauzl@https://registry.npmjs.org/@types/yauzl/-/yauzl-2.10.3.tgz. Extracting by manifest.
1111 silly tarball no local data for @types/katex@https://registry.npmjs.org/@types/katex/-/katex-0.16.8.tgz. Extracting by manifest.
1112 silly tarball no local data for @types/react@https://registry.npmjs.org/@types/react/-/react-19.0.0.tgz. Extracting by manifest.
1113 silly tarball no local data for @types/mdx@https://registry.npmjs.org/@types/mdx/-/mdx-2.0.14.tgz. Extracting by manifest.
1114 silly tarball no local data for @types/estree@https://registry.npmjs.org/@types/estree/-/estree-1.0.9.tgz. Extracting by manifest.
1115 silly tarball no local data for @types/sax@https://registry.npmjs.org/@types/sax/-/sax-1.2.7.tgz. Extracting by manifest.
1116 silly tarball no local data for @types/debug@https://registry.npmjs.org/@types/debug/-/debug-4.1.13.tgz. Extracting by manifest.
1117 silly tarball no local data for @types/babel__template@https://registry.npmjs.org/@types/babel__template/-/babel__template-7.4.4.tgz. Extracting by manifest.
1118 silly tarball no local data for @tailwindcss/vite@https://registry.npmjs.org/@tailwindcss/vite/-/vite-4.2.1.tgz. Extracting by manifest.
1119 silly tarball no local data for @types/ms@https://registry.npmjs.org/@types/ms/-/ms-2.1.0.tgz. Extracting by manifest.
1120 silly tarball no local data for @types/babel__traverse@https://registry.npmjs.org/@types/babel__traverse/-/babel__traverse-7.28.0.tgz. Extracting by manifest.
1121 silly tarball no local data for @types/mdast@https://registry.npmjs.org/@types/mdast/-/mdast-4.0.4.tgz. Extracting by manifest.
1122 silly tarball no local data for @types/estree-jsx@https://registry.npmjs.org/@types/estree-jsx/-/estree-jsx-1.0.5.tgz. Extracting by manifest.
1123 silly tarball no local data for @tailwindcss/oxide@https://registry.npmjs.org/@tailwindcss/oxide/-/oxide-4.2.1.tgz. Extracting by manifest.
1124 silly tarball no local data for @types/babel__core@https://registry.npmjs.org/@types/babel__core/-/babel__core-7.20.5.tgz. Extracting by manifest.
1125 silly tarball no local data for @types/babel__generator@https://registry.npmjs.org/@types/babel__generator/-/babel__generator-7.27.0.tgz. Extracting by manifest.
1126 silly tarball no local data for @tailwindcss/node@https://registry.npmjs.org/@tailwindcss/node/-/node-4.2.1.tgz. Extracting by manifest.
1127 silly tarball no local data for @sindresorhus/is@https://registry.npmjs.org/@sindresorhus/is/-/is-4.6.0.tgz. Extracting by manifest.
1128 silly tarball no local data for @shikijs/types@https://registry.npmjs.org/@shikijs/types/-/types-3.23.0.tgz. Extracting by manifest.
1129 silly tarball no local data for @types/unist@https://registry.npmjs.org/@types/unist/-/unist-3.0.3.tgz. Extracting by manifest.
1130 silly tarball no local data for @shikijs/vscode-textmate@https://registry.npmjs.org/@shikijs/vscode-textmate/-/vscode-textmate-10.0.2.tgz. Extracting by manifest.
1131 silly tarball no local data for @shikijs/primitive@https://registry.npmjs.org/@shikijs/primitive/-/primitive-4.4.2.tgz. Extracting by manifest.
1132 silly tarball no local data for @shikijs/themes@https://registry.npmjs.org/@shikijs/themes/-/themes-4.4.2.tgz. Extracting by manifest.
1133 silly tarball no local data for @shikijs/langs@https://registry.npmjs.org/@shikijs/langs/-/langs-4.4.2.tgz. Extracting by manifest.
1134 silly tarball no local data for @shikijs/rehype@https://registry.npmjs.org/@shikijs/rehype/-/rehype-3.23.0.tgz. Extracting by manifest.
1135 silly tarball no local data for @shikijs/engine-oniguruma@https://registry.npmjs.org/@shikijs/engine-oniguruma/-/engine-oniguruma-4.4.2.tgz. Extracting by manifest.
1136 silly tarball no local data for @shikijs/engine-javascript@https://registry.npmjs.org/@shikijs/engine-javascript/-/engine-javascript-4.4.2.tgz. Extracting by manifest.
1137 silly tarball no local data for @rollup/rollup-win32-x64-msvc@https://registry.npmjs.org/@rollup/rollup-win32-x64-msvc/-/rollup-win32-x64-msvc-4.62.4.tgz. Extracting by manifest.
1138 silly tarball no local data for @shikijs/core@https://registry.npmjs.org/@shikijs/core/-/core-4.4.2.tgz. Extracting by manifest.
1139 silly tarball no local data for @rollup/rollup-win32-x64-gnu@https://registry.npmjs.org/@rollup/rollup-win32-x64-gnu/-/rollup-win32-x64-gnu-4.62.4.tgz. Extracting by manifest.
1140 silly tarball no local data for @rollup/pluginutils@https://registry.npmjs.org/@rollup/pluginutils/-/pluginutils-5.4.0.tgz. Extracting by manifest.
1141 silly tarball no local data for @rolldown/pluginutils@https://registry.npmjs.org/@rolldown/pluginutils/-/pluginutils-1.0.0-rc.3.tgz. Extracting by manifest.
1142 silly tarball no local data for @radix-ui/rect@https://registry.npmjs.org/@radix-ui/rect/-/rect-1.1.3.tgz. Extracting by manifest.
1143 silly tarball no local data for @radix-ui/react-use-size@https://registry.npmjs.org/@radix-ui/react-use-size/-/react-use-size-1.1.4.tgz. Extracting by manifest.
1144 silly tarball no local data for @tailwindcss/oxide-win32-x64-msvc@https://registry.npmjs.org/@tailwindcss/oxide-win32-x64-msvc/-/oxide-win32-x64-msvc-4.2.1.tgz. Extracting by manifest.
1145 silly tarball no local data for @radix-ui/react-use-rect@https://registry.npmjs.org/@radix-ui/react-use-rect/-/react-use-rect-1.1.4.tgz. Extracting by manifest.
1146 silly tarball no local data for @radix-ui/react-use-previous@https://registry.npmjs.org/@radix-ui/react-use-previous/-/react-use-previous-1.1.4.tgz. Extracting by manifest.
1147 silly tarball no local data for @radix-ui/react-use-layout-effect@https://registry.npmjs.org/@radix-ui/react-use-layout-effect/-/react-use-layout-effect-1.1.4.tgz. Extracting by manifest.
1148 silly tarball no local data for @radix-ui/react-use-escape-keydown@https://registry.npmjs.org/@radix-ui/react-use-escape-keydown/-/react-use-escape-keydown-1.1.5.tgz. Extracting by manifest.
1149 silly tarball no local data for @radix-ui/react-use-callback-ref@https://registry.npmjs.org/@radix-ui/react-use-callback-ref/-/react-use-callback-ref-1.1.4.tgz. Extracting by manifest.
1150 silly tarball no local data for @radix-ui/react-use-effect-event@https://registry.npmjs.org/@radix-ui/react-use-effect-event/-/react-use-effect-event-0.0.5.tgz. Extracting by manifest.
1151 silly tarball no local data for @radix-ui/react-use-controllable-state@https://registry.npmjs.org/@radix-ui/react-use-controllable-state/-/react-use-controllable-state-1.2.6.tgz. Extracting by manifest.
1152 silly tarball no local data for @radix-ui/react-toolbar@https://registry.npmjs.org/@radix-ui/react-toolbar/-/react-toolbar-1.1.19.tgz. Extracting by manifest.
1153 silly tarball no local data for @radix-ui/react-tooltip@https://registry.npmjs.org/@radix-ui/react-tooltip/-/react-tooltip-1.2.16.tgz. Extracting by manifest.
1154 silly tarball no local data for @radix-ui/react-visually-hidden@https://registry.npmjs.org/@radix-ui/react-visually-hidden/-/react-visually-hidden-1.2.11.tgz. Extracting by manifest.
1155 silly tarball no local data for @radix-ui/react-toggle-group@https://registry.npmjs.org/@radix-ui/react-toggle-group/-/react-toggle-group-1.1.19.tgz. Extracting by manifest.
1156 silly tarball no local data for @radix-ui/react-toggle@https://registry.npmjs.org/@radix-ui/react-toggle/-/react-toggle-1.1.18.tgz. Extracting by manifest.
1157 silly tarball no local data for @radix-ui/react-switch@https://registry.npmjs.org/@radix-ui/react-switch/-/react-switch-1.3.7.tgz. Extracting by manifest.
1158 silly tarball no local data for @radix-ui/react-slot@https://registry.npmjs.org/@radix-ui/react-slot/-/react-slot-1.3.3.tgz. Extracting by manifest.
1159 silly tarball no local data for @radix-ui/react-toast@https://registry.npmjs.org/@radix-ui/react-toast/-/react-toast-1.2.23.tgz. Extracting by manifest.
1160 silly tarball no local data for @radix-ui/react-slider@https://registry.npmjs.org/@radix-ui/react-slider/-/react-slider-1.4.7.tgz. Extracting by manifest.
1161 silly tarball no local data for @radix-ui/react-tabs@https://registry.npmjs.org/@radix-ui/react-tabs/-/react-tabs-1.1.21.tgz. Extracting by manifest.
1162 silly tarball no local data for @radix-ui/react-separator@https://registry.npmjs.org/@radix-ui/react-separator/-/react-separator-1.1.15.tgz. Extracting by manifest.
1163 silly tarball no local data for @radix-ui/react-use-is-hydrated@https://registry.npmjs.org/@radix-ui/react-use-is-hydrated/-/react-use-is-hydrated-0.1.3.tgz. Extracting by manifest.
1164 silly tarball no local data for @radix-ui/react-select@https://registry.npmjs.org/@radix-ui/react-select/-/react-select-2.3.7.tgz. Extracting by manifest.
1165 silly tarball no local data for @radix-ui/react-scroll-area@https://registry.npmjs.org/@radix-ui/react-scroll-area/-/react-scroll-area-1.2.18.tgz. Extracting by manifest.
1166 silly tarball no local data for @radix-ui/react-roving-focus@https://registry.npmjs.org/@radix-ui/react-roving-focus/-/react-roving-focus-1.1.19.tgz. Extracting by manifest.
1167 silly tarball no local data for @radix-ui/react-progress@https://registry.npmjs.org/@radix-ui/react-progress/-/react-progress-1.1.16.tgz. Extracting by manifest.
1168 silly tarball no local data for @radix-ui/react-presence@https://registry.npmjs.org/@radix-ui/react-presence/-/react-presence-1.1.10.tgz. Extracting by manifest.
1169 silly tarball no local data for @radix-ui/react-primitive@https://registry.npmjs.org/@radix-ui/react-primitive/-/react-primitive-2.1.10.tgz. Extracting by manifest.
1170 silly tarball no local data for @radix-ui/react-portal@https://registry.npmjs.org/@radix-ui/react-portal/-/react-portal-1.1.17.tgz. Extracting by manifest.
1171 silly tarball no local data for @radix-ui/react-password-toggle-field@https://registry.npmjs.org/@radix-ui/react-password-toggle-field/-/react-password-toggle-field-0.1.11.tgz. Extracting by manifest.
1172 silly tarball no local data for @radix-ui/react-one-time-password-field@https://registry.npmjs.org/@radix-ui/react-one-time-password-field/-/react-one-time-password-field-0.1.16.tgz. Extracting by manifest.
1173 silly tarball no local data for @radix-ui/react-popover@https://registry.npmjs.org/@radix-ui/react-popover/-/react-popover-1.1.23.tgz. Extracting by manifest.
1174 silly tarball no local data for @radix-ui/react-menubar@https://registry.npmjs.org/@radix-ui/react-menubar/-/react-menubar-1.1.24.tgz. Extracting by manifest.
1175 silly tarball no local data for @radix-ui/react-popper@https://registry.npmjs.org/@radix-ui/react-popper/-/react-popper-1.3.7.tgz. Extracting by manifest.
1176 silly tarball no local data for @radix-ui/react-menu@https://registry.npmjs.org/@radix-ui/react-menu/-/react-menu-2.1.24.tgz. Extracting by manifest.
1177 silly tarball no local data for @radix-ui/react-label@https://registry.npmjs.org/@radix-ui/react-label/-/react-label-2.1.15.tgz. Extracting by manifest.
1178 silly tarball no local data for @radix-ui/react-navigation-menu@https://registry.npmjs.org/@radix-ui/react-navigation-menu/-/react-navigation-menu-1.2.22.tgz. Extracting by manifest.
1179 silly tarball no local data for @radix-ui/react-focus-scope@https://registry.npmjs.org/@radix-ui/react-focus-scope/-/react-focus-scope-1.1.16.tgz. Extracting by manifest.
1180 silly tarball no local data for @radix-ui/react-radio-group@https://registry.npmjs.org/@radix-ui/react-radio-group/-/react-radio-group-1.4.7.tgz. Extracting by manifest.
1181 silly tarball no local data for @radix-ui/react-form@https://registry.npmjs.org/@radix-ui/react-form/-/react-form-0.1.16.tgz. Extracting by manifest.
1182 silly tarball no local data for @radix-ui/react-hover-card@https://registry.npmjs.org/@radix-ui/react-hover-card/-/react-hover-card-1.1.23.tgz. Extracting by manifest.
1183 silly tarball no local data for @radix-ui/react-id@https://registry.npmjs.org/@radix-ui/react-id/-/react-id-1.1.4.tgz. Extracting by manifest.
1184 silly tarball no local data for @radix-ui/react-dropdown-menu@https://registry.npmjs.org/@radix-ui/react-dropdown-menu/-/react-dropdown-menu-2.1.24.tgz. Extracting by manifest.
1185 silly tarball no local data for @radix-ui/react-dismissable-layer@https://registry.npmjs.org/@radix-ui/react-dismissable-layer/-/react-dismissable-layer-1.1.19.tgz. Extracting by manifest.
1186 silly tarball no local data for @radix-ui/react-direction@https://registry.npmjs.org/@radix-ui/react-direction/-/react-direction-1.1.4.tgz. Extracting by manifest.
1187 silly tarball no local data for @radix-ui/react-dialog@https://registry.npmjs.org/@radix-ui/react-dialog/-/react-dialog-1.1.23.tgz. Extracting by manifest.
1188 silly tarball no local data for @radix-ui/react-compose-refs@https://registry.npmjs.org/@radix-ui/react-compose-refs/-/react-compose-refs-1.1.5.tgz. Extracting by manifest.
1189 silly tarball no local data for @radix-ui/react-context-menu@https://registry.npmjs.org/@radix-ui/react-context-menu/-/react-context-menu-2.3.7.tgz. Extracting by manifest.
1190 silly tarball no local data for @radix-ui/react-context@https://registry.npmjs.org/@radix-ui/react-context/-/react-context-1.2.2.tgz. Extracting by manifest.
1191 silly tarball no local data for @radix-ui/react-avatar@https://registry.npmjs.org/@radix-ui/react-avatar/-/react-avatar-1.2.6.tgz. Extracting by manifest.
1192 silly tarball no local data for @radix-ui/react-collection@https://registry.npmjs.org/@radix-ui/react-collection/-/react-collection-1.1.15.tgz. Extracting by manifest.
1193 silly tarball no local data for @radix-ui/react-aspect-ratio@https://registry.npmjs.org/@radix-ui/react-aspect-ratio/-/react-aspect-ratio-1.1.15.tgz. Extracting by manifest.
1194 silly tarball no local data for @radix-ui/react-focus-guards@https://registry.npmjs.org/@radix-ui/react-focus-guards/-/react-focus-guards-1.1.6.tgz. Extracting by manifest.
1195 silly tarball no local data for @radix-ui/react-checkbox@https://registry.npmjs.org/@radix-ui/react-checkbox/-/react-checkbox-1.3.11.tgz. Extracting by manifest.
1196 silly tarball no local data for @radix-ui/react-arrow@https://registry.npmjs.org/@radix-ui/react-arrow/-/react-arrow-1.1.15.tgz. Extracting by manifest.
1197 silly tarball no local data for @radix-ui/react-alert-dialog@https://registry.npmjs.org/@radix-ui/react-alert-dialog/-/react-alert-dialog-1.1.23.tgz. Extracting by manifest.
1198 silly tarball no local data for @radix-ui/react-accessible-icon@https://registry.npmjs.org/@radix-ui/react-accessible-icon/-/react-accessible-icon-1.1.15.tgz. Extracting by manifest.
1199 silly tarball no local data for @radix-ui/react-accordion@https://registry.npmjs.org/@radix-ui/react-accordion/-/react-accordion-1.2.20.tgz. Extracting by manifest.
1200 silly tarball no local data for @radix-ui/number@https://registry.npmjs.org/@radix-ui/number/-/number-1.1.3.tgz. Extracting by manifest.
1201 silly tarball no local data for @mdx-js/mdx@https://registry.npmjs.org/@mdx-js/mdx/-/mdx-3.1.1.tgz. Extracting by manifest.
1202 silly tarball no local data for @jridgewell/sourcemap-codec@https://registry.npmjs.org/@jridgewell/sourcemap-codec/-/sourcemap-codec-1.5.5.tgz. Extracting by manifest.
1203 silly tarball no local data for @jridgewell/trace-mapping@https://registry.npmjs.org/@jridgewell/trace-mapping/-/trace-mapping-0.3.31.tgz. Extracting by manifest.
1204 silly tarball no local data for @jridgewell/gen-mapping@https://registry.npmjs.org/@jridgewell/gen-mapping/-/gen-mapping-0.3.13.tgz. Extracting by manifest.
1205 silly tarball no local data for @jridgewell/resolve-uri@https://registry.npmjs.org/@jridgewell/resolve-uri/-/resolve-uri-3.1.2.tgz. Extracting by manifest.
1206 silly tarball no local data for @radix-ui/primitive@https://registry.npmjs.org/@radix-ui/primitive/-/primitive-1.1.7.tgz. Extracting by manifest.
1207 silly tarball no local data for @isaacs/fs-minipass@https://registry.npmjs.org/@isaacs/fs-minipass/-/fs-minipass-4.0.1.tgz. Extracting by manifest.
1208 silly tarball no local data for @jridgewell/remapping@https://registry.npmjs.org/@jridgewell/remapping/-/remapping-2.3.5.tgz. Extracting by manifest.
1209 silly tarball no local data for @img/sharp-win32-x64@https://registry.npmjs.org/@img/sharp-win32-x64/-/sharp-win32-x64-0.34.5.tgz. Extracting by manifest.
1210 silly tarball no local data for @radix-ui/react-collapsible@https://registry.npmjs.org/@radix-ui/react-collapsible/-/react-collapsible-1.1.20.tgz. Extracting by manifest.
1211 silly tarball no local data for @iconify/tools@https://registry.npmjs.org/@iconify/tools/-/tools-4.2.0.tgz. Extracting by manifest.
1212 silly tarball no local data for @iconify/utils@https://registry.npmjs.org/@iconify/utils/-/utils-2.3.0.tgz. Extracting by manifest.
1213 silly tarball no local data for @iconify-json/lucide@https://registry.npmjs.org/@iconify-json/lucide/-/lucide-1.2.122.tgz. Extracting by manifest.
1214 silly tarball no local data for @oslojs/encoding@https://registry.npmjs.org/@oslojs/encoding/-/encoding-1.1.0.tgz. Extracting by manifest.
1215 silly tarball no local data for @floating-ui/utils@https://registry.npmjs.org/@floating-ui/utils/-/utils-0.2.12.tgz. Extracting by manifest.
1216 silly tarball no local data for @floating-ui/core@https://registry.npmjs.org/@floating-ui/core/-/core-1.8.0.tgz. Extracting by manifest.
1217 silly tarball no local data for @expressive-code/plugin-line-numbers@https://registry.npmjs.org/@expressive-code/plugin-line-numbers/-/plugin-line-numbers-0.40.2.tgz. Extracting by manifest.
1218 silly tarball no local data for @expressive-code/plugin-text-markers@https://registry.npmjs.org/@expressive-code/plugin-text-markers/-/plugin-text-markers-0.40.2.tgz. Extracting by manifest.
1219 silly tarball no local data for @expressive-code/plugin-shiki@https://registry.npmjs.org/@expressive-code/plugin-shiki/-/plugin-shiki-0.40.2.tgz. Extracting by manifest.
1220 silly tarball no local data for @img/colour@https://registry.npmjs.org/@img/colour/-/colour-1.1.0.tgz. Extracting by manifest.
1221 silly tarball no local data for @floating-ui/dom@https://registry.npmjs.org/@floating-ui/dom/-/dom-1.8.0.tgz. Extracting by manifest.
1222 silly tarball no local data for @expressive-code/plugin-frames@https://registry.npmjs.org/@expressive-code/plugin-frames/-/plugin-frames-0.40.2.tgz. Extracting by manifest.
1223 silly tarball no local data for @iconify/types@https://registry.npmjs.org/@iconify/types/-/types-2.0.0.tgz. Extracting by manifest.
1224 silly tarball no local data for @floating-ui/react-dom@https://registry.npmjs.org/@floating-ui/react-dom/-/react-dom-2.1.9.tgz. Extracting by manifest.
1225 silly tarball no local data for @esbuild/win32-x64@https://registry.npmjs.org/@esbuild/win32-x64/-/win32-x64-0.27.7.tgz. Extracting by manifest.
1226 silly tarball no local data for @emmetio/stream-reader@https://registry.npmjs.org/@emmetio/stream-reader/-/stream-reader-2.2.0.tgz. Extracting by manifest.
1227 silly tarball no local data for @emmetio/html-matcher@https://registry.npmjs.org/@emmetio/html-matcher/-/html-matcher-1.3.0.tgz. Extracting by manifest.
1228 silly tarball no local data for @expressive-code/core@https://registry.npmjs.org/@expressive-code/core/-/core-0.40.2.tgz. Extracting by manifest.
1229 silly tarball no local data for @emmetio/css-parser@https://registry.npmjs.org/@emmetio/css-parser/-/css-parser-0.4.1.tgz. Extracting by manifest.
1230 silly tarball no local data for @expressive-code/plugin-collapsible-sections@https://registry.npmjs.org/@expressive-code/plugin-collapsible-sections/-/plugin-collapsible-sections-0.40.2.tgz. Extracting by manifest.
1231 silly tarball no local data for @emmetio/scanner@https://registry.npmjs.org/@emmetio/scanner/-/scanner-1.0.4.tgz. Extracting by manifest.
1232 silly tarball no local data for @emmetio/css-abbreviation@https://registry.npmjs.org/@emmetio/css-abbreviation/-/css-abbreviation-2.1.8.tgz. Extracting by manifest.
1233 silly tarball no local data for @emmetio/abbreviation@https://registry.npmjs.org/@emmetio/abbreviation/-/abbreviation-2.3.3.tgz. Extracting by manifest.
1234 silly tarball no local data for @emmetio/stream-reader-utils@https://registry.npmjs.org/@emmetio/stream-reader-utils/-/stream-reader-utils-0.1.0.tgz. Extracting by manifest.
1235 silly tarball no local data for @clack/core@https://registry.npmjs.org/@clack/core/-/core-1.4.3.tgz. Extracting by manifest.
1236 silly tarball no local data for @capsizecss/unpack@https://registry.npmjs.org/@capsizecss/unpack/-/unpack-4.0.1.tgz. Extracting by manifest.
1237 silly tarball no local data for @clack/prompts@https://registry.npmjs.org/@clack/prompts/-/prompts-1.7.0.tgz. Extracting by manifest.
1238 silly tarball no local data for @ctrl/tinycolor@https://registry.npmjs.org/@ctrl/tinycolor/-/tinycolor-4.2.0.tgz. Extracting by manifest.
1239 silly tarball no local data for @babel/types@https://registry.npmjs.org/@babel/types/-/types-7.29.8.tgz. Extracting by manifest.
1240 silly tarball no local data for @babel/parser@https://registry.npmjs.org/@babel/parser/-/parser-7.29.8.tgz. Extracting by manifest.
1241 silly tarball no local data for @babel/plugin-transform-react-jsx-source@https://registry.npmjs.org/@babel/plugin-transform-react-jsx-source/-/plugin-transform-react-jsx-source-7.29.7.tgz. Extracting by manifest.
1242 silly tarball no local data for @babel/helper-validator-option@https://registry.npmjs.org/@babel/helper-validator-option/-/helper-validator-option-7.29.7.tgz. Extracting by manifest.
1243 silly tarball no local data for @babel/helper-validator-identifier@https://registry.npmjs.org/@babel/helper-validator-identifier/-/helper-validator-identifier-7.29.7.tgz. Extracting by manifest.
1244 silly tarball no local data for @babel/template@https://registry.npmjs.org/@babel/template/-/template-7.29.7.tgz. Extracting by manifest.
1245 silly tarball no local data for @babel/plugin-transform-react-jsx-self@https://registry.npmjs.org/@babel/plugin-transform-react-jsx-self/-/plugin-transform-react-jsx-self-7.29.7.tgz. Extracting by manifest.
1246 silly tarball no local data for @babel/helper-module-imports@https://registry.npmjs.org/@babel/helper-module-imports/-/helper-module-imports-7.29.7.tgz. Extracting by manifest.
1247 silly tarball no local data for @babel/helper-string-parser@https://registry.npmjs.org/@babel/helper-string-parser/-/helper-string-parser-7.29.7.tgz. Extracting by manifest.
1248 silly tarball no local data for @babel/helper-plugin-utils@https://registry.npmjs.org/@babel/helper-plugin-utils/-/helper-plugin-utils-7.29.7.tgz. Extracting by manifest.
1249 silly tarball no local data for @babel/helper-globals@https://registry.npmjs.org/@babel/helper-globals/-/helper-globals-7.29.7.tgz. Extracting by manifest.
1250 silly tarball no local data for @babel/generator@https://registry.npmjs.org/@babel/generator/-/generator-7.29.8.tgz. Extracting by manifest.
1251 silly tarball no local data for @babel/helper-module-transforms@https://registry.npmjs.org/@babel/helper-module-transforms/-/helper-module-transforms-7.29.7.tgz. Extracting by manifest.
1252 silly tarball no local data for @babel/core@https://registry.npmjs.org/@babel/core/-/core-7.29.7.tgz. Extracting by manifest.
1253 silly tarball no local data for @babel/helper-compilation-targets@https://registry.npmjs.org/@babel/helper-compilation-targets/-/helper-compilation-targets-7.29.7.tgz. Extracting by manifest.
1254 silly tarball no local data for @babel/code-frame@https://registry.npmjs.org/@babel/code-frame/-/code-frame-7.29.7.tgz. Extracting by manifest.
1255 silly tarball no local data for @astrojs/telemetry@https://registry.npmjs.org/@astrojs/telemetry/-/telemetry-3.3.0.tgz. Extracting by manifest.
1256 silly tarball no local data for @astrojs/yaml2ts@https://registry.npmjs.org/@astrojs/yaml2ts/-/yaml2ts-0.2.4.tgz. Extracting by manifest.
1257 silly tarball no local data for @astrojs/sitemap@https://registry.npmjs.org/@astrojs/sitemap/-/sitemap-3.7.1.tgz. Extracting by manifest.
1258 silly tarball no local data for @astrojs/prism@https://registry.npmjs.org/@astrojs/prism/-/prism-4.0.0.tgz. Extracting by manifest.
1259 silly tarball no local data for @astrojs/react@https://registry.npmjs.org/@astrojs/react/-/react-5.0.0.tgz. Extracting by manifest.
1260 silly tarball no local data for @astrojs/rss@https://registry.npmjs.org/@astrojs/rss/-/rss-4.0.17.tgz. Extracting by manifest.
1261 silly tarball no local data for @astrojs/mdx@https://registry.npmjs.org/@astrojs/mdx/-/mdx-5.0.0.tgz. Extracting by manifest.
1262 silly tarball no local data for @babel/traverse@https://registry.npmjs.org/@babel/traverse/-/traverse-7.29.8.tgz. Extracting by manifest.
1263 silly tarball no local data for @astrojs/markdown-remark@https://registry.npmjs.org/@astrojs/markdown-remark/-/markdown-remark-7.0.0.tgz. Extracting by manifest.
1264 silly tarball no local data for @astrojs/language-server@https://registry.npmjs.org/@astrojs/language-server/-/language-server-2.16.13.tgz. Extracting by manifest.
1265 silly tarball no local data for @antfu/utils@https://registry.npmjs.org/@antfu/utils/-/utils-8.1.1.tgz. Extracting by manifest.
1266 silly tarball no local data for yaml@https://registry.npmjs.org/yaml/-/yaml-2.8.3.tgz. Extracting by manifest.
1267 silly tarball no local data for request-light@https://registry.npmjs.org/request-light/-/request-light-0.5.8.tgz. Extracting by manifest.
1268 silly tarball no local data for @astrojs/check@https://registry.npmjs.org/@astrojs/check/-/check-0.9.7.tgz. Extracting by manifest.
1269 silly tarball no local data for @astrojs/internal-helpers@https://registry.npmjs.org/@astrojs/internal-helpers/-/internal-helpers-0.8.0.tgz. Extracting by manifest.
1270 silly tarball no local data for @babel/compat-data@https://registry.npmjs.org/@babel/compat-data/-/compat-data-7.29.7.tgz. Extracting by manifest.
1271 silly tarball no local data for vscode-languageserver-protocol@https://registry.npmjs.org/vscode-languageserver-protocol/-/vscode-languageserver-protocol-3.17.5.tgz. Extracting by manifest.
1272 silly tarball no local data for vscode-languageserver-types@https://registry.npmjs.org/vscode-languageserver-types/-/vscode-languageserver-types-3.17.5.tgz. Extracting by manifest.
1273 silly tarball no local data for @astrojs/compiler@https://registry.npmjs.org/@astrojs/compiler/-/compiler-2.13.1.tgz. Extracting by manifest.
1274 silly tarball no local data for jsonc-parser@https://registry.npmjs.org/jsonc-parser/-/jsonc-parser-3.3.1.tgz. Extracting by manifest.
1275 silly tarball no local data for vscode-languageserver-types@https://registry.npmjs.org/vscode-languageserver-types/-/vscode-languageserver-types-3.17.5.tgz. Extracting by manifest.
1276 silly tarball no local data for yallist@https://registry.npmjs.org/yallist/-/yallist-5.0.0.tgz. Extracting by manifest.
1277 silly tarball no local data for semver@https://registry.npmjs.org/semver/-/semver-7.8.5.tgz. Extracting by manifest.
1278 silly tarball no local data for semver@https://registry.npmjs.org/semver/-/semver-7.8.5.tgz. Extracting by manifest.
1279 silly tarball no local data for undici-types@https://registry.npmjs.org/undici-types/-/undici-types-7.18.2.tgz. Extracting by manifest.
1280 silly tarball no local data for yargs-parser@https://registry.npmjs.org/yargs-parser/-/yargs-parser-21.1.1.tgz. Extracting by manifest.
1281 silly tarball no local data for commander@https://registry.npmjs.org/commander/-/commander-11.1.0.tgz. Extracting by manifest.
1282 silly tarball no local data for semver@https://registry.npmjs.org/semver/-/semver-7.8.5.tgz. Extracting by manifest.
1283 silly tarball no local data for typescript@https://registry.npmjs.org/typescript/-/typescript-6.0.3.tgz. Extracting by manifest.
1284 silly tarball no local data for @astrojs/compiler@https://registry.npmjs.org/@astrojs/compiler/-/compiler-3.0.1.tgz. Extracting by manifest.
1285 silly tarball no local data for @babel/helpers@https://registry.npmjs.org/@babel/helpers/-/helpers-7.29.7.tgz. Extracting by manifest.
1286 silly tarball no local data for confbox@https://registry.npmjs.org/confbox/-/confbox-0.1.8.tgz. Extracting by manifest.
1287 silly tarball no local data for @types/unist@https://registry.npmjs.org/@types/unist/-/unist-2.0.11.tgz. Extracting by manifest.
1288 silly tarball no local data for pkg-types@https://registry.npmjs.org/pkg-types/-/pkg-types-1.3.1.tgz. Extracting by manifest.
1289 silly tarball no local data for vscode-jsonrpc@https://registry.npmjs.org/vscode-jsonrpc/-/vscode-jsonrpc-8.2.0.tgz. Extracting by manifest.
1290 silly tarball no local data for mdn-data@https://registry.npmjs.org/mdn-data/-/mdn-data-2.0.28.tgz. Extracting by manifest.
1291 silly tarball no local data for unstorage@https://registry.npmjs.org/unstorage/-/unstorage-1.17.5.tgz. Extracting by manifest.
1292 silly tarball no local data for semver@https://registry.npmjs.org/semver/-/semver-7.8.5.tgz. Extracting by manifest.
1293 silly tarball no local data for entities@https://registry.npmjs.org/entities/-/entities-6.0.1.tgz. Extracting by manifest.
1294 silly tarball no local data for entities@https://registry.npmjs.org/entities/-/entities-7.0.1.tgz. Extracting by manifest.
1295 silly tarball no local data for @antfu/install-pkg@https://registry.npmjs.org/@antfu/install-pkg/-/install-pkg-1.1.0.tgz. Extracting by manifest.
1296 silly tarball no local data for readdirp@https://registry.npmjs.org/readdirp/-/readdirp-5.1.1.tgz. Extracting by manifest.
1297 silly tarball no local data for @astrojs/compiler@https://registry.npmjs.org/@astrojs/compiler/-/compiler-3.0.1.tgz. Extracting by manifest.
1298 silly tarball no local data for picomatch@https://registry.npmjs.org/picomatch/-/picomatch-2.3.2.tgz. Extracting by manifest.
1299 silly tarball no local data for chokidar@https://registry.npmjs.org/chokidar/-/chokidar-5.0.0.tgz. Extracting by manifest.
1300 silly tarball no local data for lru-cache@https://registry.npmjs.org/lru-cache/-/lru-cache-11.5.2.tgz. Extracting by manifest.
1301 silly tarball no local data for css-tree@https://registry.npmjs.org/css-tree/-/css-tree-2.2.1.tgz. Extracting by manifest.
1302 silly tarball no local data for lightningcss-win32-x64-msvc@https://registry.npmjs.org/lightningcss-win32-x64-msvc/-/lightningcss-win32-x64-msvc-1.31.1.tgz. Extracting by manifest.
1303 silly tarball no local data for @shikijs/themes@https://registry.npmjs.org/@shikijs/themes/-/themes-3.23.0.tgz. Extracting by manifest.
1304 silly tarball no local data for @shikijs/types@https://registry.npmjs.org/@shikijs/types/-/types-4.4.2.tgz. Extracting by manifest.
1305 silly tarball no local data for shiki@https://registry.npmjs.org/shiki/-/shiki-3.23.0.tgz. Extracting by manifest.
1306 silly tarball no local data for @shikijs/langs@https://registry.npmjs.org/@shikijs/langs/-/langs-3.23.0.tgz. Extracting by manifest.
1307 silly tarball no local data for lightningcss@https://registry.npmjs.org/lightningcss/-/lightningcss-1.31.1.tgz. Extracting by manifest.
1308 silly tarball no local data for @types/node@https://registry.npmjs.org/@types/node/-/node-24.13.3.tgz. Extracting by manifest.
1309 silly tarball no local data for @shikijs/types@https://registry.npmjs.org/@shikijs/types/-/types-4.4.2.tgz. Extracting by manifest.
1310 silly tarball no local data for @shikijs/engine-oniguruma@https://registry.npmjs.org/@shikijs/engine-oniguruma/-/engine-oniguruma-3.23.0.tgz. Extracting by manifest.
1311 silly tarball no local data for @shikijs/types@https://registry.npmjs.org/@shikijs/types/-/types-4.4.2.tgz. Extracting by manifest.
1312 silly tarball no local data for @shikijs/types@https://registry.npmjs.org/@shikijs/types/-/types-4.4.2.tgz. Extracting by manifest.
1313 silly tarball no local data for estree-walker@https://registry.npmjs.org/estree-walker/-/estree-walker-2.0.2.tgz. Extracting by manifest.
1314 silly tarball no local data for @shikijs/engine-javascript@https://registry.npmjs.org/@shikijs/engine-javascript/-/engine-javascript-3.23.0.tgz. Extracting by manifest.
1315 silly tarball no local data for @shikijs/core@https://registry.npmjs.org/@shikijs/core/-/core-3.23.0.tgz. Extracting by manifest.
1316 silly tarball no local data for svgo@https://registry.npmjs.org/svgo/-/svgo-3.3.4.tgz. Extracting by manifest.
1317 silly tarball no local data for css-tree@https://registry.npmjs.org/css-tree/-/css-tree-2.3.1.tgz. Extracting by manifest.
1318 silly tarball no local data for mdn-data@https://registry.npmjs.org/mdn-data/-/mdn-data-2.0.30.tgz. Extracting by manifest.
1319 silly tarball no local data for shiki@https://registry.npmjs.org/shiki/-/shiki-1.29.2.tgz. Extracting by manifest.
1320 silly tarball no local data for @shikijs/types@https://registry.npmjs.org/@shikijs/types/-/types-4.4.2.tgz. Extracting by manifest.
1321 silly tarball no local data for regex-recursion@https://registry.npmjs.org/regex-recursion/-/regex-recursion-5.1.1.tgz. Extracting by manifest.
1322 silly tarball no local data for @shikijs/types@https://registry.npmjs.org/@shikijs/types/-/types-4.4.2.tgz. Extracting by manifest.
1323 silly tarball no local data for oniguruma-to-es@https://registry.npmjs.org/oniguruma-to-es/-/oniguruma-to-es-2.3.0.tgz. Extracting by manifest.
1324 silly tarball no local data for @shikijs/types@https://registry.npmjs.org/@shikijs/types/-/types-1.29.2.tgz. Extracting by manifest.
1325 silly tarball no local data for commander@https://registry.npmjs.org/commander/-/commander-7.2.0.tgz. Extracting by manifest.
1326 silly tarball no local data for @shikijs/engine-oniguruma@https://registry.npmjs.org/@shikijs/engine-oniguruma/-/engine-oniguruma-1.29.2.tgz. Extracting by manifest.
1327 silly tarball no local data for @shikijs/langs@https://registry.npmjs.org/@shikijs/langs/-/langs-1.29.2.tgz. Extracting by manifest.
1328 silly tarball no local data for @shikijs/engine-javascript@https://registry.npmjs.org/@shikijs/engine-javascript/-/engine-javascript-1.29.2.tgz. Extracting by manifest.
1329 silly tarball no local data for regex@https://registry.npmjs.org/regex/-/regex-5.1.1.tgz. Extracting by manifest.
1330 silly tarball no local data for @shikijs/types@https://registry.npmjs.org/@shikijs/types/-/types-4.4.2.tgz. Extracting by manifest.
1331 silly tarball no local data for @shikijs/themes@https://registry.npmjs.org/@shikijs/themes/-/themes-1.29.2.tgz. Extracting by manifest.
1332 silly tarball no local data for @shikijs/core@https://registry.npmjs.org/@shikijs/core/-/core-1.29.2.tgz. Extracting by manifest.
1333 http fetch GET https://registry.npmjs.org/yargs-parser/-/yargs-parser-22.0.0.tgz attempt 1 failed with EACCES
1334 http fetch GET https://registry.npmjs.org/yauzl/-/yauzl-2.10.0.tgz attempt 1 failed with EACCES
1335 http fetch GET https://registry.npmjs.org/yargs/-/yargs-17.7.3.tgz attempt 1 failed with EACCES
1336 http fetch GET https://registry.npmjs.org/yocto-queue/-/yocto-queue-1.2.2.tgz attempt 1 failed with EACCES
1337 http fetch GET https://registry.npmjs.org/yallist/-/yallist-3.1.1.tgz attempt 1 failed with EACCES
1338 http fetch GET https://registry.npmjs.org/xxhash-wasm/-/xxhash-wasm-1.1.0.tgz attempt 1 failed with EACCES
1339 http fetch GET https://registry.npmjs.org/zod/-/zod-4.4.3.tgz attempt 1 failed with EACCES
1340 http fetch GET https://registry.npmjs.org/xml-naming/-/xml-naming-0.3.0.tgz attempt 1 failed with EACCES
1341 http fetch GET https://registry.npmjs.org/zwitch/-/zwitch-2.0.4.tgz attempt 1 failed with EACCES
1342 http fetch GET https://registry.npmjs.org/y18n/-/y18n-5.0.8.tgz attempt 1 failed with EACCES
1343 http fetch GET https://registry.npmjs.org/yaml-language-server/-/yaml-language-server-1.23.0.tgz attempt 1 failed with EACCES
1344 http fetch GET https://registry.npmjs.org/which-pm-runs/-/which-pm-runs-1.1.0.tgz attempt 1 failed with EACCES
1345 http fetch GET https://registry.npmjs.org/whatwg-encoding/-/whatwg-encoding-3.1.1.tgz attempt 1 failed with EACCES
1346 http fetch GET https://registry.npmjs.org/yaml/-/yaml-2.9.0.tgz attempt 1 failed with EACCES
1347 http fetch GET https://registry.npmjs.org/vscode-uri/-/vscode-uri-3.1.0.tgz attempt 1 failed with EACCES
1348 http fetch GET https://registry.npmjs.org/vscode-nls/-/vscode-nls-5.2.0.tgz attempt 1 failed with EACCES
1349 http fetch GET https://registry.npmjs.org/vscode-languageserver-textdocument/-/vscode-languageserver-textdocument-1.0.12.tgz attempt 1 failed with EACCES
1350 http fetch GET https://registry.npmjs.org/vscode-languageserver-types/-/vscode-languageserver-types-3.18.0.tgz attempt 1 failed with EACCES
1351 http fetch GET https://registry.npmjs.org/wrap-ansi/-/wrap-ansi-7.0.0.tgz attempt 1 failed with EACCES
1352 http fetch GET https://registry.npmjs.org/vscode-jsonrpc/-/vscode-jsonrpc-9.0.1.tgz attempt 1 failed with EACCES
1353 http fetch GET https://registry.npmjs.org/web-namespaces/-/web-namespaces-2.0.1.tgz attempt 1 failed with EACCES
1354 http fetch GET https://registry.npmjs.org/whatwg-mimetype/-/whatwg-mimetype-4.0.0.tgz attempt 1 failed with EACCES
1355 http fetch GET https://registry.npmjs.org/vscode-html-languageservice/-/vscode-html-languageservice-5.6.2.tgz attempt 1 failed with EACCES
1356 http fetch GET https://registry.npmjs.org/wrappy/-/wrappy-1.0.2.tgz attempt 1 failed with EACCES
1357 http fetch GET https://registry.npmjs.org/volar-service-yaml/-/volar-service-yaml-0.0.71.tgz attempt 1 failed with EACCES
1358 http fetch GET https://registry.npmjs.org/vscode-languageserver-protocol/-/vscode-languageserver-protocol-3.18.2.tgz attempt 1 failed with EACCES
1359 http fetch GET https://registry.npmjs.org/vscode-languageserver/-/vscode-languageserver-9.0.1.tgz attempt 1 failed with EACCES
1360 http fetch GET https://registry.npmjs.org/volar-service-typescript-twoslash-queries/-/volar-service-typescript-twoslash-queries-0.0.71.tgz attempt 1 failed with EACCES
1361 http fetch GET https://registry.npmjs.org/volar-service-css/-/volar-service-css-0.0.71.tgz attempt 1 failed with EACCES
1362 http fetch GET https://registry.npmjs.org/volar-service-emmet/-/volar-service-emmet-0.0.71.tgz attempt 1 failed with EACCES
1363 http fetch GET https://registry.npmjs.org/vfile-message/-/vfile-message-4.0.3.tgz attempt 1 failed with EACCES
1364 http fetch GET https://registry.npmjs.org/vscode-json-languageservice/-/vscode-json-languageservice-4.1.8.tgz attempt 1 failed with EACCES
1365 http fetch GET https://registry.npmjs.org/volar-service-html/-/volar-service-html-0.0.71.tgz attempt 1 failed with EACCES
1366 http fetch GET https://registry.npmjs.org/vite/-/vite-7.3.6.tgz attempt 1 failed with EACCES
1367 http fetch GET https://registry.npmjs.org/vitefu/-/vitefu-1.1.3.tgz attempt 1 failed with EACCES
1368 http fetch GET https://registry.npmjs.org/use-sidecar/-/use-sidecar-1.1.3.tgz attempt 1 failed with EACCES
1369 http fetch GET https://registry.npmjs.org/vfile-location/-/vfile-location-5.0.3.tgz attempt 1 failed with EACCES
1370 http fetch GET https://registry.npmjs.org/vscode-css-languageservice/-/vscode-css-languageservice-6.3.10.tgz attempt 1 failed with EACCES
1371 http fetch GET https://registry.npmjs.org/vfile/-/vfile-6.0.3.tgz attempt 1 failed with EACCES
1372 http fetch GET https://registry.npmjs.org/util-deprecate/-/util-deprecate-1.0.2.tgz attempt 1 failed with EACCES
1373 http fetch GET https://registry.npmjs.org/volar-service-typescript/-/volar-service-typescript-0.0.71.tgz attempt 1 failed with EACCES
1374 http fetch GET https://registry.npmjs.org/use-callback-ref/-/use-callback-ref-1.3.3.tgz attempt 1 failed with EACCES
1375 http fetch GET https://registry.npmjs.org/unist-util-visit-children/-/unist-util-visit-children-3.0.0.tgz attempt 1 failed with EACCES
1376 http fetch GET https://registry.npmjs.org/unist-util-visit-parents/-/unist-util-visit-parents-6.0.2.tgz attempt 1 failed with EACCES
1377 http fetch GET https://registry.npmjs.org/update-browserslist-db/-/update-browserslist-db-1.3.0.tgz attempt 1 failed with EACCES
1378 http fetch GET https://registry.npmjs.org/unist-util-remove-position/-/unist-util-remove-position-5.0.0.tgz attempt 1 failed with EACCES
1379 http fetch GET https://registry.npmjs.org/unist-util-stringify-position/-/unist-util-stringify-position-4.0.0.tgz attempt 1 failed with EACCES
1380 http fetch GET https://registry.npmjs.org/unist-util-position/-/unist-util-position-5.0.0.tgz attempt 1 failed with EACCES
1381 http fetch GET https://registry.npmjs.org/unist-util-visit/-/unist-util-visit-5.1.0.tgz attempt 1 failed with EACCES
1382 http fetch GET https://registry.npmjs.org/unist-util-position-from-estree/-/unist-util-position-from-estree-2.0.0.tgz attempt 1 failed with EACCES
1383 http fetch GET https://registry.npmjs.org/unified/-/unified-11.0.5.tgz attempt 1 failed with EACCES
1384 http fetch GET https://registry.npmjs.org/unist-util-find-after/-/unist-util-find-after-5.0.0.tgz attempt 1 failed with EACCES
1385 http fetch GET https://registry.npmjs.org/undici-types/-/undici-types-8.3.0.tgz attempt 1 failed with EACCES
1386 http fetch GET https://registry.npmjs.org/uncrypto/-/uncrypto-0.1.3.tgz attempt 1 failed with EACCES
1387 http fetch GET https://registry.npmjs.org/unifont/-/unifont-0.7.4.tgz attempt 1 failed with EACCES
1388 http fetch GET https://registry.npmjs.org/ultrahtml/-/ultrahtml-1.7.0.tgz attempt 1 failed with EACCES
1389 http fetch GET https://registry.npmjs.org/undici/-/undici-7.29.0.tgz attempt 1 failed with EACCES
1390 http fetch GET https://registry.npmjs.org/ufo/-/ufo-1.6.4.tgz attempt 1 failed with EACCES
1391 http fetch GET https://registry.npmjs.org/unist-util-is/-/unist-util-is-6.0.1.tgz attempt 1 failed with EACCES
1392 http fetch GET https://registry.npmjs.org/unicode-emoji-modifier-base/-/unicode-emoji-modifier-base-1.0.0.tgz attempt 1 failed with EACCES
1393 http fetch GET https://registry.npmjs.org/typescript/-/typescript-5.9.3.tgz attempt 1 failed with EACCES
1394 http fetch GET https://registry.npmjs.org/typesafe-path/-/typesafe-path-0.2.2.tgz attempt 1 failed with EACCES
1395 http fetch GET https://registry.npmjs.org/tslib/-/tslib-2.8.1.tgz attempt 1 failed with EACCES
1396 http fetch GET https://registry.npmjs.org/tsconfck/-/tsconfck-3.1.6.tgz attempt 1 failed with EACCES
1397 http fetch GET https://registry.npmjs.org/volar-service-prettier/-/volar-service-prettier-0.0.71.tgz attempt 1 failed with EACCES
1398 http fetch GET https://registry.npmjs.org/trough/-/trough-2.2.0.tgz attempt 1 failed with EACCES
1399 http fetch GET https://registry.npmjs.org/typescript-auto-import-cache/-/typescript-auto-import-cache-0.3.6.tgz attempt 1 failed with EACCES
1400 http fetch GET https://registry.npmjs.org/unist-util-modify-children/-/unist-util-modify-children-4.0.0.tgz attempt 1 failed with EACCES
1401 http fetch GET https://registry.npmjs.org/tinyglobby/-/tinyglobby-0.2.17.tgz attempt 1 failed with EACCES
1402 http fetch GET https://registry.npmjs.org/tinyexec/-/tinyexec-1.3.0.tgz attempt 1 failed with EACCES
1403 http fetch GET https://registry.npmjs.org/tinyclip/-/tinyclip-0.1.15.tgz attempt 1 failed with EACCES
1404 http fetch GET https://registry.npmjs.org/tiny-inflate/-/tiny-inflate-1.0.3.tgz attempt 1 failed with EACCES
1405 http fetch GET https://registry.npmjs.org/tar/-/tar-7.5.22.tgz attempt 1 failed with EACCES
1406 http fetch GET https://registry.npmjs.org/tailwind-merge/-/tailwind-merge-3.6.0.tgz attempt 1 failed with EACCES
1407 http fetch GET https://registry.npmjs.org/svgo/-/svgo-4.0.2.tgz attempt 1 failed with EACCES
1408 http fetch GET https://registry.npmjs.org/suf-log/-/suf-log-2.5.3.tgz attempt 1 failed with EACCES
1409 http fetch GET https://registry.npmjs.org/tailwindcss/-/tailwindcss-4.2.1.tgz attempt 1 failed with EACCES
1410 http fetch GET https://registry.npmjs.org/tapable/-/tapable-2.3.3.tgz attempt 1 failed with EACCES
1411 http fetch GET https://registry.npmjs.org/style-to-object/-/style-to-object-1.0.14.tgz attempt 1 failed with EACCES
1412 http fetch GET https://registry.npmjs.org/style-to-js/-/style-to-js-1.1.21.tgz attempt 1 failed with EACCES
1413 http fetch GET https://registry.npmjs.org/strip-ansi/-/strip-ansi-6.0.1.tgz attempt 1 failed with EACCES
1414 http fetch GET https://registry.npmjs.org/stringify-entities/-/stringify-entities-4.0.4.tgz attempt 1 failed with EACCES
1415 http fetch GET https://registry.npmjs.org/stream-replace-string/-/stream-replace-string-2.0.0.tgz attempt 1 failed with EACCES
1416 http fetch GET https://registry.npmjs.org/strnum/-/strnum-2.4.1.tgz attempt 1 failed with EACCES
1417 http fetch GET https://registry.npmjs.org/trim-lines/-/trim-lines-3.0.1.tgz attempt 1 failed with EACCES
1418 http fetch GET https://registry.npmjs.org/string-width/-/string-width-4.2.3.tgz attempt 1 failed with EACCES
1419 http fetch GET https://registry.npmjs.org/space-separated-tokens/-/space-separated-tokens-2.0.2.tgz attempt 1 failed with EACCES
1420 http fetch GET https://registry.npmjs.org/source-map/-/source-map-0.7.6.tgz attempt 1 failed with EACCES
1421 http fetch GET https://registry.npmjs.org/source-map-js/-/source-map-js-1.2.1.tgz attempt 1 failed with EACCES
1422 http fetch GET https://registry.npmjs.org/sitemap/-/sitemap-9.0.1.tgz attempt 1 failed with EACCES
1423 http fetch GET https://registry.npmjs.org/sisteransi/-/sisteransi-1.0.5.tgz attempt 1 failed with EACCES
1424 http fetch GET https://registry.npmjs.org/sharp/-/sharp-0.34.5.tgz attempt 1 failed with EACCES
1425 http fetch GET https://registry.npmjs.org/semver/-/semver-6.3.1.tgz attempt 1 failed with EACCES
1426 http fetch GET https://registry.npmjs.org/skin-tone/-/skin-tone-2.0.0.tgz attempt 1 failed with EACCES
1427 http fetch GET https://registry.npmjs.org/shiki/-/shiki-4.4.2.tgz attempt 1 failed with EACCES
1428 http fetch GET https://registry.npmjs.org/sax/-/sax-1.6.1.tgz attempt 1 failed with EACCES
1429 http fetch GET https://registry.npmjs.org/smol-toml/-/smol-toml-1.7.1.tgz attempt 1 failed with EACCES
1430 http fetch GET https://registry.npmjs.org/scheduler/-/scheduler-0.25.0.tgz attempt 1 failed with EACCES
1431 http fetch GET https://registry.npmjs.org/s.color/-/s.color-0.0.15.tgz attempt 1 failed with EACCES
1432 http fetch GET https://registry.npmjs.org/safer-buffer/-/safer-buffer-2.1.2.tgz attempt 1 failed with EACCES
1433 http fetch GET https://registry.npmjs.org/sass-formatter/-/sass-formatter-0.7.9.tgz attempt 1 failed with EACCES
1434 http fetch GET https://registry.npmjs.org/retext-latin/-/retext-latin-4.0.0.tgz attempt 1 failed with EACCES
1435 http fetch GET https://registry.npmjs.org/retext-stringify/-/retext-stringify-4.0.0.tgz attempt 1 failed with EACCES
1436 http fetch GET https://registry.npmjs.org/retext-smartypants/-/retext-smartypants-6.2.0.tgz attempt 1 failed with EACCES
1437 http fetch GET https://registry.npmjs.org/retext/-/retext-9.0.0.tgz attempt 1 failed with EACCES
1438 http fetch GET https://registry.npmjs.org/require-directory/-/require-directory-2.1.1.tgz attempt 1 failed with EACCES
1439 http fetch GET https://registry.npmjs.org/remark-stringify/-/remark-stringify-11.0.0.tgz attempt 1 failed with EACCES
1440 http fetch GET https://registry.npmjs.org/require-from-string/-/require-from-string-2.0.2.tgz attempt 1 failed with EACCES
1441 http fetch GET https://registry.npmjs.org/request-light/-/request-light-0.7.0.tgz attempt 1 failed with EACCES
1442 http fetch GET https://registry.npmjs.org/remark-smartypants/-/remark-smartypants-3.0.3.tgz attempt 1 failed with EACCES
1443 http fetch GET https://registry.npmjs.org/remark-rehype/-/remark-rehype-11.1.2.tgz attempt 1 failed with EACCES
1444 http fetch GET https://registry.npmjs.org/remark-gfm/-/remark-gfm-4.0.1.tgz attempt 1 failed with EACCES
1445 http fetch GET https://registry.npmjs.org/remark-mdx/-/remark-mdx-3.1.1.tgz attempt 1 failed with EACCES
1446 http fetch GET https://registry.npmjs.org/rehype-stringify/-/rehype-stringify-10.0.1.tgz attempt 1 failed with EACCES
1447 http fetch GET https://registry.npmjs.org/remark-emoji/-/remark-emoji-5.0.2.tgz attempt 1 failed with EACCES
1448 http fetch GET https://registry.npmjs.org/rehype-raw/-/rehype-raw-7.0.0.tgz attempt 1 failed with EACCES
1449 http fetch GET https://registry.npmjs.org/rollup/-/rollup-4.62.4.tgz attempt 1 failed with EACCES
1450 http fetch GET https://registry.npmjs.org/rehype-external-links/-/rehype-external-links-3.0.0.tgz attempt 1 failed with EACCES
1451 http fetch GET https://registry.npmjs.org/rehype-recma/-/rehype-recma-1.0.0.tgz attempt 1 failed with EACCES
1452 http fetch GET https://registry.npmjs.org/regex-utilities/-/regex-utilities-2.3.0.tgz attempt 1 failed with EACCES
1453 http fetch GET https://registry.npmjs.org/rehype-parse/-/rehype-parse-9.0.1.tgz attempt 1 failed with EACCES
1454 http fetch GET https://registry.npmjs.org/regex-recursion/-/regex-recursion-6.0.2.tgz attempt 1 failed with EACCES
1455 http fetch GET https://registry.npmjs.org/rehype-katex/-/rehype-katex-7.0.1.tgz attempt 1 failed with EACCES
1456 http fetch GET https://registry.npmjs.org/remark-math/-/remark-math-6.0.0.tgz attempt 1 failed with EACCES
1457 http fetch GET https://registry.npmjs.org/regex/-/regex-6.1.0.tgz attempt 1 failed with EACCES
1458 http fetch GET https://registry.npmjs.org/rehype/-/rehype-13.0.2.tgz attempt 1 failed with EACCES
1459 http fetch GET https://registry.npmjs.org/remark-parse/-/remark-parse-11.0.0.tgz attempt 1 failed with EACCES
1460 http fetch GET https://registry.npmjs.org/recma-parse/-/recma-parse-1.0.0.tgz attempt 1 failed with EACCES
1461 http fetch GET https://registry.npmjs.org/recma-build-jsx/-/recma-build-jsx-1.0.0.tgz attempt 1 failed with EACCES
1462 http fetch GET https://registry.npmjs.org/readdirp/-/readdirp-4.1.2.tgz attempt 1 failed with EACCES
1463 http fetch GET https://registry.npmjs.org/react-remove-scroll/-/react-remove-scroll-2.7.2.tgz attempt 1 failed with EACCES
1464 http fetch GET https://registry.npmjs.org/react-remove-scroll-bar/-/react-remove-scroll-bar-2.3.8.tgz attempt 1 failed with EACCES
1465 http fetch GET https://registry.npmjs.org/react/-/react-19.0.0.tgz attempt 1 failed with EACCES
1466 http fetch GET https://registry.npmjs.org/react-style-singleton/-/react-style-singleton-2.2.3.tgz attempt 1 failed with EACCES
1467 http fetch GET https://registry.npmjs.org/react-refresh/-/react-refresh-0.18.0.tgz attempt 1 failed with EACCES
1468 http fetch GET https://registry.npmjs.org/react-dom/-/react-dom-19.0.0.tgz attempt 1 failed with EACCES
1469 http fetch GET https://registry.npmjs.org/recma-stringify/-/recma-stringify-1.0.0.tgz attempt 1 failed with EACCES
1470 http fetch GET https://registry.npmjs.org/rehype-expressive-code/-/rehype-expressive-code-0.40.2.tgz attempt 1 failed with EACCES
1471 http fetch GET https://registry.npmjs.org/recma-jsx/-/recma-jsx-1.0.1.tgz attempt 1 failed with EACCES
1472 http fetch GET https://registry.npmjs.org/radix3/-/radix3-1.1.2.tgz attempt 1 failed with EACCES
1473 http fetch GET https://registry.npmjs.org/property-information/-/property-information-7.2.0.tgz attempt 1 failed with EACCES
1474 http fetch GET https://registry.npmjs.org/prettier/-/prettier-3.9.6.tgz attempt 1 failed with EACCES
1475 http fetch GET https://registry.npmjs.org/quansync/-/quansync-0.2.11.tgz attempt 1 failed with EACCES
1476 http fetch GET https://registry.npmjs.org/radix-ui/-/radix-ui-1.6.7.tgz attempt 1 failed with EACCES
1477 http fetch GET https://registry.npmjs.org/prettier-plugin-tailwindcss/-/prettier-plugin-tailwindcss-0.6.14.tgz attempt 1 failed with EACCES
1478 http fetch GET https://registry.npmjs.org/postcss-nested/-/postcss-nested-6.2.0.tgz attempt 1 failed with EACCES
1479 http fetch GET https://registry.npmjs.org/prismjs/-/prismjs-1.30.0.tgz attempt 1 failed with EACCES
1480 http fetch GET https://registry.npmjs.org/pkg-types/-/pkg-types-2.3.1.tgz attempt 1 failed with EACCES
1481 http fetch GET https://registry.npmjs.org/postcss/-/postcss-8.5.26.tgz attempt 1 failed with EACCES
1482 http fetch GET https://registry.npmjs.org/prettier-plugin-astro-organize-imports/-/prettier-plugin-astro-organize-imports-0.4.12.tgz attempt 1 failed with EACCES
1483 http fetch GET https://registry.npmjs.org/picomatch/-/picomatch-4.0.5.tgz attempt 1 failed with EACCES
1484 http fetch GET https://registry.npmjs.org/postcss-selector-parser/-/postcss-selector-parser-6.1.4.tgz attempt 1 failed with EACCES
1485 http fetch GET https://registry.npmjs.org/picocolors/-/picocolors-1.1.1.tgz attempt 1 failed with EACCES
1486 http fetch GET https://registry.npmjs.org/path-browserify/-/path-browserify-1.0.1.tgz attempt 1 failed with EACCES
1487 http fetch GET https://registry.npmjs.org/pend/-/pend-1.2.0.tgz attempt 1 failed with EACCES
1488 http fetch GET https://registry.npmjs.org/path-expression-matcher/-/path-expression-matcher-1.6.2.tgz attempt 1 failed with EACCES
1489 http fetch GET https://registry.npmjs.org/prettier-plugin-astro/-/prettier-plugin-astro-0.14.1.tgz attempt 1 failed with EACCES
1490 http fetch GET https://registry.npmjs.org/piccolore/-/piccolore-0.1.3.tgz attempt 1 failed with EACCES
1491 http fetch GET https://registry.npmjs.org/pathe/-/pathe-2.0.3.tgz attempt 1 failed with EACCES
1492 http fetch GET https://registry.npmjs.org/pump/-/pump-3.0.4.tgz attempt 1 failed with EACCES
1493 http fetch GET https://registry.npmjs.org/parse-entities/-/parse-entities-4.0.2.tgz attempt 1 failed with EACCES
1494 http fetch GET https://registry.npmjs.org/p-timeout/-/p-timeout-7.0.1.tgz attempt 1 failed with EACCES
1495 http fetch GET https://registry.npmjs.org/p-queue/-/p-queue-9.3.3.tgz attempt 1 failed with EACCES
1496 http fetch GET https://registry.npmjs.org/parse5/-/parse5-7.3.0.tgz attempt 1 failed with EACCES
1497 http fetch GET https://registry.npmjs.org/package-manager-detector/-/package-manager-detector-1.8.0.tgz attempt 1 failed with EACCES
1498 http fetch GET https://registry.npmjs.org/parse5-parser-stream/-/parse5-parser-stream-7.1.2.tgz attempt 1 failed with EACCES
1499 http fetch GET https://registry.npmjs.org/p-limit/-/p-limit-7.3.1.tgz attempt 1 failed with EACCES
1500 http fetch GET https://registry.npmjs.org/ohash/-/ohash-2.0.11.tgz attempt 1 failed with EACCES
1501 http fetch GET https://registry.npmjs.org/once/-/once-1.4.0.tgz attempt 1 failed with EACCES
1502 http fetch GET https://registry.npmjs.org/obug/-/obug-2.1.4.tgz attempt 1 failed with EACCES
1503 http fetch GET https://registry.npmjs.org/nth-check/-/nth-check-2.1.1.tgz attempt 1 failed with EACCES
1504 http fetch GET https://registry.npmjs.org/oniguruma-parser/-/oniguruma-parser-0.12.2.tgz attempt 1 failed with EACCES
1505 http fetch GET https://registry.npmjs.org/oniguruma-to-es/-/oniguruma-to-es-4.3.6.tgz attempt 1 failed with EACCES
1506 http fetch GET https://registry.npmjs.org/ofetch/-/ofetch-1.5.1.tgz attempt 1 failed with EACCES
1507 http fetch GET https://registry.npmjs.org/normalize-path/-/normalize-path-3.0.0.tgz attempt 1 failed with EACCES
1508 http fetch GET https://registry.npmjs.org/node-emoji/-/node-emoji-2.2.0.tgz attempt 1 failed with EACCES
1509 http fetch GET https://registry.npmjs.org/nanoid/-/nanoid-3.3.18.tgz attempt 1 failed with EACCES
1510 http fetch GET https://registry.npmjs.org/neotraverse/-/neotraverse-0.6.18.tgz attempt 1 failed with EACCES
1511 http fetch GET https://registry.npmjs.org/parse-latin/-/parse-latin-7.0.0.tgz attempt 1 failed with EACCES
1512 http fetch GET https://registry.npmjs.org/node-releases/-/node-releases-2.0.53.tgz attempt 1 failed with EACCES
1513 http fetch GET https://registry.npmjs.org/node-mock-http/-/node-mock-http-1.0.5.tgz attempt 1 failed with EACCES
1514 http fetch GET https://registry.npmjs.org/node-fetch-native/-/node-fetch-native-1.6.7.tgz attempt 1 failed with EACCES
1515 http fetch GET https://registry.npmjs.org/muggle-string/-/muggle-string-0.4.1.tgz attempt 1 failed with EACCES
1516 http fetch GET https://registry.npmjs.org/minizlib/-/minizlib-3.1.0.tgz attempt 1 failed with EACCES
1517 http fetch GET https://registry.npmjs.org/minipass/-/minipass-7.1.3.tgz attempt 1 failed with EACCES
1518 http fetch GET https://registry.npmjs.org/micromark-util-types/-/micromark-util-types-2.0.2.tgz attempt 1 failed with EACCES
1519 http fetch GET https://registry.npmjs.org/nlcst-to-string/-/nlcst-to-string-4.0.0.tgz attempt 1 failed with EACCES
1520 http fetch GET https://registry.npmjs.org/micromark-util-subtokenize/-/micromark-util-subtokenize-2.1.0.tgz attempt 1 failed with EACCES
1521 http fetch GET https://registry.npmjs.org/parse5-htmlparser2-tree-adapter/-/parse5-htmlparser2-tree-adapter-7.1.0.tgz attempt 1 failed with EACCES
1522 http fetch GET https://registry.npmjs.org/ms/-/ms-2.1.3.tgz attempt 1 failed with EACCES
1523 http fetch GET https://registry.npmjs.org/micromark-util-resolve-all/-/micromark-util-resolve-all-2.0.1.tgz attempt 1 failed with EACCES
1524 http fetch GET https://registry.npmjs.org/micromark-util-html-tag-name/-/micromark-util-html-tag-name-2.0.1.tgz attempt 1 failed with EACCES
1525 http fetch GET https://registry.npmjs.org/micromark-util-events-to-acorn/-/micromark-util-events-to-acorn-2.0.3.tgz attempt 1 failed with EACCES
1526 http fetch GET https://registry.npmjs.org/micromark-util-decode-string/-/micromark-util-decode-string-2.0.1.tgz attempt 1 failed with EACCES
1527 http fetch GET https://registry.npmjs.org/micromark-util-encode/-/micromark-util-encode-2.0.1.tgz attempt 1 failed with EACCES
1528 http fetch GET https://registry.npmjs.org/mlly/-/mlly-1.8.2.tgz attempt 1 failed with EACCES
1529 http fetch GET https://registry.npmjs.org/micromark-util-decode-numeric-character-reference/-/micromark-util-decode-numeric-character-reference-2.0.2.tgz attempt 1 failed with EACCES
1530 http fetch GET https://registry.npmjs.org/mrmime/-/mrmime-2.0.1.tgz attempt 1 failed with EACCES
1531 http fetch GET https://registry.npmjs.org/micromark-util-combine-extensions/-/micromark-util-combine-extensions-2.0.1.tgz attempt 1 failed with EACCES
1532 http fetch GET https://registry.npmjs.org/micromark-util-classify-character/-/micromark-util-classify-character-2.0.1.tgz attempt 1 failed with EACCES
1533 http fetch GET https://registry.npmjs.org/micromark-factory-whitespace/-/micromark-factory-whitespace-2.0.1.tgz attempt 1 failed with EACCES
1534 http fetch GET https://registry.npmjs.org/micromark-util-chunked/-/micromark-util-chunked-2.0.1.tgz attempt 1 failed with EACCES
1535 http fetch GET https://registry.npmjs.org/micromark-factory-space/-/micromark-factory-space-2.0.1.tgz attempt 1 failed with EACCES
1536 http fetch GET https://registry.npmjs.org/micromark-factory-title/-/micromark-factory-title-2.0.1.tgz attempt 1 failed with EACCES
1537 http fetch GET https://registry.npmjs.org/micromark-factory-mdx-expression/-/micromark-factory-mdx-expression-2.0.3.tgz attempt 1 failed with EACCES
1538 http fetch GET https://registry.npmjs.org/micromark-factory-label/-/micromark-factory-label-2.0.1.tgz attempt 1 failed with EACCES
1539 http fetch GET https://registry.npmjs.org/micromark-util-normalize-identifier/-/micromark-util-normalize-identifier-2.0.1.tgz attempt 1 failed with EACCES
1540 http fetch GET https://registry.npmjs.org/micromark-util-sanitize-uri/-/micromark-util-sanitize-uri-2.0.1.tgz attempt 1 failed with EACCES
1541 http fetch GET https://registry.npmjs.org/micromark-extension-mdxjs-esm/-/micromark-extension-mdxjs-esm-3.0.0.tgz attempt 1 failed with EACCES
1542 http fetch GET https://registry.npmjs.org/micromark-extension-mdx-expression/-/micromark-extension-mdx-expression-3.0.1.tgz attempt 1 failed with EACCES
1543 http fetch GET https://registry.npmjs.org/micromark-extension-mdx-jsx/-/micromark-extension-mdx-jsx-3.0.2.tgz attempt 1 failed with EACCES
1544 http fetch GET https://registry.npmjs.org/micromark-extension-mdx-md/-/micromark-extension-mdx-md-2.0.0.tgz attempt 1 failed with EACCES
1545 http fetch GET https://registry.npmjs.org/micromark-extension-gfm-tagfilter/-/micromark-extension-gfm-tagfilter-2.0.0.tgz attempt 1 failed with EACCES
1546 http fetch GET https://registry.npmjs.org/micromark-factory-destination/-/micromark-factory-destination-2.0.1.tgz attempt 1 failed with EACCES
1547 http fetch GET https://registry.npmjs.org/micromark-extension-math/-/micromark-extension-math-3.1.0.tgz attempt 1 failed with EACCES
1548 http fetch GET https://registry.npmjs.org/micromark-util-character/-/micromark-util-character-2.1.1.tgz attempt 1 failed with EACCES
1549 http fetch GET https://registry.npmjs.org/micromark-extension-mdxjs/-/micromark-extension-mdxjs-3.0.0.tgz attempt 1 failed with EACCES
1550 http fetch GET https://registry.npmjs.org/micromark-extension-gfm/-/micromark-extension-gfm-3.0.0.tgz attempt 1 failed with EACCES
1551 http fetch GET https://registry.npmjs.org/micromark-extension-gfm-footnote/-/micromark-extension-gfm-footnote-2.1.0.tgz attempt 1 failed with EACCES
1552 http fetch GET https://registry.npmjs.org/micromark/-/micromark-4.0.2.tgz attempt 1 failed with EACCES
1553 http fetch GET https://registry.npmjs.org/micromark-extension-gfm-table/-/micromark-extension-gfm-table-2.1.1.tgz attempt 1 failed with EACCES
1554 http fetch GET https://registry.npmjs.org/micromark-extension-gfm-strikethrough/-/micromark-extension-gfm-strikethrough-2.1.0.tgz attempt 1 failed with EACCES
1555 http fetch GET https://registry.npmjs.org/micromark-util-symbol/-/micromark-util-symbol-2.0.1.tgz attempt 1 failed with EACCES
1556 http fetch GET https://registry.npmjs.org/mdn-data/-/mdn-data-2.27.1.tgz attempt 1 failed with EACCES
1557 http fetch GET https://registry.npmjs.org/micromark-extension-gfm-task-list-item/-/micromark-extension-gfm-task-list-item-2.1.0.tgz attempt 1 failed with EACCES
1558 http fetch GET https://registry.npmjs.org/micromark-extension-gfm-autolink-literal/-/micromark-extension-gfm-autolink-literal-2.1.0.tgz attempt 1 failed with EACCES
1559 http fetch GET https://registry.npmjs.org/micromark-core-commonmark/-/micromark-core-commonmark-2.0.3.tgz attempt 1 failed with EACCES
1560 http fetch GET https://registry.npmjs.org/mdast-util-to-markdown/-/mdast-util-to-markdown-2.1.2.tgz attempt 1 failed with EACCES
1561 http fetch GET https://registry.npmjs.org/mdast-util-to-string/-/mdast-util-to-string-4.0.0.tgz attempt 1 failed with EACCES
1562 http fetch GET https://registry.npmjs.org/mdast-util-to-hast/-/mdast-util-to-hast-13.2.1.tgz attempt 1 failed with EACCES
1563 http fetch GET https://registry.npmjs.org/mdast-util-mdx-jsx/-/mdast-util-mdx-jsx-3.2.0.tgz attempt 1 failed with EACCES
1564 http fetch GET https://registry.npmjs.org/mdast-util-mdx-expression/-/mdast-util-mdx-expression-2.0.1.tgz attempt 1 failed with EACCES
1565 http fetch GET https://registry.npmjs.org/mdast-util-mdx/-/mdast-util-mdx-3.0.0.tgz attempt 1 failed with EACCES
1566 http fetch GET https://registry.npmjs.org/mdast-util-gfm-table/-/mdast-util-gfm-table-2.0.0.tgz attempt 1 failed with EACCES
1567 http fetch GET https://registry.npmjs.org/mdast-util-gfm-task-list-item/-/mdast-util-gfm-task-list-item-2.0.0.tgz attempt 1 failed with EACCES
1568 http fetch GET https://registry.npmjs.org/mdast-util-gfm-strikethrough/-/mdast-util-gfm-strikethrough-2.0.0.tgz attempt 1 failed with EACCES
1569 http fetch GET https://registry.npmjs.org/mdast-util-gfm-footnote/-/mdast-util-gfm-footnote-2.1.0.tgz attempt 1 failed with EACCES
1570 http fetch GET https://registry.npmjs.org/mdast-util-gfm-autolink-literal/-/mdast-util-gfm-autolink-literal-2.0.1.tgz attempt 1 failed with EACCES
1571 http fetch GET https://registry.npmjs.org/mdast-util-phrasing/-/mdast-util-phrasing-4.1.0.tgz attempt 1 failed with EACCES
1572 http fetch GET https://registry.npmjs.org/mdast-util-gfm/-/mdast-util-gfm-3.1.0.tgz attempt 1 failed with EACCES
1573 http fetch GET https://registry.npmjs.org/mdast-util-find-and-replace/-/mdast-util-find-and-replace-3.0.2.tgz attempt 1 failed with EACCES
1574 http fetch GET https://registry.npmjs.org/markdown-extensions/-/markdown-extensions-2.0.0.tgz attempt 1 failed with EACCES
1575 http fetch GET https://registry.npmjs.org/mdast-util-from-markdown/-/mdast-util-from-markdown-2.0.3.tgz attempt 1 failed with EACCES
1576 http fetch GET https://registry.npmjs.org/mdast-util-definitions/-/mdast-util-definitions-6.0.0.tgz attempt 1 failed with EACCES
1577 http fetch GET https://registry.npmjs.org/magicast/-/magicast-0.5.4.tgz attempt 1 failed with EACCES
1578 http fetch GET https://registry.npmjs.org/lucide-react/-/lucide-react-0.469.0.tgz attempt 1 failed with EACCES
1579 http fetch GET https://registry.npmjs.org/longest-streak/-/longest-streak-3.1.0.tgz attempt 1 failed with EACCES
1580 http fetch GET https://registry.npmjs.org/lru-cache/-/lru-cache-5.1.1.tgz attempt 1 failed with EACCES
1581 http fetch GET https://registry.npmjs.org/mdast-util-mdxjs-esm/-/mdast-util-mdxjs-esm-2.0.1.tgz attempt 1 failed with EACCES
1582 http fetch GET https://registry.npmjs.org/kolorist/-/kolorist-1.8.0.tgz attempt 1 failed with EACCES
1583 http fetch GET https://registry.npmjs.org/local-pkg/-/local-pkg-1.2.1.tgz attempt 1 failed with EACCES
1584 http fetch GET https://registry.npmjs.org/magic-string/-/magic-string-0.30.21.tgz attempt 1 failed with EACCES
1585 http fetch GET https://registry.npmjs.org/katex/-/katex-0.16.47.tgz attempt 1 failed with EACCES
1586 http fetch GET https://registry.npmjs.org/jsonc-parser/-/jsonc-parser-2.3.1.tgz attempt 1 failed with EACCES
1587 http fetch GET https://registry.npmjs.org/jsesc/-/jsesc-3.1.0.tgz attempt 1 failed with EACCES
1588 http fetch GET https://registry.npmjs.org/json-schema-traverse/-/json-schema-traverse-1.0.0.tgz attempt 1 failed with EACCES
1589 http fetch GET https://registry.npmjs.org/json5/-/json5-2.2.3.tgz attempt 1 failed with EACCES
1590 http fetch GET https://registry.npmjs.org/js-tokens/-/js-tokens-4.0.0.tgz attempt 1 failed with EACCES
1591 http fetch GET https://registry.npmjs.org/js-yaml/-/js-yaml-4.3.1.tgz attempt 1 failed with EACCES
1592 http fetch GET https://registry.npmjs.org/is-wsl/-/is-wsl-3.1.1.tgz attempt 1 failed with EACCES
1593 http fetch GET https://registry.npmjs.org/is-plain-obj/-/is-plain-obj-4.1.0.tgz attempt 1 failed with EACCES
1594 http fetch GET https://registry.npmjs.org/is-inside-container/-/is-inside-container-1.0.0.tgz attempt 1 failed with EACCES
1595 http fetch GET https://registry.npmjs.org/is-docker/-/is-docker-3.0.0.tgz attempt 1 failed with EACCES
1596 http fetch GET https://registry.npmjs.org/is-fullwidth-code-point/-/is-fullwidth-code-point-3.0.0.tgz attempt 1 failed with EACCES
1597 http fetch GET https://registry.npmjs.org/is-hexadecimal/-/is-hexadecimal-2.0.1.tgz attempt 1 failed with EACCES
1598 http fetch GET https://registry.npmjs.org/mdast-util-math/-/mdast-util-math-3.0.0.tgz attempt 1 failed with EACCES
1599 http fetch GET https://registry.npmjs.org/is-decimal/-/is-decimal-2.0.1.tgz attempt 1 failed with EACCES
1600 http fetch GET https://registry.npmjs.org/is-alphabetical/-/is-alphabetical-2.0.1.tgz attempt 1 failed with EACCES
1601 http fetch GET https://registry.npmjs.org/is-alphanumerical/-/is-alphanumerical-2.0.1.tgz attempt 1 failed with EACCES
1602 http fetch GET https://registry.npmjs.org/inline-style-parser/-/inline-style-parser-0.2.7.tgz attempt 1 failed with EACCES
1603 http fetch GET https://registry.npmjs.org/iron-webcrypto/-/iron-webcrypto-1.2.1.tgz attempt 1 failed with EACCES
1604 http fetch GET https://registry.npmjs.org/http-cache-semantics/-/http-cache-semantics-4.2.0.tgz attempt 1 failed with EACCES
1605 http fetch GET https://registry.npmjs.org/kleur/-/kleur-4.1.5.tgz attempt 1 failed with EACCES
1606 http fetch GET https://registry.npmjs.org/iconv-lite/-/iconv-lite-0.6.3.tgz attempt 1 failed with EACCES
1607 http fetch GET https://registry.npmjs.org/html-void-elements/-/html-void-elements-3.0.0.tgz attempt 1 failed with EACCES
1608 http fetch GET https://registry.npmjs.org/htmlparser2/-/htmlparser2-10.1.0.tgz attempt 1 failed with EACCES
1609 http fetch GET https://registry.npmjs.org/hast-util-to-text/-/hast-util-to-text-4.0.2.tgz attempt 1 failed with EACCES
1610 http fetch GET https://registry.npmjs.org/hast-util-whitespace/-/hast-util-whitespace-3.0.0.tgz attempt 1 failed with EACCES
1611 http fetch GET https://registry.npmjs.org/hastscript/-/hastscript-9.0.1.tgz attempt 1 failed with EACCES
1612 http fetch GET https://registry.npmjs.org/hast-util-to-string/-/hast-util-to-string-3.0.1.tgz attempt 1 failed with EACCES
1613 http fetch GET https://registry.npmjs.org/hast-util-to-jsx-runtime/-/hast-util-to-jsx-runtime-2.3.6.tgz attempt 1 failed with EACCES
1614 http fetch GET https://registry.npmjs.org/hast-util-to-parse5/-/hast-util-to-parse5-8.0.1.tgz attempt 1 failed with EACCES
1615 http fetch GET https://registry.npmjs.org/hast-util-select/-/hast-util-select-6.0.4.tgz attempt 1 failed with EACCES
1616 http fetch GET https://registry.npmjs.org/hast-util-to-estree/-/hast-util-to-estree-3.1.3.tgz attempt 1 failed with EACCES
1617 http fetch GET https://registry.npmjs.org/hast-util-raw/-/hast-util-raw-9.1.0.tgz attempt 1 failed with EACCES
1618 http fetch GET https://registry.npmjs.org/hast-util-parse-selector/-/hast-util-parse-selector-4.0.0.tgz attempt 1 failed with EACCES
1619 http fetch GET https://registry.npmjs.org/hast-util-is-element/-/hast-util-is-element-3.0.0.tgz attempt 1 failed with EACCES
1620 http fetch GET https://registry.npmjs.org/hast-util-from-parse5/-/hast-util-from-parse5-8.0.3.tgz attempt 1 failed with EACCES
1621 http fetch GET https://registry.npmjs.org/hast-util-from-html/-/hast-util-from-html-2.0.3.tgz attempt 1 failed with EACCES
1622 http fetch GET https://registry.npmjs.org/hast-util-has-property/-/hast-util-has-property-3.0.0.tgz attempt 1 failed with EACCES
1623 http fetch GET https://registry.npmjs.org/hast-util-to-html/-/hast-util-to-html-9.0.5.tgz attempt 1 failed with EACCES
1624 http fetch GET https://registry.npmjs.org/hast-util-from-dom/-/hast-util-from-dom-5.0.1.tgz attempt 1 failed with EACCES
1625 http fetch GET https://registry.npmjs.org/html-escaper/-/html-escaper-3.0.3.tgz attempt 1 failed with EACCES
1626 http fetch GET https://registry.npmjs.org/is-absolute-url/-/is-absolute-url-4.0.1.tgz attempt 1 failed with EACCES
1627 http fetch GET https://registry.npmjs.org/h3/-/h3-1.15.11.tgz attempt 1 failed with EACCES
1628 http fetch GET https://registry.npmjs.org/globals/-/globals-15.15.0.tgz attempt 1 failed with EACCES
1629 http fetch GET https://registry.npmjs.org/get-caller-file/-/get-caller-file-2.0.5.tgz attempt 1 failed with EACCES
1630 http fetch GET https://registry.npmjs.org/get-nonce/-/get-nonce-1.0.1.tgz attempt 1 failed with EACCES
1631 http fetch GET https://registry.npmjs.org/fontkitten/-/fontkitten-1.0.3.tgz attempt 1 failed with EACCES
1632 http fetch GET https://registry.npmjs.org/gensync/-/gensync-1.0.0-beta.2.tgz attempt 1 failed with EACCES
1633 http fetch GET https://registry.npmjs.org/hast-util-from-html-isomorphic/-/hast-util-from-html-isomorphic-2.0.0.tgz attempt 1 failed with EACCES
1634 http fetch GET https://registry.npmjs.org/github-slugger/-/github-slugger-2.0.0.tgz attempt 1 failed with EACCES
1635 http fetch GET https://registry.npmjs.org/fontace/-/fontace-0.4.1.tgz attempt 1 failed with EACCES
1636 http fetch GET https://registry.npmjs.org/graceful-fs/-/graceful-fs-4.2.11.tgz attempt 1 failed with EACCES
1637 http fetch GET https://registry.npmjs.org/fast-xml-builder/-/fast-xml-builder-1.3.0.tgz attempt 1 failed with EACCES
1638 http fetch GET https://registry.npmjs.org/fast-xml-parser/-/fast-xml-parser-5.4.1.tgz attempt 1 failed with EACCES
1639 http fetch GET https://registry.npmjs.org/fdir/-/fdir-6.5.0.tgz attempt 1 failed with EACCES
1640 http fetch GET https://registry.npmjs.org/fast-wrap-ansi/-/fast-wrap-ansi-0.2.2.tgz attempt 1 failed with EACCES
1641 http fetch GET https://registry.npmjs.org/markdown-table/-/markdown-table-3.0.4.tgz attempt 1 failed with EACCES
1642 http fetch GET https://registry.npmjs.org/fast-string-truncated-width/-/fast-string-truncated-width-3.0.3.tgz attempt 1 failed with EACCES
1643 http fetch GET https://registry.npmjs.org/fd-slicer/-/fd-slicer-1.1.0.tgz attempt 1 failed with EACCES
1644 http fetch GET https://registry.npmjs.org/fast-uri/-/fast-uri-3.1.5.tgz attempt 1 failed with EACCES
1645 http fetch GET https://registry.npmjs.org/fast-string-width/-/fast-string-width-3.0.2.tgz attempt 1 failed with EACCES
1646 http fetch GET https://registry.npmjs.org/fast-deep-equal/-/fast-deep-equal-3.1.3.tgz attempt 1 failed with EACCES
1647 http fetch GET https://registry.npmjs.org/extend/-/extend-3.0.2.tgz attempt 1 failed with EACCES
1648 http fetch GET https://registry.npmjs.org/extract-zip/-/extract-zip-2.0.1.tgz attempt 1 failed with EACCES
1649 http fetch GET https://registry.npmjs.org/flattie/-/flattie-1.1.1.tgz attempt 1 failed with EACCES
1650 http fetch GET https://registry.npmjs.org/eventemitter3/-/eventemitter3-5.0.4.tgz attempt 1 failed with EACCES
1651 http fetch GET https://registry.npmjs.org/expressive-code/-/expressive-code-0.40.2.tgz attempt 1 failed with EACCES
1652 http fetch GET https://registry.npmjs.org/get-stream/-/get-stream-5.2.0.tgz attempt 1 failed with EACCES
1653 http fetch GET https://registry.npmjs.org/jiti/-/jiti-2.7.0.tgz attempt 1 failed with EACCES
1654 http fetch GET https://registry.npmjs.org/exsolve/-/exsolve-1.1.1.tgz attempt 1 failed with EACCES
1655 http fetch GET https://registry.npmjs.org/estree-util-to-js/-/estree-util-to-js-2.0.0.tgz attempt 1 failed with EACCES
1656 http fetch GET https://registry.npmjs.org/estree-util-attach-comments/-/estree-util-attach-comments-3.0.0.tgz attempt 1 failed with EACCES
1657 http fetch GET https://registry.npmjs.org/estree-util-scope/-/estree-util-scope-1.0.0.tgz attempt 1 failed with EACCES
1658 http fetch GET https://registry.npmjs.org/estree-util-build-jsx/-/estree-util-build-jsx-3.0.1.tgz attempt 1 failed with EACCES
1659 http fetch GET https://registry.npmjs.org/estree-util-is-identifier-name/-/estree-util-is-identifier-name-3.0.0.tgz attempt 1 failed with EACCES
1660 http fetch GET https://registry.npmjs.org/estree-walker/-/estree-walker-3.0.3.tgz attempt 1 failed with EACCES
1661 http fetch GET https://registry.npmjs.org/esbuild/-/esbuild-0.27.7.tgz attempt 1 failed with EACCES
1662 http fetch GET https://registry.npmjs.org/escalade/-/escalade-3.2.0.tgz attempt 1 failed with EACCES
1663 http fetch GET https://registry.npmjs.org/esast-util-from-js/-/esast-util-from-js-2.0.1.tgz attempt 1 failed with EACCES
1664 http fetch GET https://registry.npmjs.org/esast-util-from-estree/-/esast-util-from-estree-2.0.0.tgz attempt 1 failed with EACCES
1665 http fetch GET https://registry.npmjs.org/encoding-sniffer/-/encoding-sniffer-0.2.1.tgz attempt 1 failed with EACCES
1666 http fetch GET https://registry.npmjs.org/enhanced-resolve/-/enhanced-resolve-5.24.5.tgz attempt 1 failed with EACCES
1667 http fetch GET https://registry.npmjs.org/entities/-/entities-4.5.0.tgz attempt 1 failed with EACCES
1668 http fetch GET https://registry.npmjs.org/end-of-stream/-/end-of-stream-1.4.5.tgz attempt 1 failed with EACCES
1669 http fetch GET https://registry.npmjs.org/escape-string-regexp/-/escape-string-regexp-5.0.0.tgz attempt 1 failed with EACCES
1670 http fetch GET https://registry.npmjs.org/emoji-regex/-/emoji-regex-8.0.0.tgz attempt 1 failed with EACCES
1671 http fetch GET https://registry.npmjs.org/emoticon/-/emoticon-4.1.0.tgz attempt 1 failed with EACCES
1672 http fetch GET https://registry.npmjs.org/es-module-lexer/-/es-module-lexer-2.3.1.tgz attempt 1 failed with EACCES
1673 http fetch GET https://registry.npmjs.org/electron-to-chromium/-/electron-to-chromium-1.5.402.tgz attempt 1 failed with EACCES
1674 http fetch GET https://registry.npmjs.org/emoji-regex-xs/-/emoji-regex-xs-1.0.0.tgz attempt 1 failed with EACCES
1675 http fetch GET https://registry.npmjs.org/emojilib/-/emojilib-2.4.0.tgz attempt 1 failed with EACCES
1676 http fetch GET https://registry.npmjs.org/estree-util-visit/-/estree-util-visit-2.0.0.tgz attempt 1 failed with EACCES
1677 http fetch GET https://registry.npmjs.org/domhandler/-/domhandler-5.0.3.tgz attempt 1 failed with EACCES
1678 http fetch GET https://registry.npmjs.org/domutils/-/domutils-3.2.2.tgz attempt 1 failed with EACCES
1679 http fetch GET https://registry.npmjs.org/emmet/-/emmet-2.4.11.tgz attempt 1 failed with EACCES
1680 http fetch GET https://registry.npmjs.org/diff/-/diff-8.0.4.tgz attempt 1 failed with EACCES
1681 http fetch GET https://registry.npmjs.org/detect-node-es/-/detect-node-es-1.1.0.tgz attempt 1 failed with EACCES
1682 http fetch GET https://registry.npmjs.org/devalue/-/devalue-5.9.0.tgz attempt 1 failed with EACCES
1683 http fetch GET https://registry.npmjs.org/detect-libc/-/detect-libc-2.1.2.tgz attempt 1 failed with EACCES
1684 http fetch GET https://registry.npmjs.org/dlv/-/dlv-1.1.3.tgz attempt 1 failed with EACCES
1685 http fetch GET https://registry.npmjs.org/devlop/-/devlop-1.1.0.tgz attempt 1 failed with EACCES
1686 http fetch GET https://registry.npmjs.org/dset/-/dset-3.1.4.tgz attempt 1 failed with EACCES
1687 http fetch GET https://registry.npmjs.org/domelementtype/-/domelementtype-2.3.0.tgz attempt 1 failed with EACCES
1688 http fetch GET https://registry.npmjs.org/dequal/-/dequal-2.0.3.tgz attempt 1 failed with EACCES
1689 http fetch GET https://registry.npmjs.org/defu/-/defu-6.1.7.tgz attempt 1 failed with EACCES
1690 http fetch GET https://registry.npmjs.org/decode-named-character-reference/-/decode-named-character-reference-1.3.0.tgz attempt 1 failed with EACCES
1691 http fetch GET https://registry.npmjs.org/csso/-/csso-5.0.5.tgz attempt 1 failed with EACCES
1692 http fetch GET https://registry.npmjs.org/dom-serializer/-/dom-serializer-2.0.0.tgz attempt 1 failed with EACCES
1693 http fetch GET https://registry.npmjs.org/debug/-/debug-4.4.3.tgz attempt 1 failed with EACCES
1694 http fetch GET https://registry.npmjs.org/destr/-/destr-2.0.5.tgz attempt 1 failed with EACCES
1695 http fetch GET https://registry.npmjs.org/csstype/-/csstype-3.2.3.tgz attempt 1 failed with EACCES
1696 http fetch GET https://registry.npmjs.org/direction/-/direction-2.0.1.tgz attempt 1 failed with EACCES
1697 http fetch GET https://registry.npmjs.org/css-selector-parser/-/css-selector-parser-3.3.0.tgz attempt 1 failed with EACCES
1698 http fetch GET https://registry.npmjs.org/cookie-es/-/cookie-es-1.2.3.tgz attempt 1 failed with EACCES
1699 http fetch GET https://registry.npmjs.org/cookie/-/cookie-1.1.1.tgz attempt 1 failed with EACCES
1700 http fetch GET https://registry.npmjs.org/css-what/-/css-what-6.2.2.tgz attempt 1 failed with EACCES
1701 http fetch GET https://registry.npmjs.org/confbox/-/confbox-0.2.4.tgz attempt 1 failed with EACCES
1702 http fetch GET https://registry.npmjs.org/common-ancestor-path/-/common-ancestor-path-2.0.0.tgz attempt 1 failed with EACCES
1703 http fetch GET https://registry.npmjs.org/comma-separated-tokens/-/comma-separated-tokens-2.0.3.tgz attempt 1 failed with EACCES
1704 http fetch GET https://registry.npmjs.org/color-convert/-/color-convert-2.0.1.tgz attempt 1 failed with EACCES
1705 http fetch GET https://registry.npmjs.org/css-select/-/css-select-5.2.2.tgz attempt 1 failed with EACCES
1706 http fetch GET https://registry.npmjs.org/color-name/-/color-name-1.1.4.tgz attempt 1 failed with EACCES
1707 http fetch GET https://registry.npmjs.org/collapse-white-space/-/collapse-white-space-2.1.0.tgz attempt 1 failed with EACCES
1708 http fetch GET https://registry.npmjs.org/css-tree/-/css-tree-3.2.1.tgz attempt 1 failed with EACCES
1709 http fetch GET https://registry.npmjs.org/clsx/-/clsx-2.1.1.tgz attempt 1 failed with EACCES
1710 http fetch GET https://registry.npmjs.org/ci-info/-/ci-info-4.4.0.tgz attempt 1 failed with EACCES
1711 http fetch GET https://registry.npmjs.org/commander/-/commander-8.3.0.tgz attempt 1 failed with EACCES
1712 http fetch GET https://registry.npmjs.org/chownr/-/chownr-3.0.0.tgz attempt 1 failed with EACCES
1713 http fetch GET https://registry.npmjs.org/chokidar/-/chokidar-4.0.3.tgz attempt 1 failed with EACCES
1714 http fetch GET https://registry.npmjs.org/crossws/-/crossws-0.3.5.tgz attempt 1 failed with EACCES
1715 http fetch GET https://registry.npmjs.org/class-variance-authority/-/class-variance-authority-0.7.1.tgz attempt 1 failed with EACCES
1716 http fetch GET https://registry.npmjs.org/cheerio-select/-/cheerio-select-2.1.0.tgz attempt 1 failed with EACCES
1717 http fetch GET https://registry.npmjs.org/character-entities-legacy/-/character-entities-legacy-3.0.0.tgz attempt 1 failed with EACCES
1718 http fetch GET https://registry.npmjs.org/cheerio/-/cheerio-1.2.0.tgz attempt 1 failed with EACCES
1719 http fetch GET https://registry.npmjs.org/convert-source-map/-/convert-source-map-2.0.0.tgz attempt 1 failed with EACCES
1720 http fetch GET https://registry.npmjs.org/character-entities/-/character-entities-2.0.2.tgz attempt 1 failed with EACCES
1721 http fetch GET https://registry.npmjs.org/buffer-crc32/-/buffer-crc32-0.2.13.tgz attempt 1 failed with EACCES
1722 http fetch GET https://registry.npmjs.org/browserslist/-/browserslist-4.28.8.tgz attempt 1 failed with EACCES
1723 http fetch GET https://registry.npmjs.org/character-reference-invalid/-/character-reference-invalid-2.0.1.tgz attempt 1 failed with EACCES
1724 http fetch GET https://registry.npmjs.org/ccount/-/ccount-2.0.1.tgz attempt 1 failed with EACCES
1725 http fetch GET https://registry.npmjs.org/boolbase/-/boolbase-1.0.0.tgz attempt 1 failed with EACCES
1726 http fetch GET https://registry.npmjs.org/bcp-47-match/-/bcp-47-match-2.0.3.tgz attempt 1 failed with EACCES
1727 http fetch GET https://registry.npmjs.org/cssesc/-/cssesc-3.0.0.tgz attempt 1 failed with EACCES
1728 http fetch GET https://registry.npmjs.org/caniuse-lite/-/caniuse-lite-1.0.30001809.tgz attempt 1 failed with EACCES
1729 http fetch GET https://registry.npmjs.org/bail/-/bail-2.0.2.tgz attempt 1 failed with EACCES
1730 http fetch GET https://registry.npmjs.org/char-regex/-/char-regex-1.0.2.tgz attempt 1 failed with EACCES
1731 http fetch GET https://registry.npmjs.org/astring/-/astring-1.9.0.tgz attempt 1 failed with EACCES
1732 http fetch GET https://registry.npmjs.org/array-iterate/-/array-iterate-2.0.1.tgz attempt 1 failed with EACCES
1733 http fetch GET https://registry.npmjs.org/aria-query/-/aria-query-5.3.2.tgz attempt 1 failed with EACCES
1734 http fetch GET https://registry.npmjs.org/character-entities-html4/-/character-entities-html4-2.1.0.tgz attempt 1 failed with EACCES
1735 http fetch GET https://registry.npmjs.org/argparse/-/argparse-2.0.1.tgz attempt 1 failed with EACCES
1736 http fetch GET https://registry.npmjs.org/aria-hidden/-/aria-hidden-1.2.6.tgz attempt 1 failed with EACCES
1737 http fetch GET https://registry.npmjs.org/anynum/-/anynum-1.0.1.tgz attempt 1 failed with EACCES
1738 http fetch GET https://registry.npmjs.org/axobject-query/-/axobject-query-4.1.0.tgz attempt 1 failed with EACCES
1739 http fetch GET https://registry.npmjs.org/arg/-/arg-5.0.2.tgz attempt 1 failed with EACCES
1740 http fetch GET https://registry.npmjs.org/anymatch/-/anymatch-3.1.3.tgz attempt 1 failed with EACCES
1741 http fetch GET https://registry.npmjs.org/cliui/-/cliui-8.0.1.tgz attempt 1 failed with EACCES
1742 http fetch GET https://registry.npmjs.org/baseline-browser-mapping/-/baseline-browser-mapping-2.11.13.tgz attempt 1 failed with EACCES
1743 http fetch GET https://registry.npmjs.org/astro/-/astro-6.0.2.tgz attempt 1 failed with EACCES
1744 http fetch GET https://registry.npmjs.org/ansi-regex/-/ansi-regex-5.0.1.tgz attempt 1 failed with EACCES
1745 http fetch GET https://registry.npmjs.org/@vscode/emmet-helper/-/emmet-helper-2.11.0.tgz attempt 1 failed with EACCES
1746 http fetch GET https://registry.npmjs.org/acorn-jsx/-/acorn-jsx-5.3.2.tgz attempt 1 failed with EACCES
1747 http fetch GET https://registry.npmjs.org/@volar/typescript/-/typescript-2.4.28.tgz attempt 1 failed with EACCES
1748 http fetch GET https://registry.npmjs.org/astro-icon/-/astro-icon-1.1.5.tgz attempt 1 failed with EACCES
1749 http fetch GET https://registry.npmjs.org/acorn/-/acorn-8.18.0.tgz attempt 1 failed with EACCES
1750 http fetch GET https://registry.npmjs.org/@volar/language-service/-/language-service-2.4.28.tgz attempt 1 failed with EACCES
1751 http fetch GET https://registry.npmjs.org/@volar/language-server/-/language-server-2.4.28.tgz attempt 1 failed with EACCES
1752 http fetch GET https://registry.npmjs.org/@volar/source-map/-/source-map-2.4.28.tgz attempt 1 failed with EACCES
1753 http fetch GET https://registry.npmjs.org/@ungap/structured-clone/-/structured-clone-1.3.3.tgz attempt 1 failed with EACCES
1754 http fetch GET https://registry.npmjs.org/ansi-styles/-/ansi-styles-4.3.0.tgz attempt 1 failed with EACCES
1755 http fetch GET https://registry.npmjs.org/ajv-i18n/-/ajv-i18n-4.2.0.tgz attempt 1 failed with EACCES
1756 http fetch GET https://registry.npmjs.org/ajv-draft-04/-/ajv-draft-04-1.0.0.tgz attempt 1 failed with EACCES
1757 http fetch GET https://registry.npmjs.org/@vitejs/plugin-react/-/plugin-react-5.2.0.tgz attempt 1 failed with EACCES
1758 http fetch GET https://registry.npmjs.org/@volar/language-core/-/language-core-2.4.28.tgz attempt 1 failed with EACCES
1759 http fetch GET https://registry.npmjs.org/@types/react-dom/-/react-dom-19.0.0.tgz attempt 1 failed with EACCES
1760 http fetch GET https://registry.npmjs.org/@types/node/-/node-26.2.0.tgz attempt 1 failed with EACCES
1761 http fetch GET https://registry.npmjs.org/@vscode/l10n/-/l10n-0.0.18.tgz attempt 1 failed with EACCES
1762 http fetch GET https://registry.npmjs.org/@volar/kit/-/kit-2.4.28.tgz attempt 1 failed with EACCES
1763 http fetch GET https://registry.npmjs.org/ajv/-/ajv-8.20.0.tgz attempt 1 failed with EACCES
1764 http fetch GET https://registry.npmjs.org/@types/nlcst/-/nlcst-2.0.3.tgz attempt 1 failed with EACCES
1765 http fetch GET https://registry.npmjs.org/@types/hast/-/hast-3.0.5.tgz attempt 1 failed with EACCES
1766 http fetch GET https://registry.npmjs.org/@types/yauzl/-/yauzl-2.10.3.tgz attempt 1 failed with EACCES
1767 http fetch GET https://registry.npmjs.org/@types/katex/-/katex-0.16.8.tgz attempt 1 failed with EACCES
1768 http fetch GET https://registry.npmjs.org/@types/react/-/react-19.0.0.tgz attempt 1 failed with EACCES
1769 http fetch GET https://registry.npmjs.org/@types/estree/-/estree-1.0.9.tgz attempt 1 failed with EACCES
1770 http fetch GET https://registry.npmjs.org/@types/mdx/-/mdx-2.0.14.tgz attempt 1 failed with EACCES
1771 http fetch GET https://registry.npmjs.org/@types/sax/-/sax-1.2.7.tgz attempt 1 failed with EACCES
1772 http fetch GET https://registry.npmjs.org/@types/debug/-/debug-4.1.13.tgz attempt 1 failed with EACCES
1773 http fetch GET https://registry.npmjs.org/@types/babel__template/-/babel__template-7.4.4.tgz attempt 1 failed with EACCES
1774 http fetch GET https://registry.npmjs.org/@tailwindcss/vite/-/vite-4.2.1.tgz attempt 1 failed with EACCES
1775 http fetch GET https://registry.npmjs.org/@types/ms/-/ms-2.1.0.tgz attempt 1 failed with EACCES
1776 http fetch GET https://registry.npmjs.org/@types/babel__traverse/-/babel__traverse-7.28.0.tgz attempt 1 failed with EACCES
1777 http fetch GET https://registry.npmjs.org/@types/mdast/-/mdast-4.0.4.tgz attempt 1 failed with EACCES
1778 http fetch GET https://registry.npmjs.org/@types/estree-jsx/-/estree-jsx-1.0.5.tgz attempt 1 failed with EACCES
1779 http fetch GET https://registry.npmjs.org/@tailwindcss/oxide/-/oxide-4.2.1.tgz attempt 1 failed with EACCES
1780 http fetch GET https://registry.npmjs.org/@types/babel__core/-/babel__core-7.20.5.tgz attempt 1 failed with EACCES
1781 http fetch GET https://registry.npmjs.org/@types/babel__generator/-/babel__generator-7.27.0.tgz attempt 1 failed with EACCES
1782 http fetch GET https://registry.npmjs.org/@tailwindcss/node/-/node-4.2.1.tgz attempt 1 failed with EACCES
1783 http fetch GET https://registry.npmjs.org/@sindresorhus/is/-/is-4.6.0.tgz attempt 1 failed with EACCES
1784 http fetch GET https://registry.npmjs.org/@shikijs/types/-/types-3.23.0.tgz attempt 1 failed with EACCES
1785 http fetch GET https://registry.npmjs.org/@types/unist/-/unist-3.0.3.tgz attempt 1 failed with EACCES
1786 http fetch GET https://registry.npmjs.org/@shikijs/vscode-textmate/-/vscode-textmate-10.0.2.tgz attempt 1 failed with EACCES
1787 http fetch GET https://registry.npmjs.org/@shikijs/primitive/-/primitive-4.4.2.tgz attempt 1 failed with EACCES
1788 http fetch GET https://registry.npmjs.org/@shikijs/themes/-/themes-4.4.2.tgz attempt 1 failed with EACCES
1789 http fetch GET https://registry.npmjs.org/@shikijs/langs/-/langs-4.4.2.tgz attempt 1 failed with EACCES
1790 http fetch GET https://registry.npmjs.org/@shikijs/rehype/-/rehype-3.23.0.tgz attempt 1 failed with EACCES
1791 http fetch GET https://registry.npmjs.org/@shikijs/engine-oniguruma/-/engine-oniguruma-4.4.2.tgz attempt 1 failed with EACCES
1792 http fetch GET https://registry.npmjs.org/@shikijs/engine-javascript/-/engine-javascript-4.4.2.tgz attempt 1 failed with EACCES
1793 http fetch GET https://registry.npmjs.org/@rollup/rollup-win32-x64-msvc/-/rollup-win32-x64-msvc-4.62.4.tgz attempt 1 failed with EACCES
1794 http fetch GET https://registry.npmjs.org/@shikijs/core/-/core-4.4.2.tgz attempt 1 failed with EACCES
1795 http fetch GET https://registry.npmjs.org/@rollup/rollup-win32-x64-gnu/-/rollup-win32-x64-gnu-4.62.4.tgz attempt 1 failed with EACCES
1796 http fetch GET https://registry.npmjs.org/@rollup/pluginutils/-/pluginutils-5.4.0.tgz attempt 1 failed with EACCES
1797 http fetch GET https://registry.npmjs.org/@rolldown/pluginutils/-/pluginutils-1.0.0-rc.3.tgz attempt 1 failed with EACCES
1798 http fetch GET https://registry.npmjs.org/@radix-ui/rect/-/rect-1.1.3.tgz attempt 1 failed with EACCES
1799 http fetch GET https://registry.npmjs.org/@radix-ui/react-use-size/-/react-use-size-1.1.4.tgz attempt 1 failed with EACCES
1800 http fetch GET https://registry.npmjs.org/@tailwindcss/oxide-win32-x64-msvc/-/oxide-win32-x64-msvc-4.2.1.tgz attempt 1 failed with EACCES
1801 http fetch GET https://registry.npmjs.org/@radix-ui/react-use-rect/-/react-use-rect-1.1.4.tgz attempt 1 failed with EACCES
1802 http fetch GET https://registry.npmjs.org/@radix-ui/react-use-previous/-/react-use-previous-1.1.4.tgz attempt 1 failed with EACCES
1803 http fetch GET https://registry.npmjs.org/@radix-ui/react-use-layout-effect/-/react-use-layout-effect-1.1.4.tgz attempt 1 failed with EACCES
1804 http fetch GET https://registry.npmjs.org/@radix-ui/react-use-escape-keydown/-/react-use-escape-keydown-1.1.5.tgz attempt 1 failed with EACCES
1805 http fetch GET https://registry.npmjs.org/@radix-ui/react-use-callback-ref/-/react-use-callback-ref-1.1.4.tgz attempt 1 failed with EACCES
1806 http fetch GET https://registry.npmjs.org/@radix-ui/react-use-effect-event/-/react-use-effect-event-0.0.5.tgz attempt 1 failed with EACCES
1807 http fetch GET https://registry.npmjs.org/@radix-ui/react-use-controllable-state/-/react-use-controllable-state-1.2.6.tgz attempt 1 failed with EACCES
1808 http fetch GET https://registry.npmjs.org/@radix-ui/react-toolbar/-/react-toolbar-1.1.19.tgz attempt 1 failed with EACCES
1809 http fetch GET https://registry.npmjs.org/@radix-ui/react-tooltip/-/react-tooltip-1.2.16.tgz attempt 1 failed with EACCES
1810 http fetch GET https://registry.npmjs.org/@radix-ui/react-visually-hidden/-/react-visually-hidden-1.2.11.tgz attempt 1 failed with EACCES
1811 http fetch GET https://registry.npmjs.org/@radix-ui/react-toggle-group/-/react-toggle-group-1.1.19.tgz attempt 1 failed with EACCES
1812 http fetch GET https://registry.npmjs.org/@radix-ui/react-toggle/-/react-toggle-1.1.18.tgz attempt 1 failed with EACCES
1813 http fetch GET https://registry.npmjs.org/@radix-ui/react-switch/-/react-switch-1.3.7.tgz attempt 1 failed with EACCES
1814 http fetch GET https://registry.npmjs.org/@radix-ui/react-slot/-/react-slot-1.3.3.tgz attempt 1 failed with EACCES
1815 http fetch GET https://registry.npmjs.org/@radix-ui/react-toast/-/react-toast-1.2.23.tgz attempt 1 failed with EACCES
1816 http fetch GET https://registry.npmjs.org/@radix-ui/react-slider/-/react-slider-1.4.7.tgz attempt 1 failed with EACCES
1817 http fetch GET https://registry.npmjs.org/@radix-ui/react-tabs/-/react-tabs-1.1.21.tgz attempt 1 failed with EACCES
1818 http fetch GET https://registry.npmjs.org/@radix-ui/react-separator/-/react-separator-1.1.15.tgz attempt 1 failed with EACCES
1819 http fetch GET https://registry.npmjs.org/@radix-ui/react-use-is-hydrated/-/react-use-is-hydrated-0.1.3.tgz attempt 1 failed with EACCES
1820 http fetch GET https://registry.npmjs.org/@radix-ui/react-select/-/react-select-2.3.7.tgz attempt 1 failed with EACCES
1821 http fetch GET https://registry.npmjs.org/@radix-ui/react-scroll-area/-/react-scroll-area-1.2.18.tgz attempt 1 failed with EACCES
1822 http fetch GET https://registry.npmjs.org/@radix-ui/react-roving-focus/-/react-roving-focus-1.1.19.tgz attempt 1 failed with EACCES
1823 http fetch GET https://registry.npmjs.org/@radix-ui/react-progress/-/react-progress-1.1.16.tgz attempt 1 failed with EACCES
1824 http fetch GET https://registry.npmjs.org/@radix-ui/react-presence/-/react-presence-1.1.10.tgz attempt 1 failed with EACCES
1825 http fetch GET https://registry.npmjs.org/@radix-ui/react-primitive/-/react-primitive-2.1.10.tgz attempt 1 failed with EACCES
1826 http fetch GET https://registry.npmjs.org/@radix-ui/react-portal/-/react-portal-1.1.17.tgz attempt 1 failed with EACCES
1827 http fetch GET https://registry.npmjs.org/@radix-ui/react-password-toggle-field/-/react-password-toggle-field-0.1.11.tgz attempt 1 failed with EACCES
1828 http fetch GET https://registry.npmjs.org/@radix-ui/react-one-time-password-field/-/react-one-time-password-field-0.1.16.tgz attempt 1 failed with EACCES
1829 http fetch GET https://registry.npmjs.org/@radix-ui/react-popover/-/react-popover-1.1.23.tgz attempt 1 failed with EACCES
1830 http fetch GET https://registry.npmjs.org/@radix-ui/react-menubar/-/react-menubar-1.1.24.tgz attempt 1 failed with EACCES
1831 http fetch GET https://registry.npmjs.org/@radix-ui/react-popper/-/react-popper-1.3.7.tgz attempt 1 failed with EACCES
1832 http fetch GET https://registry.npmjs.org/@radix-ui/react-menu/-/react-menu-2.1.24.tgz attempt 1 failed with EACCES
1833 http fetch GET https://registry.npmjs.org/@radix-ui/react-label/-/react-label-2.1.15.tgz attempt 1 failed with EACCES
1834 http fetch GET https://registry.npmjs.org/@radix-ui/react-navigation-menu/-/react-navigation-menu-1.2.22.tgz attempt 1 failed with EACCES
1835 http fetch GET https://registry.npmjs.org/@radix-ui/react-focus-scope/-/react-focus-scope-1.1.16.tgz attempt 1 failed with EACCES
1836 http fetch GET https://registry.npmjs.org/@radix-ui/react-radio-group/-/react-radio-group-1.4.7.tgz attempt 1 failed with EACCES
1837 http fetch GET https://registry.npmjs.org/@radix-ui/react-form/-/react-form-0.1.16.tgz attempt 1 failed with EACCES
1838 http fetch GET https://registry.npmjs.org/@radix-ui/react-hover-card/-/react-hover-card-1.1.23.tgz attempt 1 failed with EACCES
1839 http fetch GET https://registry.npmjs.org/@radix-ui/react-id/-/react-id-1.1.4.tgz attempt 1 failed with EACCES
1840 http fetch GET https://registry.npmjs.org/@radix-ui/react-dropdown-menu/-/react-dropdown-menu-2.1.24.tgz attempt 1 failed with EACCES
1841 http fetch GET https://registry.npmjs.org/@radix-ui/react-dismissable-layer/-/react-dismissable-layer-1.1.19.tgz attempt 1 failed with EACCES
1842 http fetch GET https://registry.npmjs.org/@radix-ui/react-direction/-/react-direction-1.1.4.tgz attempt 1 failed with EACCES
1843 http fetch GET https://registry.npmjs.org/@radix-ui/react-dialog/-/react-dialog-1.1.23.tgz attempt 1 failed with EACCES
1844 http fetch GET https://registry.npmjs.org/@radix-ui/react-compose-refs/-/react-compose-refs-1.1.5.tgz attempt 1 failed with EACCES
1845 http fetch GET https://registry.npmjs.org/@radix-ui/react-context-menu/-/react-context-menu-2.3.7.tgz attempt 1 failed with EACCES
1846 http fetch GET https://registry.npmjs.org/@radix-ui/react-context/-/react-context-1.2.2.tgz attempt 1 failed with EACCES
1847 http fetch GET https://registry.npmjs.org/@radix-ui/react-avatar/-/react-avatar-1.2.6.tgz attempt 1 failed with EACCES
1848 http fetch GET https://registry.npmjs.org/@radix-ui/react-collection/-/react-collection-1.1.15.tgz attempt 1 failed with EACCES
1849 http fetch GET https://registry.npmjs.org/@radix-ui/react-aspect-ratio/-/react-aspect-ratio-1.1.15.tgz attempt 1 failed with EACCES
1850 http fetch GET https://registry.npmjs.org/@radix-ui/react-focus-guards/-/react-focus-guards-1.1.6.tgz attempt 1 failed with EACCES
1851 http fetch GET https://registry.npmjs.org/@radix-ui/react-checkbox/-/react-checkbox-1.3.11.tgz attempt 1 failed with EACCES
1852 http fetch GET https://registry.npmjs.org/@radix-ui/react-arrow/-/react-arrow-1.1.15.tgz attempt 1 failed with EACCES
1853 http fetch GET https://registry.npmjs.org/@radix-ui/react-alert-dialog/-/react-alert-dialog-1.1.23.tgz attempt 1 failed with EACCES
1854 http fetch GET https://registry.npmjs.org/@radix-ui/react-accessible-icon/-/react-accessible-icon-1.1.15.tgz attempt 1 failed with EACCES
1855 http fetch GET https://registry.npmjs.org/@radix-ui/react-accordion/-/react-accordion-1.2.20.tgz attempt 1 failed with EACCES
1856 http fetch GET https://registry.npmjs.org/@radix-ui/number/-/number-1.1.3.tgz attempt 1 failed with EACCES
1857 http fetch GET https://registry.npmjs.org/@mdx-js/mdx/-/mdx-3.1.1.tgz attempt 1 failed with EACCES
1858 http fetch GET https://registry.npmjs.org/@jridgewell/sourcemap-codec/-/sourcemap-codec-1.5.5.tgz attempt 1 failed with EACCES
1859 http fetch GET https://registry.npmjs.org/@jridgewell/trace-mapping/-/trace-mapping-0.3.31.tgz attempt 1 failed with EACCES
1860 http fetch GET https://registry.npmjs.org/@jridgewell/gen-mapping/-/gen-mapping-0.3.13.tgz attempt 1 failed with EACCES
1861 http fetch GET https://registry.npmjs.org/@jridgewell/resolve-uri/-/resolve-uri-3.1.2.tgz attempt 1 failed with EACCES
1862 http fetch GET https://registry.npmjs.org/@radix-ui/primitive/-/primitive-1.1.7.tgz attempt 1 failed with EACCES
1863 http fetch GET https://registry.npmjs.org/@isaacs/fs-minipass/-/fs-minipass-4.0.1.tgz attempt 1 failed with EACCES
1864 http fetch GET https://registry.npmjs.org/@jridgewell/remapping/-/remapping-2.3.5.tgz attempt 1 failed with EACCES
1865 http fetch GET https://registry.npmjs.org/@img/sharp-win32-x64/-/sharp-win32-x64-0.34.5.tgz attempt 1 failed with EACCES
1866 http fetch GET https://registry.npmjs.org/@radix-ui/react-collapsible/-/react-collapsible-1.1.20.tgz attempt 1 failed with EACCES
1867 http fetch GET https://registry.npmjs.org/@iconify/tools/-/tools-4.2.0.tgz attempt 1 failed with EACCES
1868 http fetch GET https://registry.npmjs.org/@iconify/utils/-/utils-2.3.0.tgz attempt 1 failed with EACCES
1869 http fetch GET https://registry.npmjs.org/@iconify-json/lucide/-/lucide-1.2.122.tgz attempt 1 failed with EACCES
1870 http fetch GET https://registry.npmjs.org/@oslojs/encoding/-/encoding-1.1.0.tgz attempt 1 failed with EACCES
1871 http fetch GET https://registry.npmjs.org/@floating-ui/utils/-/utils-0.2.12.tgz attempt 1 failed with EACCES
1872 http fetch GET https://registry.npmjs.org/@floating-ui/core/-/core-1.8.0.tgz attempt 1 failed with EACCES
1873 http fetch GET https://registry.npmjs.org/@expressive-code/plugin-line-numbers/-/plugin-line-numbers-0.40.2.tgz attempt 1 failed with EACCES
1874 http fetch GET https://registry.npmjs.org/@expressive-code/plugin-text-markers/-/plugin-text-markers-0.40.2.tgz attempt 1 failed with EACCES
1875 http fetch GET https://registry.npmjs.org/@expressive-code/plugin-shiki/-/plugin-shiki-0.40.2.tgz attempt 1 failed with EACCES
1876 http fetch GET https://registry.npmjs.org/@img/colour/-/colour-1.1.0.tgz attempt 1 failed with EACCES
1877 http fetch GET https://registry.npmjs.org/@floating-ui/dom/-/dom-1.8.0.tgz attempt 1 failed with EACCES
1878 http fetch GET https://registry.npmjs.org/@expressive-code/plugin-frames/-/plugin-frames-0.40.2.tgz attempt 1 failed with EACCES
1879 http fetch GET https://registry.npmjs.org/@iconify/types/-/types-2.0.0.tgz attempt 1 failed with EACCES
1880 http fetch GET https://registry.npmjs.org/@floating-ui/react-dom/-/react-dom-2.1.9.tgz attempt 1 failed with EACCES
1881 http fetch GET https://registry.npmjs.org/@esbuild/win32-x64/-/win32-x64-0.27.7.tgz attempt 1 failed with EACCES
1882 http fetch GET https://registry.npmjs.org/@emmetio/stream-reader/-/stream-reader-2.2.0.tgz attempt 1 failed with EACCES
1883 http fetch GET https://registry.npmjs.org/@emmetio/html-matcher/-/html-matcher-1.3.0.tgz attempt 1 failed with EACCES
1884 http fetch GET https://registry.npmjs.org/@expressive-code/core/-/core-0.40.2.tgz attempt 1 failed with EACCES
1885 http fetch GET https://registry.npmjs.org/@emmetio/css-parser/-/css-parser-0.4.1.tgz attempt 1 failed with EACCES
1886 http fetch GET https://registry.npmjs.org/@expressive-code/plugin-collapsible-sections/-/plugin-collapsible-sections-0.40.2.tgz attempt 1 failed with EACCES
1887 http fetch GET https://registry.npmjs.org/@emmetio/scanner/-/scanner-1.0.4.tgz attempt 1 failed with EACCES
1888 http fetch GET https://registry.npmjs.org/@emmetio/css-abbreviation/-/css-abbreviation-2.1.8.tgz attempt 1 failed with EACCES
1889 http fetch GET https://registry.npmjs.org/@emmetio/abbreviation/-/abbreviation-2.3.3.tgz attempt 1 failed with EACCES
1890 http fetch GET https://registry.npmjs.org/@emmetio/stream-reader-utils/-/stream-reader-utils-0.1.0.tgz attempt 1 failed with EACCES
1891 http fetch GET https://registry.npmjs.org/@clack/core/-/core-1.4.3.tgz attempt 1 failed with EACCES
1892 http fetch GET https://registry.npmjs.org/@capsizecss/unpack/-/unpack-4.0.1.tgz attempt 1 failed with EACCES
1893 http fetch GET https://registry.npmjs.org/@clack/prompts/-/prompts-1.7.0.tgz attempt 1 failed with EACCES
1894 http fetch GET https://registry.npmjs.org/@ctrl/tinycolor/-/tinycolor-4.2.0.tgz attempt 1 failed with EACCES
1895 http fetch GET https://registry.npmjs.org/@babel/types/-/types-7.29.8.tgz attempt 1 failed with EACCES
1896 http fetch GET https://registry.npmjs.org/@babel/parser/-/parser-7.29.8.tgz attempt 1 failed with EACCES
1897 http fetch GET https://registry.npmjs.org/@babel/plugin-transform-react-jsx-source/-/plugin-transform-react-jsx-source-7.29.7.tgz attempt 1 failed with EACCES
1898 http fetch GET https://registry.npmjs.org/@babel/helper-validator-option/-/helper-validator-option-7.29.7.tgz attempt 1 failed with EACCES
1899 http fetch GET https://registry.npmjs.org/@babel/helper-validator-identifier/-/helper-validator-identifier-7.29.7.tgz attempt 1 failed with EACCES
1900 http fetch GET https://registry.npmjs.org/@babel/template/-/template-7.29.7.tgz attempt 1 failed with EACCES
1901 http fetch GET https://registry.npmjs.org/@babel/plugin-transform-react-jsx-self/-/plugin-transform-react-jsx-self-7.29.7.tgz attempt 1 failed with EACCES
1902 http fetch GET https://registry.npmjs.org/@babel/helper-module-imports/-/helper-module-imports-7.29.7.tgz attempt 1 failed with EACCES
1903 http fetch GET https://registry.npmjs.org/@babel/helper-plugin-utils/-/helper-plugin-utils-7.29.7.tgz attempt 1 failed with EACCES
1904 http fetch GET https://registry.npmjs.org/@babel/helper-string-parser/-/helper-string-parser-7.29.7.tgz attempt 1 failed with EACCES
1905 http fetch GET https://registry.npmjs.org/@babel/helper-globals/-/helper-globals-7.29.7.tgz attempt 1 failed with EACCES
1906 http fetch GET https://registry.npmjs.org/@babel/generator/-/generator-7.29.8.tgz attempt 1 failed with EACCES
1907 http fetch GET https://registry.npmjs.org/@babel/helper-module-transforms/-/helper-module-transforms-7.29.7.tgz attempt 1 failed with EACCES
1908 http fetch GET https://registry.npmjs.org/@babel/core/-/core-7.29.7.tgz attempt 1 failed with EACCES
1909 http fetch GET https://registry.npmjs.org/@babel/helper-compilation-targets/-/helper-compilation-targets-7.29.7.tgz attempt 1 failed with EACCES
1910 http fetch GET https://registry.npmjs.org/@babel/code-frame/-/code-frame-7.29.7.tgz attempt 1 failed with EACCES
1911 http fetch GET https://registry.npmjs.org/@astrojs/telemetry/-/telemetry-3.3.0.tgz attempt 1 failed with EACCES
1912 http fetch GET https://registry.npmjs.org/@astrojs/yaml2ts/-/yaml2ts-0.2.4.tgz attempt 1 failed with EACCES
1913 http fetch GET https://registry.npmjs.org/@astrojs/sitemap/-/sitemap-3.7.1.tgz attempt 1 failed with EACCES
1914 http fetch GET https://registry.npmjs.org/@astrojs/prism/-/prism-4.0.0.tgz attempt 1 failed with EACCES
1915 http fetch GET https://registry.npmjs.org/@astrojs/react/-/react-5.0.0.tgz attempt 1 failed with EACCES
1916 http fetch GET https://registry.npmjs.org/@astrojs/rss/-/rss-4.0.17.tgz attempt 1 failed with EACCES
1917 http fetch GET https://registry.npmjs.org/@astrojs/mdx/-/mdx-5.0.0.tgz attempt 1 failed with EACCES
1918 http fetch GET https://registry.npmjs.org/@babel/traverse/-/traverse-7.29.8.tgz attempt 1 failed with EACCES
1919 http fetch GET https://registry.npmjs.org/@astrojs/markdown-remark/-/markdown-remark-7.0.0.tgz attempt 1 failed with EACCES
1920 http fetch GET https://registry.npmjs.org/@astrojs/language-server/-/language-server-2.16.13.tgz attempt 1 failed with EACCES
1921 http fetch GET https://registry.npmjs.org/@antfu/utils/-/utils-8.1.1.tgz attempt 1 failed with EACCES
1922 http fetch GET https://registry.npmjs.org/yaml/-/yaml-2.8.3.tgz attempt 1 failed with EACCES
1923 http fetch GET https://registry.npmjs.org/request-light/-/request-light-0.5.8.tgz attempt 1 failed with EACCES
1924 http fetch GET https://registry.npmjs.org/@astrojs/check/-/check-0.9.7.tgz attempt 1 failed with EACCES
1925 http fetch GET https://registry.npmjs.org/@astrojs/internal-helpers/-/internal-helpers-0.8.0.tgz attempt 1 failed with EACCES
1926 http fetch GET https://registry.npmjs.org/@babel/compat-data/-/compat-data-7.29.7.tgz attempt 1 failed with EACCES
1927 http fetch GET https://registry.npmjs.org/vscode-languageserver-protocol/-/vscode-languageserver-protocol-3.17.5.tgz attempt 1 failed with EACCES
1928 http fetch GET https://registry.npmjs.org/vscode-languageserver-types/-/vscode-languageserver-types-3.17.5.tgz attempt 1 failed with EACCES
1929 http fetch GET https://registry.npmjs.org/@astrojs/compiler/-/compiler-2.13.1.tgz attempt 1 failed with EACCES
1930 http fetch GET https://registry.npmjs.org/jsonc-parser/-/jsonc-parser-3.3.1.tgz attempt 1 failed with EACCES
1931 http fetch GET https://registry.npmjs.org/vscode-languageserver-types/-/vscode-languageserver-types-3.17.5.tgz attempt 1 failed with EACCES
1932 http fetch GET https://registry.npmjs.org/yallist/-/yallist-5.0.0.tgz attempt 1 failed with EACCES
1933 http fetch GET https://registry.npmjs.org/semver/-/semver-7.8.5.tgz attempt 1 failed with EACCES
1934 http fetch GET https://registry.npmjs.org/semver/-/semver-7.8.5.tgz attempt 1 failed with EACCES
1935 http fetch GET https://registry.npmjs.org/yargs-parser/-/yargs-parser-21.1.1.tgz attempt 1 failed with EACCES
1936 http fetch GET https://registry.npmjs.org/undici-types/-/undici-types-7.18.2.tgz attempt 1 failed with EACCES
1937 http fetch GET https://registry.npmjs.org/commander/-/commander-11.1.0.tgz attempt 1 failed with EACCES
1938 http fetch GET https://registry.npmjs.org/semver/-/semver-7.8.5.tgz attempt 1 failed with EACCES
1939 http fetch GET https://registry.npmjs.org/typescript/-/typescript-6.0.3.tgz attempt 1 failed with EACCES
1940 http fetch GET https://registry.npmjs.org/@astrojs/compiler/-/compiler-3.0.1.tgz attempt 1 failed with EACCES
1941 http fetch GET https://registry.npmjs.org/@babel/helpers/-/helpers-7.29.7.tgz attempt 1 failed with EACCES
1942 http fetch GET https://registry.npmjs.org/confbox/-/confbox-0.1.8.tgz attempt 1 failed with EACCES
1943 http fetch GET https://registry.npmjs.org/@types/unist/-/unist-2.0.11.tgz attempt 1 failed with EACCES
1944 http fetch GET https://registry.npmjs.org/pkg-types/-/pkg-types-1.3.1.tgz attempt 1 failed with EACCES
1945 http fetch GET https://registry.npmjs.org/vscode-jsonrpc/-/vscode-jsonrpc-8.2.0.tgz attempt 1 failed with EACCES
1946 http fetch GET https://registry.npmjs.org/mdn-data/-/mdn-data-2.0.28.tgz attempt 1 failed with EACCES
1947 http fetch GET https://registry.npmjs.org/unstorage/-/unstorage-1.17.5.tgz attempt 1 failed with EACCES
1948 http fetch GET https://registry.npmjs.org/semver/-/semver-7.8.5.tgz attempt 1 failed with EACCES
1949 http fetch GET https://registry.npmjs.org/entities/-/entities-7.0.1.tgz attempt 1 failed with EACCES
1950 http fetch GET https://registry.npmjs.org/entities/-/entities-6.0.1.tgz attempt 1 failed with EACCES
1951 http fetch GET https://registry.npmjs.org/@antfu/install-pkg/-/install-pkg-1.1.0.tgz attempt 1 failed with EACCES
1952 http fetch GET https://registry.npmjs.org/readdirp/-/readdirp-5.1.1.tgz attempt 1 failed with EACCES
1953 http fetch GET https://registry.npmjs.org/@astrojs/compiler/-/compiler-3.0.1.tgz attempt 1 failed with EACCES
1954 http fetch GET https://registry.npmjs.org/picomatch/-/picomatch-2.3.2.tgz attempt 1 failed with EACCES
1955 http fetch GET https://registry.npmjs.org/chokidar/-/chokidar-5.0.0.tgz attempt 1 failed with EACCES
1956 http fetch GET https://registry.npmjs.org/lru-cache/-/lru-cache-11.5.2.tgz attempt 1 failed with EACCES
1957 http fetch GET https://registry.npmjs.org/css-tree/-/css-tree-2.2.1.tgz attempt 1 failed with EACCES
1958 http fetch GET https://registry.npmjs.org/lightningcss-win32-x64-msvc/-/lightningcss-win32-x64-msvc-1.31.1.tgz attempt 1 failed with EACCES
1959 http fetch GET https://registry.npmjs.org/@shikijs/themes/-/themes-3.23.0.tgz attempt 1 failed with EACCES
1960 http fetch GET https://registry.npmjs.org/@shikijs/types/-/types-4.4.2.tgz attempt 1 failed with EACCES
1961 http fetch GET https://registry.npmjs.org/@shikijs/langs/-/langs-3.23.0.tgz attempt 1 failed with EACCES
1962 http fetch GET https://registry.npmjs.org/shiki/-/shiki-3.23.0.tgz attempt 1 failed with EACCES
1963 http fetch GET https://registry.npmjs.org/lightningcss/-/lightningcss-1.31.1.tgz attempt 1 failed with EACCES
1964 http fetch GET https://registry.npmjs.org/@types/node/-/node-24.13.3.tgz attempt 1 failed with EACCES
1965 http fetch GET https://registry.npmjs.org/@shikijs/types/-/types-4.4.2.tgz attempt 1 failed with EACCES
1966 http fetch GET https://registry.npmjs.org/@shikijs/engine-oniguruma/-/engine-oniguruma-3.23.0.tgz attempt 1 failed with EACCES
1967 http fetch GET https://registry.npmjs.org/@shikijs/types/-/types-4.4.2.tgz attempt 1 failed with EACCES
1968 http fetch GET https://registry.npmjs.org/@shikijs/types/-/types-4.4.2.tgz attempt 1 failed with EACCES
1969 http fetch GET https://registry.npmjs.org/estree-walker/-/estree-walker-2.0.2.tgz attempt 1 failed with EACCES
1970 http fetch GET https://registry.npmjs.org/@shikijs/engine-javascript/-/engine-javascript-3.23.0.tgz attempt 1 failed with EACCES
1971 http fetch GET https://registry.npmjs.org/@shikijs/core/-/core-3.23.0.tgz attempt 1 failed with EACCES
1972 http fetch GET https://registry.npmjs.org/svgo/-/svgo-3.3.4.tgz attempt 1 failed with EACCES
1973 http fetch GET https://registry.npmjs.org/css-tree/-/css-tree-2.3.1.tgz attempt 1 failed with EACCES
1974 http fetch GET https://registry.npmjs.org/mdn-data/-/mdn-data-2.0.30.tgz attempt 1 failed with EACCES
1975 http fetch GET https://registry.npmjs.org/shiki/-/shiki-1.29.2.tgz attempt 1 failed with EACCES
1976 http fetch GET https://registry.npmjs.org/@shikijs/types/-/types-4.4.2.tgz attempt 1 failed with EACCES
1977 http fetch GET https://registry.npmjs.org/regex-recursion/-/regex-recursion-5.1.1.tgz attempt 1 failed with EACCES
1978 http fetch GET https://registry.npmjs.org/@shikijs/types/-/types-4.4.2.tgz attempt 1 failed with EACCES
1979 http fetch GET https://registry.npmjs.org/oniguruma-to-es/-/oniguruma-to-es-2.3.0.tgz attempt 1 failed with EACCES
1980 http fetch GET https://registry.npmjs.org/commander/-/commander-7.2.0.tgz attempt 1 failed with EACCES
1981 http fetch GET https://registry.npmjs.org/@shikijs/types/-/types-1.29.2.tgz attempt 1 failed with EACCES
1982 http fetch GET https://registry.npmjs.org/@shikijs/engine-oniguruma/-/engine-oniguruma-1.29.2.tgz attempt 1 failed with EACCES
1983 http fetch GET https://registry.npmjs.org/@shikijs/langs/-/langs-1.29.2.tgz attempt 1 failed with EACCES
1984 http fetch GET https://registry.npmjs.org/@shikijs/engine-javascript/-/engine-javascript-1.29.2.tgz attempt 1 failed with EACCES
1985 http fetch GET https://registry.npmjs.org/regex/-/regex-5.1.1.tgz attempt 1 failed with EACCES
1986 http fetch GET https://registry.npmjs.org/@shikijs/types/-/types-4.4.2.tgz attempt 1 failed with EACCES
1987 http fetch GET https://registry.npmjs.org/@shikijs/themes/-/themes-1.29.2.tgz attempt 1 failed with EACCES
1988 http fetch GET https://registry.npmjs.org/@shikijs/core/-/core-1.29.2.tgz attempt 1 failed with EACCES
1989 http fetch GET https://registry.npmjs.org/npm attempt 2 failed with EACCES
1990 http fetch GET https://registry.npmjs.org/yargs-parser/-/yargs-parser-22.0.0.tgz attempt 2 failed with EACCES
1991 http fetch GET https://registry.npmjs.org/yauzl/-/yauzl-2.10.0.tgz attempt 2 failed with EACCES
1992 http fetch GET https://registry.npmjs.org/yargs/-/yargs-17.7.3.tgz attempt 2 failed with EACCES
1993 http fetch GET https://registry.npmjs.org/yocto-queue/-/yocto-queue-1.2.2.tgz attempt 2 failed with EACCES
1994 http fetch GET https://registry.npmjs.org/yallist/-/yallist-3.1.1.tgz attempt 2 failed with EACCES
1995 http fetch GET https://registry.npmjs.org/xxhash-wasm/-/xxhash-wasm-1.1.0.tgz attempt 2 failed with EACCES
1996 http fetch GET https://registry.npmjs.org/zod/-/zod-4.4.3.tgz attempt 2 failed with EACCES
1997 http fetch GET https://registry.npmjs.org/xml-naming/-/xml-naming-0.3.0.tgz attempt 2 failed with EACCES
1998 http fetch GET https://registry.npmjs.org/zwitch/-/zwitch-2.0.4.tgz attempt 2 failed with EACCES
1999 http fetch GET https://registry.npmjs.org/y18n/-/y18n-5.0.8.tgz attempt 2 failed with EACCES
2000 http fetch GET https://registry.npmjs.org/yaml-language-server/-/yaml-language-server-1.23.0.tgz attempt 2 failed with EACCES
2001 http fetch GET https://registry.npmjs.org/which-pm-runs/-/which-pm-runs-1.1.0.tgz attempt 2 failed with EACCES
2002 http fetch GET https://registry.npmjs.org/whatwg-encoding/-/whatwg-encoding-3.1.1.tgz attempt 2 failed with EACCES
2003 http fetch GET https://registry.npmjs.org/yaml/-/yaml-2.9.0.tgz attempt 2 failed with EACCES
2004 http fetch GET https://registry.npmjs.org/vscode-uri/-/vscode-uri-3.1.0.tgz attempt 2 failed with EACCES
2005 http fetch GET https://registry.npmjs.org/vscode-nls/-/vscode-nls-5.2.0.tgz attempt 2 failed with EACCES
2006 http fetch GET https://registry.npmjs.org/vscode-languageserver-textdocument/-/vscode-languageserver-textdocument-1.0.12.tgz attempt 2 failed with EACCES
2007 http fetch GET https://registry.npmjs.org/vscode-languageserver-types/-/vscode-languageserver-types-3.18.0.tgz attempt 2 failed with EACCES
2008 http fetch GET https://registry.npmjs.org/wrap-ansi/-/wrap-ansi-7.0.0.tgz attempt 2 failed with EACCES
2009 http fetch GET https://registry.npmjs.org/vscode-jsonrpc/-/vscode-jsonrpc-9.0.1.tgz attempt 2 failed with EACCES
2010 http fetch GET https://registry.npmjs.org/web-namespaces/-/web-namespaces-2.0.1.tgz attempt 2 failed with EACCES
2011 http fetch GET https://registry.npmjs.org/whatwg-mimetype/-/whatwg-mimetype-4.0.0.tgz attempt 2 failed with EACCES
2012 http fetch GET https://registry.npmjs.org/vscode-html-languageservice/-/vscode-html-languageservice-5.6.2.tgz attempt 2 failed with EACCES
2013 http fetch GET https://registry.npmjs.org/wrappy/-/wrappy-1.0.2.tgz attempt 2 failed with EACCES
2014 http fetch GET https://registry.npmjs.org/volar-service-yaml/-/volar-service-yaml-0.0.71.tgz attempt 2 failed with EACCES
2015 http fetch GET https://registry.npmjs.org/vscode-languageserver-protocol/-/vscode-languageserver-protocol-3.18.2.tgz attempt 2 failed with EACCES
2016 http fetch GET https://registry.npmjs.org/vscode-languageserver/-/vscode-languageserver-9.0.1.tgz attempt 2 failed with EACCES
2017 http fetch GET https://registry.npmjs.org/volar-service-typescript-twoslash-queries/-/volar-service-typescript-twoslash-queries-0.0.71.tgz attempt 2 failed with EACCES
2018 http fetch GET https://registry.npmjs.org/volar-service-css/-/volar-service-css-0.0.71.tgz attempt 2 failed with EACCES
2019 http fetch GET https://registry.npmjs.org/volar-service-emmet/-/volar-service-emmet-0.0.71.tgz attempt 2 failed with EACCES
2020 http fetch GET https://registry.npmjs.org/vfile-message/-/vfile-message-4.0.3.tgz attempt 2 failed with EACCES
2021 http fetch GET https://registry.npmjs.org/vscode-json-languageservice/-/vscode-json-languageservice-4.1.8.tgz attempt 2 failed with EACCES
2022 http fetch GET https://registry.npmjs.org/volar-service-html/-/volar-service-html-0.0.71.tgz attempt 2 failed with EACCES
2023 http fetch GET https://registry.npmjs.org/vite/-/vite-7.3.6.tgz attempt 2 failed with EACCES
2024 http fetch GET https://registry.npmjs.org/vitefu/-/vitefu-1.1.3.tgz attempt 2 failed with EACCES
2025 http fetch GET https://registry.npmjs.org/use-sidecar/-/use-sidecar-1.1.3.tgz attempt 2 failed with EACCES
2026 http fetch GET https://registry.npmjs.org/vfile-location/-/vfile-location-5.0.3.tgz attempt 2 failed with EACCES
2027 http fetch GET https://registry.npmjs.org/vscode-css-languageservice/-/vscode-css-languageservice-6.3.10.tgz attempt 2 failed with EACCES
2028 http fetch GET https://registry.npmjs.org/vfile/-/vfile-6.0.3.tgz attempt 2 failed with EACCES
2029 http fetch GET https://registry.npmjs.org/util-deprecate/-/util-deprecate-1.0.2.tgz attempt 2 failed with EACCES
2030 http fetch GET https://registry.npmjs.org/volar-service-typescript/-/volar-service-typescript-0.0.71.tgz attempt 2 failed with EACCES
2031 http fetch GET https://registry.npmjs.org/use-callback-ref/-/use-callback-ref-1.3.3.tgz attempt 2 failed with EACCES
2032 http fetch GET https://registry.npmjs.org/unist-util-visit-children/-/unist-util-visit-children-3.0.0.tgz attempt 2 failed with EACCES
2033 http fetch GET https://registry.npmjs.org/unist-util-visit-parents/-/unist-util-visit-parents-6.0.2.tgz attempt 2 failed with EACCES
2034 http fetch GET https://registry.npmjs.org/update-browserslist-db/-/update-browserslist-db-1.3.0.tgz attempt 2 failed with EACCES
2035 http fetch GET https://registry.npmjs.org/unist-util-remove-position/-/unist-util-remove-position-5.0.0.tgz attempt 2 failed with EACCES
2036 http fetch GET https://registry.npmjs.org/unist-util-stringify-position/-/unist-util-stringify-position-4.0.0.tgz attempt 2 failed with EACCES
2037 http fetch GET https://registry.npmjs.org/unist-util-position/-/unist-util-position-5.0.0.tgz attempt 2 failed with EACCES
2038 http fetch GET https://registry.npmjs.org/unist-util-visit/-/unist-util-visit-5.1.0.tgz attempt 2 failed with EACCES
2039 http fetch GET https://registry.npmjs.org/unist-util-position-from-estree/-/unist-util-position-from-estree-2.0.0.tgz attempt 2 failed with EACCES
2040 http fetch GET https://registry.npmjs.org/unified/-/unified-11.0.5.tgz attempt 2 failed with EACCES
2041 http fetch GET https://registry.npmjs.org/unist-util-find-after/-/unist-util-find-after-5.0.0.tgz attempt 2 failed with EACCES
2042 http fetch GET https://registry.npmjs.org/undici-types/-/undici-types-8.3.0.tgz attempt 2 failed with EACCES
2043 http fetch GET https://registry.npmjs.org/uncrypto/-/uncrypto-0.1.3.tgz attempt 2 failed with EACCES
2044 http fetch GET https://registry.npmjs.org/unifont/-/unifont-0.7.4.tgz attempt 2 failed with EACCES
2045 http fetch GET https://registry.npmjs.org/ultrahtml/-/ultrahtml-1.7.0.tgz attempt 2 failed with EACCES
2046 http fetch GET https://registry.npmjs.org/undici/-/undici-7.29.0.tgz attempt 2 failed with EACCES
2047 http fetch GET https://registry.npmjs.org/ufo/-/ufo-1.6.4.tgz attempt 2 failed with EACCES
2048 http fetch GET https://registry.npmjs.org/unicode-emoji-modifier-base/-/unicode-emoji-modifier-base-1.0.0.tgz attempt 2 failed with EACCES
2049 http fetch GET https://registry.npmjs.org/unist-util-is/-/unist-util-is-6.0.1.tgz attempt 2 failed with EACCES
2050 http fetch GET https://registry.npmjs.org/typescript/-/typescript-5.9.3.tgz attempt 2 failed with EACCES
2051 http fetch GET https://registry.npmjs.org/typesafe-path/-/typesafe-path-0.2.2.tgz attempt 2 failed with EACCES
2052 http fetch GET https://registry.npmjs.org/tslib/-/tslib-2.8.1.tgz attempt 2 failed with EACCES
2053 http fetch GET https://registry.npmjs.org/tsconfck/-/tsconfck-3.1.6.tgz attempt 2 failed with EACCES
2054 http fetch GET https://registry.npmjs.org/volar-service-prettier/-/volar-service-prettier-0.0.71.tgz attempt 2 failed with EACCES
2055 http fetch GET https://registry.npmjs.org/trough/-/trough-2.2.0.tgz attempt 2 failed with EACCES
2056 http fetch GET https://registry.npmjs.org/typescript-auto-import-cache/-/typescript-auto-import-cache-0.3.6.tgz attempt 2 failed with EACCES
2057 http fetch GET https://registry.npmjs.org/unist-util-modify-children/-/unist-util-modify-children-4.0.0.tgz attempt 2 failed with EACCES
2058 http fetch GET https://registry.npmjs.org/tinyglobby/-/tinyglobby-0.2.17.tgz attempt 2 failed with EACCES
2059 http fetch GET https://registry.npmjs.org/tinyexec/-/tinyexec-1.3.0.tgz attempt 2 failed with EACCES
2060 http fetch GET https://registry.npmjs.org/tinyclip/-/tinyclip-0.1.15.tgz attempt 2 failed with EACCES
2061 http fetch GET https://registry.npmjs.org/tiny-inflate/-/tiny-inflate-1.0.3.tgz attempt 2 failed with EACCES
2062 http fetch GET https://registry.npmjs.org/tar/-/tar-7.5.22.tgz attempt 2 failed with EACCES
2063 http fetch GET https://registry.npmjs.org/tailwind-merge/-/tailwind-merge-3.6.0.tgz attempt 2 failed with EACCES
2064 http fetch GET https://registry.npmjs.org/svgo/-/svgo-4.0.2.tgz attempt 2 failed with EACCES
2065 http fetch GET https://registry.npmjs.org/suf-log/-/suf-log-2.5.3.tgz attempt 2 failed with EACCES
2066 http fetch GET https://registry.npmjs.org/tailwindcss/-/tailwindcss-4.2.1.tgz attempt 2 failed with EACCES
2067 http fetch GET https://registry.npmjs.org/tapable/-/tapable-2.3.3.tgz attempt 2 failed with EACCES
2068 http fetch GET https://registry.npmjs.org/style-to-js/-/style-to-js-1.1.21.tgz attempt 2 failed with EACCES
2069 http fetch GET https://registry.npmjs.org/style-to-object/-/style-to-object-1.0.14.tgz attempt 2 failed with EACCES
2070 http fetch GET https://registry.npmjs.org/strip-ansi/-/strip-ansi-6.0.1.tgz attempt 2 failed with EACCES
2071 http fetch GET https://registry.npmjs.org/stringify-entities/-/stringify-entities-4.0.4.tgz attempt 2 failed with EACCES
2072 http fetch GET https://registry.npmjs.org/stream-replace-string/-/stream-replace-string-2.0.0.tgz attempt 2 failed with EACCES
2073 http fetch GET https://registry.npmjs.org/strnum/-/strnum-2.4.1.tgz attempt 2 failed with EACCES
2074 http fetch GET https://registry.npmjs.org/trim-lines/-/trim-lines-3.0.1.tgz attempt 2 failed with EACCES
2075 http fetch GET https://registry.npmjs.org/string-width/-/string-width-4.2.3.tgz attempt 2 failed with EACCES
2076 http fetch GET https://registry.npmjs.org/space-separated-tokens/-/space-separated-tokens-2.0.2.tgz attempt 2 failed with EACCES
2077 http fetch GET https://registry.npmjs.org/source-map/-/source-map-0.7.6.tgz attempt 2 failed with EACCES
2078 http fetch GET https://registry.npmjs.org/source-map-js/-/source-map-js-1.2.1.tgz attempt 2 failed with EACCES
2079 http fetch GET https://registry.npmjs.org/sitemap/-/sitemap-9.0.1.tgz attempt 2 failed with EACCES
2080 http fetch GET https://registry.npmjs.org/sisteransi/-/sisteransi-1.0.5.tgz attempt 2 failed with EACCES
2081 http fetch GET https://registry.npmjs.org/sharp/-/sharp-0.34.5.tgz attempt 2 failed with EACCES
2082 http fetch GET https://registry.npmjs.org/semver/-/semver-6.3.1.tgz attempt 2 failed with EACCES
2083 http fetch GET https://registry.npmjs.org/skin-tone/-/skin-tone-2.0.0.tgz attempt 2 failed with EACCES
2084 http fetch GET https://registry.npmjs.org/shiki/-/shiki-4.4.2.tgz attempt 2 failed with EACCES
2085 http fetch GET https://registry.npmjs.org/sax/-/sax-1.6.1.tgz attempt 2 failed with EACCES
2086 http fetch GET https://registry.npmjs.org/smol-toml/-/smol-toml-1.7.1.tgz attempt 2 failed with EACCES
2087 http fetch GET https://registry.npmjs.org/scheduler/-/scheduler-0.25.0.tgz attempt 2 failed with EACCES
2088 http fetch GET https://registry.npmjs.org/s.color/-/s.color-0.0.15.tgz attempt 2 failed with EACCES
2089 http fetch GET https://registry.npmjs.org/safer-buffer/-/safer-buffer-2.1.2.tgz attempt 2 failed with EACCES
2090 http fetch GET https://registry.npmjs.org/sass-formatter/-/sass-formatter-0.7.9.tgz attempt 2 failed with EACCES
2091 http fetch GET https://registry.npmjs.org/retext-latin/-/retext-latin-4.0.0.tgz attempt 2 failed with EACCES
2092 http fetch GET https://registry.npmjs.org/retext-stringify/-/retext-stringify-4.0.0.tgz attempt 2 failed with EACCES
2093 http fetch GET https://registry.npmjs.org/retext-smartypants/-/retext-smartypants-6.2.0.tgz attempt 2 failed with EACCES
2094 http fetch GET https://registry.npmjs.org/retext/-/retext-9.0.0.tgz attempt 2 failed with EACCES
2095 http fetch GET https://registry.npmjs.org/require-directory/-/require-directory-2.1.1.tgz attempt 2 failed with EACCES
2096 http fetch GET https://registry.npmjs.org/remark-stringify/-/remark-stringify-11.0.0.tgz attempt 2 failed with EACCES
2097 http fetch GET https://registry.npmjs.org/require-from-string/-/require-from-string-2.0.2.tgz attempt 2 failed with EACCES
2098 http fetch GET https://registry.npmjs.org/request-light/-/request-light-0.7.0.tgz attempt 2 failed with EACCES
2099 http fetch GET https://registry.npmjs.org/remark-smartypants/-/remark-smartypants-3.0.3.tgz attempt 2 failed with EACCES
2100 http fetch GET https://registry.npmjs.org/remark-rehype/-/remark-rehype-11.1.2.tgz attempt 2 failed with EACCES
2101 http fetch GET https://registry.npmjs.org/remark-gfm/-/remark-gfm-4.0.1.tgz attempt 2 failed with EACCES
2102 http fetch GET https://registry.npmjs.org/remark-mdx/-/remark-mdx-3.1.1.tgz attempt 2 failed with EACCES
2103 http fetch GET https://registry.npmjs.org/rehype-stringify/-/rehype-stringify-10.0.1.tgz attempt 2 failed with EACCES
2104 http fetch GET https://registry.npmjs.org/remark-emoji/-/remark-emoji-5.0.2.tgz attempt 2 failed with EACCES
2105 http fetch GET https://registry.npmjs.org/rehype-raw/-/rehype-raw-7.0.0.tgz attempt 2 failed with EACCES
2106 http fetch GET https://registry.npmjs.org/rollup/-/rollup-4.62.4.tgz attempt 2 failed with EACCES
2107 http fetch GET https://registry.npmjs.org/rehype-external-links/-/rehype-external-links-3.0.0.tgz attempt 2 failed with EACCES
2108 http fetch GET https://registry.npmjs.org/rehype-recma/-/rehype-recma-1.0.0.tgz attempt 2 failed with EACCES
2109 http fetch GET https://registry.npmjs.org/regex-utilities/-/regex-utilities-2.3.0.tgz attempt 2 failed with EACCES
2110 http fetch GET https://registry.npmjs.org/rehype-parse/-/rehype-parse-9.0.1.tgz attempt 2 failed with EACCES
2111 http fetch GET https://registry.npmjs.org/regex-recursion/-/regex-recursion-6.0.2.tgz attempt 2 failed with EACCES
2112 http fetch GET https://registry.npmjs.org/rehype-katex/-/rehype-katex-7.0.1.tgz attempt 2 failed with EACCES
2113 http fetch GET https://registry.npmjs.org/remark-math/-/remark-math-6.0.0.tgz attempt 2 failed with EACCES
2114 http fetch GET https://registry.npmjs.org/regex/-/regex-6.1.0.tgz attempt 2 failed with EACCES
2115 http fetch GET https://registry.npmjs.org/rehype/-/rehype-13.0.2.tgz attempt 2 failed with EACCES
2116 http fetch GET https://registry.npmjs.org/remark-parse/-/remark-parse-11.0.0.tgz attempt 2 failed with EACCES
2117 http fetch GET https://registry.npmjs.org/recma-parse/-/recma-parse-1.0.0.tgz attempt 2 failed with EACCES
2118 http fetch GET https://registry.npmjs.org/recma-build-jsx/-/recma-build-jsx-1.0.0.tgz attempt 2 failed with EACCES
2119 http fetch GET https://registry.npmjs.org/readdirp/-/readdirp-4.1.2.tgz attempt 2 failed with EACCES
2120 http fetch GET https://registry.npmjs.org/react-remove-scroll/-/react-remove-scroll-2.7.2.tgz attempt 2 failed with EACCES
2121 http fetch GET https://registry.npmjs.org/react-remove-scroll-bar/-/react-remove-scroll-bar-2.3.8.tgz attempt 2 failed with EACCES
2122 http fetch GET https://registry.npmjs.org/react/-/react-19.0.0.tgz attempt 2 failed with EACCES
2123 http fetch GET https://registry.npmjs.org/react-style-singleton/-/react-style-singleton-2.2.3.tgz attempt 2 failed with EACCES
2124 http fetch GET https://registry.npmjs.org/react-refresh/-/react-refresh-0.18.0.tgz attempt 2 failed with EACCES
2125 http fetch GET https://registry.npmjs.org/react-dom/-/react-dom-19.0.0.tgz attempt 2 failed with EACCES
2126 http fetch GET https://registry.npmjs.org/recma-stringify/-/recma-stringify-1.0.0.tgz attempt 2 failed with EACCES
2127 http fetch GET https://registry.npmjs.org/rehype-expressive-code/-/rehype-expressive-code-0.40.2.tgz attempt 2 failed with EACCES
2128 http fetch GET https://registry.npmjs.org/recma-jsx/-/recma-jsx-1.0.1.tgz attempt 2 failed with EACCES
2129 http fetch GET https://registry.npmjs.org/radix3/-/radix3-1.1.2.tgz attempt 2 failed with EACCES
2130 http fetch GET https://registry.npmjs.org/property-information/-/property-information-7.2.0.tgz attempt 2 failed with EACCES
2131 http fetch GET https://registry.npmjs.org/prettier/-/prettier-3.9.6.tgz attempt 2 failed with EACCES
2132 http fetch GET https://registry.npmjs.org/quansync/-/quansync-0.2.11.tgz attempt 2 failed with EACCES
2133 http fetch GET https://registry.npmjs.org/radix-ui/-/radix-ui-1.6.7.tgz attempt 2 failed with EACCES
2134 http fetch GET https://registry.npmjs.org/prettier-plugin-tailwindcss/-/prettier-plugin-tailwindcss-0.6.14.tgz attempt 2 failed with EACCES
2135 http fetch GET https://registry.npmjs.org/postcss-nested/-/postcss-nested-6.2.0.tgz attempt 2 failed with EACCES
2136 http fetch GET https://registry.npmjs.org/prismjs/-/prismjs-1.30.0.tgz attempt 2 failed with EACCES
2137 http fetch GET https://registry.npmjs.org/pkg-types/-/pkg-types-2.3.1.tgz attempt 2 failed with EACCES
2138 http fetch GET https://registry.npmjs.org/postcss/-/postcss-8.5.26.tgz attempt 2 failed with EACCES
2139 http fetch GET https://registry.npmjs.org/prettier-plugin-astro-organize-imports/-/prettier-plugin-astro-organize-imports-0.4.12.tgz attempt 2 failed with EACCES
2140 http fetch GET https://registry.npmjs.org/picomatch/-/picomatch-4.0.5.tgz attempt 2 failed with EACCES
2141 http fetch GET https://registry.npmjs.org/postcss-selector-parser/-/postcss-selector-parser-6.1.4.tgz attempt 2 failed with EACCES
2142 http fetch GET https://registry.npmjs.org/picocolors/-/picocolors-1.1.1.tgz attempt 2 failed with EACCES
2143 http fetch GET https://registry.npmjs.org/path-browserify/-/path-browserify-1.0.1.tgz attempt 2 failed with EACCES
2144 http fetch GET https://registry.npmjs.org/pend/-/pend-1.2.0.tgz attempt 2 failed with EACCES
2145 http fetch GET https://registry.npmjs.org/path-expression-matcher/-/path-expression-matcher-1.6.2.tgz attempt 2 failed with EACCES
2146 http fetch GET https://registry.npmjs.org/prettier-plugin-astro/-/prettier-plugin-astro-0.14.1.tgz attempt 2 failed with EACCES
2147 http fetch GET https://registry.npmjs.org/piccolore/-/piccolore-0.1.3.tgz attempt 2 failed with EACCES
2148 http fetch GET https://registry.npmjs.org/pump/-/pump-3.0.4.tgz attempt 2 failed with EACCES
2149 http fetch GET https://registry.npmjs.org/pathe/-/pathe-2.0.3.tgz attempt 2 failed with EACCES
2150 http fetch GET https://registry.npmjs.org/parse-entities/-/parse-entities-4.0.2.tgz attempt 2 failed with EACCES
2151 http fetch GET https://registry.npmjs.org/p-timeout/-/p-timeout-7.0.1.tgz attempt 2 failed with EACCES
2152 http fetch GET https://registry.npmjs.org/p-queue/-/p-queue-9.3.3.tgz attempt 2 failed with EACCES
2153 http fetch GET https://registry.npmjs.org/parse5/-/parse5-7.3.0.tgz attempt 2 failed with EACCES
2154 http fetch GET https://registry.npmjs.org/package-manager-detector/-/package-manager-detector-1.8.0.tgz attempt 2 failed with EACCES
2155 http fetch GET https://registry.npmjs.org/parse5-parser-stream/-/parse5-parser-stream-7.1.2.tgz attempt 2 failed with EACCES
2156 http fetch GET https://registry.npmjs.org/p-limit/-/p-limit-7.3.1.tgz attempt 2 failed with EACCES
2157 http fetch GET https://registry.npmjs.org/ohash/-/ohash-2.0.11.tgz attempt 2 failed with EACCES
2158 http fetch GET https://registry.npmjs.org/once/-/once-1.4.0.tgz attempt 2 failed with EACCES
2159 http fetch GET https://registry.npmjs.org/obug/-/obug-2.1.4.tgz attempt 2 failed with EACCES
2160 http fetch GET https://registry.npmjs.org/nth-check/-/nth-check-2.1.1.tgz attempt 2 failed with EACCES
2161 http fetch GET https://registry.npmjs.org/oniguruma-parser/-/oniguruma-parser-0.12.2.tgz attempt 2 failed with EACCES
2162 http fetch GET https://registry.npmjs.org/oniguruma-to-es/-/oniguruma-to-es-4.3.6.tgz attempt 2 failed with EACCES
2163 http fetch GET https://registry.npmjs.org/ofetch/-/ofetch-1.5.1.tgz attempt 2 failed with EACCES
2164 http fetch GET https://registry.npmjs.org/normalize-path/-/normalize-path-3.0.0.tgz attempt 2 failed with EACCES
2165 http fetch GET https://registry.npmjs.org/node-emoji/-/node-emoji-2.2.0.tgz attempt 2 failed with EACCES
2166 http fetch GET https://registry.npmjs.org/nanoid/-/nanoid-3.3.18.tgz attempt 2 failed with EACCES
2167 http fetch GET https://registry.npmjs.org/neotraverse/-/neotraverse-0.6.18.tgz attempt 2 failed with EACCES
2168 http fetch GET https://registry.npmjs.org/parse-latin/-/parse-latin-7.0.0.tgz attempt 2 failed with EACCES
2169 http fetch GET https://registry.npmjs.org/node-releases/-/node-releases-2.0.53.tgz attempt 2 failed with EACCES
2170 http fetch GET https://registry.npmjs.org/node-mock-http/-/node-mock-http-1.0.5.tgz attempt 2 failed with EACCES
2171 http fetch GET https://registry.npmjs.org/node-fetch-native/-/node-fetch-native-1.6.7.tgz attempt 2 failed with EACCES
2172 http fetch GET https://registry.npmjs.org/muggle-string/-/muggle-string-0.4.1.tgz attempt 2 failed with EACCES
2173 http fetch GET https://registry.npmjs.org/minizlib/-/minizlib-3.1.0.tgz attempt 2 failed with EACCES
2174 http fetch GET https://registry.npmjs.org/micromark-util-types/-/micromark-util-types-2.0.2.tgz attempt 2 failed with EACCES
2175 http fetch GET https://registry.npmjs.org/minipass/-/minipass-7.1.3.tgz attempt 2 failed with EACCES
2176 http fetch GET https://registry.npmjs.org/nlcst-to-string/-/nlcst-to-string-4.0.0.tgz attempt 2 failed with EACCES
2177 http fetch GET https://registry.npmjs.org/micromark-util-subtokenize/-/micromark-util-subtokenize-2.1.0.tgz attempt 2 failed with EACCES
2178 http fetch GET https://registry.npmjs.org/parse5-htmlparser2-tree-adapter/-/parse5-htmlparser2-tree-adapter-7.1.0.tgz attempt 2 failed with EACCES
2179 http fetch GET https://registry.npmjs.org/ms/-/ms-2.1.3.tgz attempt 2 failed with EACCES
2180 http fetch GET https://registry.npmjs.org/micromark-util-resolve-all/-/micromark-util-resolve-all-2.0.1.tgz attempt 2 failed with EACCES
2181 http fetch GET https://registry.npmjs.org/micromark-util-html-tag-name/-/micromark-util-html-tag-name-2.0.1.tgz attempt 2 failed with EACCES
2182 http fetch GET https://registry.npmjs.org/micromark-util-events-to-acorn/-/micromark-util-events-to-acorn-2.0.3.tgz attempt 2 failed with EACCES
2183 http fetch GET https://registry.npmjs.org/micromark-util-decode-string/-/micromark-util-decode-string-2.0.1.tgz attempt 2 failed with EACCES
2184 http fetch GET https://registry.npmjs.org/micromark-util-encode/-/micromark-util-encode-2.0.1.tgz attempt 2 failed with EACCES
2185 http fetch GET https://registry.npmjs.org/mlly/-/mlly-1.8.2.tgz attempt 2 failed with EACCES
2186 http fetch GET https://registry.npmjs.org/micromark-util-decode-numeric-character-reference/-/micromark-util-decode-numeric-character-reference-2.0.2.tgz attempt 2 failed with EACCES
2187 http fetch GET https://registry.npmjs.org/mrmime/-/mrmime-2.0.1.tgz attempt 2 failed with EACCES
2188 http fetch GET https://registry.npmjs.org/micromark-util-combine-extensions/-/micromark-util-combine-extensions-2.0.1.tgz attempt 2 failed with EACCES
2189 http fetch GET https://registry.npmjs.org/micromark-util-classify-character/-/micromark-util-classify-character-2.0.1.tgz attempt 2 failed with EACCES
2190 http fetch GET https://registry.npmjs.org/micromark-factory-whitespace/-/micromark-factory-whitespace-2.0.1.tgz attempt 2 failed with EACCES
2191 http fetch GET https://registry.npmjs.org/micromark-util-chunked/-/micromark-util-chunked-2.0.1.tgz attempt 2 failed with EACCES
2192 http fetch GET https://registry.npmjs.org/micromark-factory-space/-/micromark-factory-space-2.0.1.tgz attempt 2 failed with EACCES
2193 http fetch GET https://registry.npmjs.org/micromark-factory-title/-/micromark-factory-title-2.0.1.tgz attempt 2 failed with EACCES
2194 http fetch GET https://registry.npmjs.org/micromark-factory-mdx-expression/-/micromark-factory-mdx-expression-2.0.3.tgz attempt 2 failed with EACCES
2195 http fetch GET https://registry.npmjs.org/micromark-factory-label/-/micromark-factory-label-2.0.1.tgz attempt 2 failed with EACCES
2196 http fetch GET https://registry.npmjs.org/micromark-util-normalize-identifier/-/micromark-util-normalize-identifier-2.0.1.tgz attempt 2 failed with EACCES
2197 http fetch GET https://registry.npmjs.org/micromark-util-sanitize-uri/-/micromark-util-sanitize-uri-2.0.1.tgz attempt 2 failed with EACCES
2198 http fetch GET https://registry.npmjs.org/micromark-extension-mdxjs-esm/-/micromark-extension-mdxjs-esm-3.0.0.tgz attempt 2 failed with EACCES
2199 http fetch GET https://registry.npmjs.org/micromark-extension-mdx-expression/-/micromark-extension-mdx-expression-3.0.1.tgz attempt 2 failed with EACCES
2200 http fetch GET https://registry.npmjs.org/micromark-extension-mdx-jsx/-/micromark-extension-mdx-jsx-3.0.2.tgz attempt 2 failed with EACCES
2201 http fetch GET https://registry.npmjs.org/micromark-extension-gfm-tagfilter/-/micromark-extension-gfm-tagfilter-2.0.0.tgz attempt 2 failed with EACCES
2202 http fetch GET https://registry.npmjs.org/micromark-extension-mdx-md/-/micromark-extension-mdx-md-2.0.0.tgz attempt 2 failed with EACCES
2203 http fetch GET https://registry.npmjs.org/micromark-extension-math/-/micromark-extension-math-3.1.0.tgz attempt 2 failed with EACCES
2204 http fetch GET https://registry.npmjs.org/micromark-factory-destination/-/micromark-factory-destination-2.0.1.tgz attempt 2 failed with EACCES
2205 http fetch GET https://registry.npmjs.org/micromark-util-character/-/micromark-util-character-2.1.1.tgz attempt 2 failed with EACCES
2206 http fetch GET https://registry.npmjs.org/micromark-extension-mdxjs/-/micromark-extension-mdxjs-3.0.0.tgz attempt 2 failed with EACCES
2207 http fetch GET https://registry.npmjs.org/micromark-extension-gfm/-/micromark-extension-gfm-3.0.0.tgz attempt 2 failed with EACCES
2208 http fetch GET https://registry.npmjs.org/micromark-extension-gfm-footnote/-/micromark-extension-gfm-footnote-2.1.0.tgz attempt 2 failed with EACCES
2209 http fetch GET https://registry.npmjs.org/micromark/-/micromark-4.0.2.tgz attempt 2 failed with EACCES
2210 http fetch GET https://registry.npmjs.org/micromark-extension-gfm-table/-/micromark-extension-gfm-table-2.1.1.tgz attempt 2 failed with EACCES
2211 http fetch GET https://registry.npmjs.org/micromark-extension-gfm-strikethrough/-/micromark-extension-gfm-strikethrough-2.1.0.tgz attempt 2 failed with EACCES
2212 http fetch GET https://registry.npmjs.org/micromark-util-symbol/-/micromark-util-symbol-2.0.1.tgz attempt 2 failed with EACCES
2213 http fetch GET https://registry.npmjs.org/mdn-data/-/mdn-data-2.27.1.tgz attempt 2 failed with EACCES
2214 http fetch GET https://registry.npmjs.org/micromark-extension-gfm-task-list-item/-/micromark-extension-gfm-task-list-item-2.1.0.tgz attempt 2 failed with EACCES
2215 http fetch GET https://registry.npmjs.org/micromark-extension-gfm-autolink-literal/-/micromark-extension-gfm-autolink-literal-2.1.0.tgz attempt 2 failed with EACCES
2216 http fetch GET https://registry.npmjs.org/micromark-core-commonmark/-/micromark-core-commonmark-2.0.3.tgz attempt 2 failed with EACCES
2217 http fetch GET https://registry.npmjs.org/mdast-util-to-markdown/-/mdast-util-to-markdown-2.1.2.tgz attempt 2 failed with EACCES
2218 http fetch GET https://registry.npmjs.org/mdast-util-to-string/-/mdast-util-to-string-4.0.0.tgz attempt 2 failed with EACCES
2219 http fetch GET https://registry.npmjs.org/mdast-util-to-hast/-/mdast-util-to-hast-13.2.1.tgz attempt 2 failed with EACCES
2220 http fetch GET https://registry.npmjs.org/mdast-util-mdx-jsx/-/mdast-util-mdx-jsx-3.2.0.tgz attempt 2 failed with EACCES
2221 http fetch GET https://registry.npmjs.org/mdast-util-mdx-expression/-/mdast-util-mdx-expression-2.0.1.tgz attempt 2 failed with EACCES
2222 http fetch GET https://registry.npmjs.org/mdast-util-mdx/-/mdast-util-mdx-3.0.0.tgz attempt 2 failed with EACCES
2223 http fetch GET https://registry.npmjs.org/mdast-util-gfm-table/-/mdast-util-gfm-table-2.0.0.tgz attempt 2 failed with EACCES
2224 http fetch GET https://registry.npmjs.org/mdast-util-gfm-task-list-item/-/mdast-util-gfm-task-list-item-2.0.0.tgz attempt 2 failed with EACCES
2225 http fetch GET https://registry.npmjs.org/mdast-util-gfm-strikethrough/-/mdast-util-gfm-strikethrough-2.0.0.tgz attempt 2 failed with EACCES
2226 http fetch GET https://registry.npmjs.org/mdast-util-gfm-footnote/-/mdast-util-gfm-footnote-2.1.0.tgz attempt 2 failed with EACCES
2227 http fetch GET https://registry.npmjs.org/mdast-util-gfm-autolink-literal/-/mdast-util-gfm-autolink-literal-2.0.1.tgz attempt 2 failed with EACCES
2228 http fetch GET https://registry.npmjs.org/mdast-util-phrasing/-/mdast-util-phrasing-4.1.0.tgz attempt 2 failed with EACCES
2229 http fetch GET https://registry.npmjs.org/mdast-util-gfm/-/mdast-util-gfm-3.1.0.tgz attempt 2 failed with EACCES
2230 http fetch GET https://registry.npmjs.org/markdown-extensions/-/markdown-extensions-2.0.0.tgz attempt 2 failed with EACCES
2231 http fetch GET https://registry.npmjs.org/mdast-util-find-and-replace/-/mdast-util-find-and-replace-3.0.2.tgz attempt 2 failed with EACCES
2232 http fetch GET https://registry.npmjs.org/mdast-util-from-markdown/-/mdast-util-from-markdown-2.0.3.tgz attempt 2 failed with EACCES
2233 http fetch GET https://registry.npmjs.org/mdast-util-definitions/-/mdast-util-definitions-6.0.0.tgz attempt 2 failed with EACCES
2234 http fetch GET https://registry.npmjs.org/magicast/-/magicast-0.5.4.tgz attempt 2 failed with EACCES
2235 http fetch GET https://registry.npmjs.org/lucide-react/-/lucide-react-0.469.0.tgz attempt 2 failed with EACCES
2236 http fetch GET https://registry.npmjs.org/longest-streak/-/longest-streak-3.1.0.tgz attempt 2 failed with EACCES
2237 http fetch GET https://registry.npmjs.org/lru-cache/-/lru-cache-5.1.1.tgz attempt 2 failed with EACCES
2238 http fetch GET https://registry.npmjs.org/mdast-util-mdxjs-esm/-/mdast-util-mdxjs-esm-2.0.1.tgz attempt 2 failed with EACCES
2239 http fetch GET https://registry.npmjs.org/kolorist/-/kolorist-1.8.0.tgz attempt 2 failed with EACCES
2240 http fetch GET https://registry.npmjs.org/local-pkg/-/local-pkg-1.2.1.tgz attempt 2 failed with EACCES
2241 http fetch GET https://registry.npmjs.org/magic-string/-/magic-string-0.30.21.tgz attempt 2 failed with EACCES
2242 http fetch GET https://registry.npmjs.org/katex/-/katex-0.16.47.tgz attempt 2 failed with EACCES
2243 http fetch GET https://registry.npmjs.org/jsonc-parser/-/jsonc-parser-2.3.1.tgz attempt 2 failed with EACCES
2244 http fetch GET https://registry.npmjs.org/jsesc/-/jsesc-3.1.0.tgz attempt 2 failed with EACCES
2245 http fetch GET https://registry.npmjs.org/json-schema-traverse/-/json-schema-traverse-1.0.0.tgz attempt 2 failed with EACCES
2246 http fetch GET https://registry.npmjs.org/json5/-/json5-2.2.3.tgz attempt 2 failed with EACCES
2247 http fetch GET https://registry.npmjs.org/js-tokens/-/js-tokens-4.0.0.tgz attempt 2 failed with EACCES
2248 http fetch GET https://registry.npmjs.org/js-yaml/-/js-yaml-4.3.1.tgz attempt 2 failed with EACCES
2249 http fetch GET https://registry.npmjs.org/is-wsl/-/is-wsl-3.1.1.tgz attempt 2 failed with EACCES
2250 http fetch GET https://registry.npmjs.org/is-plain-obj/-/is-plain-obj-4.1.0.tgz attempt 2 failed with EACCES
2251 http fetch GET https://registry.npmjs.org/is-inside-container/-/is-inside-container-1.0.0.tgz attempt 2 failed with EACCES
2252 http fetch GET https://registry.npmjs.org/is-docker/-/is-docker-3.0.0.tgz attempt 2 failed with EACCES
2253 http fetch GET https://registry.npmjs.org/is-fullwidth-code-point/-/is-fullwidth-code-point-3.0.0.tgz attempt 2 failed with EACCES
2254 http fetch GET https://registry.npmjs.org/is-hexadecimal/-/is-hexadecimal-2.0.1.tgz attempt 2 failed with EACCES
2255 http fetch GET https://registry.npmjs.org/mdast-util-math/-/mdast-util-math-3.0.0.tgz attempt 2 failed with EACCES
2256 http fetch GET https://registry.npmjs.org/is-decimal/-/is-decimal-2.0.1.tgz attempt 2 failed with EACCES
2257 http fetch GET https://registry.npmjs.org/is-alphabetical/-/is-alphabetical-2.0.1.tgz attempt 2 failed with EACCES
2258 http fetch GET https://registry.npmjs.org/is-alphanumerical/-/is-alphanumerical-2.0.1.tgz attempt 2 failed with EACCES
2259 http fetch GET https://registry.npmjs.org/inline-style-parser/-/inline-style-parser-0.2.7.tgz attempt 2 failed with EACCES
2260 http fetch GET https://registry.npmjs.org/iron-webcrypto/-/iron-webcrypto-1.2.1.tgz attempt 2 failed with EACCES
2261 http fetch GET https://registry.npmjs.org/http-cache-semantics/-/http-cache-semantics-4.2.0.tgz attempt 2 failed with EACCES
2262 http fetch GET https://registry.npmjs.org/kleur/-/kleur-4.1.5.tgz attempt 2 failed with EACCES
2263 http fetch GET https://registry.npmjs.org/iconv-lite/-/iconv-lite-0.6.3.tgz attempt 2 failed with EACCES
2264 http fetch GET https://registry.npmjs.org/html-void-elements/-/html-void-elements-3.0.0.tgz attempt 2 failed with EACCES
2265 http fetch GET https://registry.npmjs.org/htmlparser2/-/htmlparser2-10.1.0.tgz attempt 2 failed with EACCES
2266 http fetch GET https://registry.npmjs.org/hast-util-to-text/-/hast-util-to-text-4.0.2.tgz attempt 2 failed with EACCES
2267 http fetch GET https://registry.npmjs.org/hast-util-whitespace/-/hast-util-whitespace-3.0.0.tgz attempt 2 failed with EACCES
2268 http fetch GET https://registry.npmjs.org/hastscript/-/hastscript-9.0.1.tgz attempt 2 failed with EACCES
2269 http fetch GET https://registry.npmjs.org/hast-util-to-string/-/hast-util-to-string-3.0.1.tgz attempt 2 failed with EACCES
2270 http fetch GET https://registry.npmjs.org/hast-util-to-jsx-runtime/-/hast-util-to-jsx-runtime-2.3.6.tgz attempt 2 failed with EACCES
2271 http fetch GET https://registry.npmjs.org/hast-util-to-parse5/-/hast-util-to-parse5-8.0.1.tgz attempt 2 failed with EACCES
2272 http fetch GET https://registry.npmjs.org/hast-util-select/-/hast-util-select-6.0.4.tgz attempt 2 failed with EACCES
2273 http fetch GET https://registry.npmjs.org/hast-util-to-estree/-/hast-util-to-estree-3.1.3.tgz attempt 2 failed with EACCES
2274 http fetch GET https://registry.npmjs.org/hast-util-raw/-/hast-util-raw-9.1.0.tgz attempt 2 failed with EACCES
2275 http fetch GET https://registry.npmjs.org/hast-util-parse-selector/-/hast-util-parse-selector-4.0.0.tgz attempt 2 failed with EACCES
2276 http fetch GET https://registry.npmjs.org/hast-util-is-element/-/hast-util-is-element-3.0.0.tgz attempt 2 failed with EACCES
2277 http fetch GET https://registry.npmjs.org/hast-util-from-parse5/-/hast-util-from-parse5-8.0.3.tgz attempt 2 failed with EACCES
2278 http fetch GET https://registry.npmjs.org/hast-util-from-html/-/hast-util-from-html-2.0.3.tgz attempt 2 failed with EACCES
2279 http fetch GET https://registry.npmjs.org/hast-util-to-html/-/hast-util-to-html-9.0.5.tgz attempt 2 failed with EACCES
2280 http fetch GET https://registry.npmjs.org/hast-util-from-dom/-/hast-util-from-dom-5.0.1.tgz attempt 2 failed with EACCES
2281 http fetch GET https://registry.npmjs.org/hast-util-has-property/-/hast-util-has-property-3.0.0.tgz attempt 2 failed with EACCES
2282 http fetch GET https://registry.npmjs.org/html-escaper/-/html-escaper-3.0.3.tgz attempt 2 failed with EACCES
2283 http fetch GET https://registry.npmjs.org/is-absolute-url/-/is-absolute-url-4.0.1.tgz attempt 2 failed with EACCES
2284 http fetch GET https://registry.npmjs.org/h3/-/h3-1.15.11.tgz attempt 2 failed with EACCES
2285 http fetch GET https://registry.npmjs.org/globals/-/globals-15.15.0.tgz attempt 2 failed with EACCES
2286 http fetch GET https://registry.npmjs.org/get-caller-file/-/get-caller-file-2.0.5.tgz attempt 2 failed with EACCES
2287 http fetch GET https://registry.npmjs.org/fontkitten/-/fontkitten-1.0.3.tgz attempt 2 failed with EACCES
2288 http fetch GET https://registry.npmjs.org/get-nonce/-/get-nonce-1.0.1.tgz attempt 2 failed with EACCES
2289 http fetch GET https://registry.npmjs.org/gensync/-/gensync-1.0.0-beta.2.tgz attempt 2 failed with EACCES
2290 http fetch GET https://registry.npmjs.org/hast-util-from-html-isomorphic/-/hast-util-from-html-isomorphic-2.0.0.tgz attempt 2 failed with EACCES
2291 http fetch GET https://registry.npmjs.org/github-slugger/-/github-slugger-2.0.0.tgz attempt 2 failed with EACCES
2292 http fetch GET https://registry.npmjs.org/fontace/-/fontace-0.4.1.tgz attempt 2 failed with EACCES
2293 http fetch GET https://registry.npmjs.org/graceful-fs/-/graceful-fs-4.2.11.tgz attempt 2 failed with EACCES
2294 http fetch GET https://registry.npmjs.org/fast-xml-builder/-/fast-xml-builder-1.3.0.tgz attempt 2 failed with EACCES
2295 http fetch GET https://registry.npmjs.org/fast-xml-parser/-/fast-xml-parser-5.4.1.tgz attempt 2 failed with EACCES
2296 http fetch GET https://registry.npmjs.org/fdir/-/fdir-6.5.0.tgz attempt 2 failed with EACCES
2297 http fetch GET https://registry.npmjs.org/fast-wrap-ansi/-/fast-wrap-ansi-0.2.2.tgz attempt 2 failed with EACCES
2298 http fetch GET https://registry.npmjs.org/markdown-table/-/markdown-table-3.0.4.tgz attempt 2 failed with EACCES
2299 http fetch GET https://registry.npmjs.org/fast-string-truncated-width/-/fast-string-truncated-width-3.0.3.tgz attempt 2 failed with EACCES
2300 http fetch GET https://registry.npmjs.org/fd-slicer/-/fd-slicer-1.1.0.tgz attempt 2 failed with EACCES
2301 http fetch GET https://registry.npmjs.org/fast-uri/-/fast-uri-3.1.5.tgz attempt 2 failed with EACCES
2302 http fetch GET https://registry.npmjs.org/fast-string-width/-/fast-string-width-3.0.2.tgz attempt 2 failed with EACCES
2303 http fetch GET https://registry.npmjs.org/fast-deep-equal/-/fast-deep-equal-3.1.3.tgz attempt 2 failed with EACCES
2304 http fetch GET https://registry.npmjs.org/extend/-/extend-3.0.2.tgz attempt 2 failed with EACCES
2305 http fetch GET https://registry.npmjs.org/extract-zip/-/extract-zip-2.0.1.tgz attempt 2 failed with EACCES
2306 http fetch GET https://registry.npmjs.org/flattie/-/flattie-1.1.1.tgz attempt 2 failed with EACCES
2307 http fetch GET https://registry.npmjs.org/eventemitter3/-/eventemitter3-5.0.4.tgz attempt 2 failed with EACCES
2308 http fetch GET https://registry.npmjs.org/expressive-code/-/expressive-code-0.40.2.tgz attempt 2 failed with EACCES
2309 http fetch GET https://registry.npmjs.org/get-stream/-/get-stream-5.2.0.tgz attempt 2 failed with EACCES
2310 http fetch GET https://registry.npmjs.org/jiti/-/jiti-2.7.0.tgz attempt 2 failed with EACCES
2311 http fetch GET https://registry.npmjs.org/exsolve/-/exsolve-1.1.1.tgz attempt 2 failed with EACCES
2312 http fetch GET https://registry.npmjs.org/estree-util-to-js/-/estree-util-to-js-2.0.0.tgz attempt 2 failed with EACCES
2313 http fetch GET https://registry.npmjs.org/estree-util-attach-comments/-/estree-util-attach-comments-3.0.0.tgz attempt 2 failed with EACCES
2314 http fetch GET https://registry.npmjs.org/estree-util-scope/-/estree-util-scope-1.0.0.tgz attempt 2 failed with EACCES
2315 http fetch GET https://registry.npmjs.org/estree-util-build-jsx/-/estree-util-build-jsx-3.0.1.tgz attempt 2 failed with EACCES
2316 http fetch GET https://registry.npmjs.org/estree-util-is-identifier-name/-/estree-util-is-identifier-name-3.0.0.tgz attempt 2 failed with EACCES
2317 http fetch GET https://registry.npmjs.org/estree-walker/-/estree-walker-3.0.3.tgz attempt 2 failed with EACCES
2318 http fetch GET https://registry.npmjs.org/esbuild/-/esbuild-0.27.7.tgz attempt 2 failed with EACCES
2319 http fetch GET https://registry.npmjs.org/escalade/-/escalade-3.2.0.tgz attempt 2 failed with EACCES
2320 http fetch GET https://registry.npmjs.org/esast-util-from-js/-/esast-util-from-js-2.0.1.tgz attempt 2 failed with EACCES
2321 http fetch GET https://registry.npmjs.org/esast-util-from-estree/-/esast-util-from-estree-2.0.0.tgz attempt 2 failed with EACCES
2322 http fetch GET https://registry.npmjs.org/encoding-sniffer/-/encoding-sniffer-0.2.1.tgz attempt 2 failed with EACCES
2323 http fetch GET https://registry.npmjs.org/enhanced-resolve/-/enhanced-resolve-5.24.5.tgz attempt 2 failed with EACCES
2324 http fetch GET https://registry.npmjs.org/entities/-/entities-4.5.0.tgz attempt 2 failed with EACCES
2325 http fetch GET https://registry.npmjs.org/end-of-stream/-/end-of-stream-1.4.5.tgz attempt 2 failed with EACCES
2326 http fetch GET https://registry.npmjs.org/escape-string-regexp/-/escape-string-regexp-5.0.0.tgz attempt 2 failed with EACCES
2327 http fetch GET https://registry.npmjs.org/emoji-regex/-/emoji-regex-8.0.0.tgz attempt 2 failed with EACCES
2328 http fetch GET https://registry.npmjs.org/emoticon/-/emoticon-4.1.0.tgz attempt 2 failed with EACCES
2329 http fetch GET https://registry.npmjs.org/es-module-lexer/-/es-module-lexer-2.3.1.tgz attempt 2 failed with EACCES
2330 http fetch GET https://registry.npmjs.org/emoji-regex-xs/-/emoji-regex-xs-1.0.0.tgz attempt 2 failed with EACCES
2331 http fetch GET https://registry.npmjs.org/electron-to-chromium/-/electron-to-chromium-1.5.402.tgz attempt 2 failed with EACCES
2332 http fetch GET https://registry.npmjs.org/emojilib/-/emojilib-2.4.0.tgz attempt 2 failed with EACCES
2333 http fetch GET https://registry.npmjs.org/estree-util-visit/-/estree-util-visit-2.0.0.tgz attempt 2 failed with EACCES
2334 http fetch GET https://registry.npmjs.org/domhandler/-/domhandler-5.0.3.tgz attempt 2 failed with EACCES
2335 http fetch GET https://registry.npmjs.org/domutils/-/domutils-3.2.2.tgz attempt 2 failed with EACCES
2336 http fetch GET https://registry.npmjs.org/emmet/-/emmet-2.4.11.tgz attempt 2 failed with EACCES
2337 http fetch GET https://registry.npmjs.org/diff/-/diff-8.0.4.tgz attempt 2 failed with EACCES
2338 http fetch GET https://registry.npmjs.org/detect-node-es/-/detect-node-es-1.1.0.tgz attempt 2 failed with EACCES
2339 http fetch GET https://registry.npmjs.org/devalue/-/devalue-5.9.0.tgz attempt 2 failed with EACCES
2340 http fetch GET https://registry.npmjs.org/detect-libc/-/detect-libc-2.1.2.tgz attempt 2 failed with EACCES
2341 http fetch GET https://registry.npmjs.org/dlv/-/dlv-1.1.3.tgz attempt 2 failed with EACCES
2342 http fetch GET https://registry.npmjs.org/devlop/-/devlop-1.1.0.tgz attempt 2 failed with EACCES
2343 http fetch GET https://registry.npmjs.org/dset/-/dset-3.1.4.tgz attempt 2 failed with EACCES
2344 http fetch GET https://registry.npmjs.org/domelementtype/-/domelementtype-2.3.0.tgz attempt 2 failed with EACCES
2345 http fetch GET https://registry.npmjs.org/defu/-/defu-6.1.7.tgz attempt 2 failed with EACCES
2346 http fetch GET https://registry.npmjs.org/dequal/-/dequal-2.0.3.tgz attempt 2 failed with EACCES
2347 http fetch GET https://registry.npmjs.org/decode-named-character-reference/-/decode-named-character-reference-1.3.0.tgz attempt 2 failed with EACCES
2348 http fetch GET https://registry.npmjs.org/csso/-/csso-5.0.5.tgz attempt 2 failed with EACCES
2349 http fetch GET https://registry.npmjs.org/dom-serializer/-/dom-serializer-2.0.0.tgz attempt 2 failed with EACCES
2350 http fetch GET https://registry.npmjs.org/debug/-/debug-4.4.3.tgz attempt 2 failed with EACCES
2351 http fetch GET https://registry.npmjs.org/destr/-/destr-2.0.5.tgz attempt 2 failed with EACCES
2352 http fetch GET https://registry.npmjs.org/csstype/-/csstype-3.2.3.tgz attempt 2 failed with EACCES
2353 http fetch GET https://registry.npmjs.org/direction/-/direction-2.0.1.tgz attempt 2 failed with EACCES
2354 http fetch GET https://registry.npmjs.org/css-selector-parser/-/css-selector-parser-3.3.0.tgz attempt 2 failed with EACCES
2355 http fetch GET https://registry.npmjs.org/cookie-es/-/cookie-es-1.2.3.tgz attempt 2 failed with EACCES
2356 http fetch GET https://registry.npmjs.org/cookie/-/cookie-1.1.1.tgz attempt 2 failed with EACCES
2357 http fetch GET https://registry.npmjs.org/css-what/-/css-what-6.2.2.tgz attempt 2 failed with EACCES
2358 http fetch GET https://registry.npmjs.org/confbox/-/confbox-0.2.4.tgz attempt 2 failed with EACCES
2359 http fetch GET https://registry.npmjs.org/common-ancestor-path/-/common-ancestor-path-2.0.0.tgz attempt 2 failed with EACCES
2360 http fetch GET https://registry.npmjs.org/color-convert/-/color-convert-2.0.1.tgz attempt 2 failed with EACCES
2361 http fetch GET https://registry.npmjs.org/comma-separated-tokens/-/comma-separated-tokens-2.0.3.tgz attempt 2 failed with EACCES
2362 http fetch GET https://registry.npmjs.org/color-name/-/color-name-1.1.4.tgz attempt 2 failed with EACCES
2363 http fetch GET https://registry.npmjs.org/css-select/-/css-select-5.2.2.tgz attempt 2 failed with EACCES
2364 http fetch GET https://registry.npmjs.org/collapse-white-space/-/collapse-white-space-2.1.0.tgz attempt 2 failed with EACCES
2365 http fetch GET https://registry.npmjs.org/css-tree/-/css-tree-3.2.1.tgz attempt 2 failed with EACCES
2366 http fetch GET https://registry.npmjs.org/clsx/-/clsx-2.1.1.tgz attempt 2 failed with EACCES
2367 http fetch GET https://registry.npmjs.org/ci-info/-/ci-info-4.4.0.tgz attempt 2 failed with EACCES
2368 http fetch GET https://registry.npmjs.org/commander/-/commander-8.3.0.tgz attempt 2 failed with EACCES
2369 http fetch GET https://registry.npmjs.org/chownr/-/chownr-3.0.0.tgz attempt 2 failed with EACCES
2370 http fetch GET https://registry.npmjs.org/chokidar/-/chokidar-4.0.3.tgz attempt 2 failed with EACCES
2371 http fetch GET https://registry.npmjs.org/crossws/-/crossws-0.3.5.tgz attempt 2 failed with EACCES
2372 http fetch GET https://registry.npmjs.org/class-variance-authority/-/class-variance-authority-0.7.1.tgz attempt 2 failed with EACCES
2373 http fetch GET https://registry.npmjs.org/cheerio-select/-/cheerio-select-2.1.0.tgz attempt 2 failed with EACCES
2374 http fetch GET https://registry.npmjs.org/character-entities-legacy/-/character-entities-legacy-3.0.0.tgz attempt 2 failed with EACCES
2375 http fetch GET https://registry.npmjs.org/character-entities/-/character-entities-2.0.2.tgz attempt 2 failed with EACCES
2376 http fetch GET https://registry.npmjs.org/cheerio/-/cheerio-1.2.0.tgz attempt 2 failed with EACCES
2377 http fetch GET https://registry.npmjs.org/convert-source-map/-/convert-source-map-2.0.0.tgz attempt 2 failed with EACCES
2378 http fetch GET https://registry.npmjs.org/buffer-crc32/-/buffer-crc32-0.2.13.tgz attempt 2 failed with EACCES
2379 http fetch GET https://registry.npmjs.org/browserslist/-/browserslist-4.28.8.tgz attempt 2 failed with EACCES
2380 http fetch GET https://registry.npmjs.org/character-reference-invalid/-/character-reference-invalid-2.0.1.tgz attempt 2 failed with EACCES
2381 http fetch GET https://registry.npmjs.org/ccount/-/ccount-2.0.1.tgz attempt 2 failed with EACCES
2382 http fetch GET https://registry.npmjs.org/boolbase/-/boolbase-1.0.0.tgz attempt 2 failed with EACCES
2383 http fetch GET https://registry.npmjs.org/bcp-47-match/-/bcp-47-match-2.0.3.tgz attempt 2 failed with EACCES
2384 http fetch GET https://registry.npmjs.org/cssesc/-/cssesc-3.0.0.tgz attempt 2 failed with EACCES
2385 http fetch GET https://registry.npmjs.org/caniuse-lite/-/caniuse-lite-1.0.30001809.tgz attempt 2 failed with EACCES
2386 http fetch GET https://registry.npmjs.org/bail/-/bail-2.0.2.tgz attempt 2 failed with EACCES
2387 http fetch GET https://registry.npmjs.org/char-regex/-/char-regex-1.0.2.tgz attempt 2 failed with EACCES
2388 http fetch GET https://registry.npmjs.org/astring/-/astring-1.9.0.tgz attempt 2 failed with EACCES
2389 http fetch GET https://registry.npmjs.org/array-iterate/-/array-iterate-2.0.1.tgz attempt 2 failed with EACCES
2390 http fetch GET https://registry.npmjs.org/aria-query/-/aria-query-5.3.2.tgz attempt 2 failed with EACCES
2391 http fetch GET https://registry.npmjs.org/character-entities-html4/-/character-entities-html4-2.1.0.tgz attempt 2 failed with EACCES
2392 http fetch GET https://registry.npmjs.org/argparse/-/argparse-2.0.1.tgz attempt 2 failed with EACCES
2393 http fetch GET https://registry.npmjs.org/aria-hidden/-/aria-hidden-1.2.6.tgz attempt 2 failed with EACCES
2394 http fetch GET https://registry.npmjs.org/anynum/-/anynum-1.0.1.tgz attempt 2 failed with EACCES
2395 http fetch GET https://registry.npmjs.org/axobject-query/-/axobject-query-4.1.0.tgz attempt 2 failed with EACCES
2396 http fetch GET https://registry.npmjs.org/arg/-/arg-5.0.2.tgz attempt 2 failed with EACCES
2397 http fetch GET https://registry.npmjs.org/anymatch/-/anymatch-3.1.3.tgz attempt 2 failed with EACCES
2398 http fetch GET https://registry.npmjs.org/baseline-browser-mapping/-/baseline-browser-mapping-2.11.13.tgz attempt 2 failed with EACCES
2399 http fetch GET https://registry.npmjs.org/cliui/-/cliui-8.0.1.tgz attempt 2 failed with EACCES
2400 http fetch GET https://registry.npmjs.org/astro/-/astro-6.0.2.tgz attempt 2 failed with EACCES
2401 http fetch GET https://registry.npmjs.org/ansi-regex/-/ansi-regex-5.0.1.tgz attempt 2 failed with EACCES
2402 http fetch GET https://registry.npmjs.org/@vscode/emmet-helper/-/emmet-helper-2.11.0.tgz attempt 2 failed with EACCES
2403 http fetch GET https://registry.npmjs.org/acorn-jsx/-/acorn-jsx-5.3.2.tgz attempt 2 failed with EACCES
2404 http fetch GET https://registry.npmjs.org/@volar/typescript/-/typescript-2.4.28.tgz attempt 2 failed with EACCES
2405 http fetch GET https://registry.npmjs.org/astro-icon/-/astro-icon-1.1.5.tgz attempt 2 failed with EACCES
2406 http fetch GET https://registry.npmjs.org/acorn/-/acorn-8.18.0.tgz attempt 2 failed with EACCES
2407 http fetch GET https://registry.npmjs.org/@volar/language-service/-/language-service-2.4.28.tgz attempt 2 failed with EACCES
2408 http fetch GET https://registry.npmjs.org/@volar/language-server/-/language-server-2.4.28.tgz attempt 2 failed with EACCES
2409 http fetch GET https://registry.npmjs.org/@volar/source-map/-/source-map-2.4.28.tgz attempt 2 failed with EACCES
2410 http fetch GET https://registry.npmjs.org/@ungap/structured-clone/-/structured-clone-1.3.3.tgz attempt 2 failed with EACCES
2411 http fetch GET https://registry.npmjs.org/ansi-styles/-/ansi-styles-4.3.0.tgz attempt 2 failed with EACCES
2412 http fetch GET https://registry.npmjs.org/ajv-i18n/-/ajv-i18n-4.2.0.tgz attempt 2 failed with EACCES
2413 http fetch GET https://registry.npmjs.org/ajv-draft-04/-/ajv-draft-04-1.0.0.tgz attempt 2 failed with EACCES
2414 http fetch GET https://registry.npmjs.org/@vitejs/plugin-react/-/plugin-react-5.2.0.tgz attempt 2 failed with EACCES
2415 http fetch GET https://registry.npmjs.org/@volar/language-core/-/language-core-2.4.28.tgz attempt 2 failed with EACCES
2416 http fetch GET https://registry.npmjs.org/@types/react-dom/-/react-dom-19.0.0.tgz attempt 2 failed with EACCES
2417 http fetch GET https://registry.npmjs.org/@types/node/-/node-26.2.0.tgz attempt 2 failed with EACCES
2418 http fetch GET https://registry.npmjs.org/@vscode/l10n/-/l10n-0.0.18.tgz attempt 2 failed with EACCES
2419 http fetch GET https://registry.npmjs.org/@volar/kit/-/kit-2.4.28.tgz attempt 2 failed with EACCES
2420 http fetch GET https://registry.npmjs.org/ajv/-/ajv-8.20.0.tgz attempt 2 failed with EACCES
2421 http fetch GET https://registry.npmjs.org/@types/hast/-/hast-3.0.5.tgz attempt 2 failed with EACCES
2422 http fetch GET https://registry.npmjs.org/@types/nlcst/-/nlcst-2.0.3.tgz attempt 2 failed with EACCES
2423 http fetch GET https://registry.npmjs.org/@types/yauzl/-/yauzl-2.10.3.tgz attempt 2 failed with EACCES
2424 http fetch GET https://registry.npmjs.org/@types/katex/-/katex-0.16.8.tgz attempt 2 failed with EACCES
2425 http fetch GET https://registry.npmjs.org/@types/react/-/react-19.0.0.tgz attempt 2 failed with EACCES
2426 http fetch GET https://registry.npmjs.org/@types/mdx/-/mdx-2.0.14.tgz attempt 2 failed with EACCES
2427 http fetch GET https://registry.npmjs.org/@types/estree/-/estree-1.0.9.tgz attempt 2 failed with EACCES
2428 http fetch GET https://registry.npmjs.org/@types/sax/-/sax-1.2.7.tgz attempt 2 failed with EACCES
2429 http fetch GET https://registry.npmjs.org/@types/debug/-/debug-4.1.13.tgz attempt 2 failed with EACCES
2430 http fetch GET https://registry.npmjs.org/@types/babel__template/-/babel__template-7.4.4.tgz attempt 2 failed with EACCES
2431 http fetch GET https://registry.npmjs.org/@tailwindcss/vite/-/vite-4.2.1.tgz attempt 2 failed with EACCES
2432 http fetch GET https://registry.npmjs.org/@types/ms/-/ms-2.1.0.tgz attempt 2 failed with EACCES
2433 http fetch GET https://registry.npmjs.org/@types/babel__traverse/-/babel__traverse-7.28.0.tgz attempt 2 failed with EACCES
2434 http fetch GET https://registry.npmjs.org/@types/mdast/-/mdast-4.0.4.tgz attempt 2 failed with EACCES
2435 http fetch GET https://registry.npmjs.org/@types/estree-jsx/-/estree-jsx-1.0.5.tgz attempt 2 failed with EACCES
2436 http fetch GET https://registry.npmjs.org/@tailwindcss/oxide/-/oxide-4.2.1.tgz attempt 2 failed with EACCES
2437 http fetch GET https://registry.npmjs.org/@types/babel__core/-/babel__core-7.20.5.tgz attempt 2 failed with EACCES
2438 http fetch GET https://registry.npmjs.org/@tailwindcss/node/-/node-4.2.1.tgz attempt 2 failed with EACCES
2439 http fetch GET https://registry.npmjs.org/@types/babel__generator/-/babel__generator-7.27.0.tgz attempt 2 failed with EACCES
2440 http fetch GET https://registry.npmjs.org/@sindresorhus/is/-/is-4.6.0.tgz attempt 2 failed with EACCES
2441 http fetch GET https://registry.npmjs.org/@shikijs/types/-/types-3.23.0.tgz attempt 2 failed with EACCES
2442 http fetch GET https://registry.npmjs.org/@types/unist/-/unist-3.0.3.tgz attempt 2 failed with EACCES
2443 http fetch GET https://registry.npmjs.org/@shikijs/vscode-textmate/-/vscode-textmate-10.0.2.tgz attempt 2 failed with EACCES
2444 http fetch GET https://registry.npmjs.org/@shikijs/primitive/-/primitive-4.4.2.tgz attempt 2 failed with EACCES
2445 http fetch GET https://registry.npmjs.org/@shikijs/themes/-/themes-4.4.2.tgz attempt 2 failed with EACCES
2446 http fetch GET https://registry.npmjs.org/@shikijs/langs/-/langs-4.4.2.tgz attempt 2 failed with EACCES
2447 http fetch GET https://registry.npmjs.org/@shikijs/rehype/-/rehype-3.23.0.tgz attempt 2 failed with EACCES
2448 http fetch GET https://registry.npmjs.org/@shikijs/engine-oniguruma/-/engine-oniguruma-4.4.2.tgz attempt 2 failed with EACCES
2449 http fetch GET https://registry.npmjs.org/@shikijs/engine-javascript/-/engine-javascript-4.4.2.tgz attempt 2 failed with EACCES
2450 http fetch GET https://registry.npmjs.org/@rollup/rollup-win32-x64-msvc/-/rollup-win32-x64-msvc-4.62.4.tgz attempt 2 failed with EACCES
2451 http fetch GET https://registry.npmjs.org/@shikijs/core/-/core-4.4.2.tgz attempt 2 failed with EACCES
2452 http fetch GET https://registry.npmjs.org/@rollup/rollup-win32-x64-gnu/-/rollup-win32-x64-gnu-4.62.4.tgz attempt 2 failed with EACCES
2453 http fetch GET https://registry.npmjs.org/@rollup/pluginutils/-/pluginutils-5.4.0.tgz attempt 2 failed with EACCES
2454 http fetch GET https://registry.npmjs.org/@rolldown/pluginutils/-/pluginutils-1.0.0-rc.3.tgz attempt 2 failed with EACCES
2455 http fetch GET https://registry.npmjs.org/@radix-ui/rect/-/rect-1.1.3.tgz attempt 2 failed with EACCES
2456 http fetch GET https://registry.npmjs.org/@radix-ui/react-use-size/-/react-use-size-1.1.4.tgz attempt 2 failed with EACCES
2457 http fetch GET https://registry.npmjs.org/@tailwindcss/oxide-win32-x64-msvc/-/oxide-win32-x64-msvc-4.2.1.tgz attempt 2 failed with EACCES
2458 http fetch GET https://registry.npmjs.org/@radix-ui/react-use-rect/-/react-use-rect-1.1.4.tgz attempt 2 failed with EACCES
2459 http fetch GET https://registry.npmjs.org/@radix-ui/react-use-previous/-/react-use-previous-1.1.4.tgz attempt 2 failed with EACCES
2460 http fetch GET https://registry.npmjs.org/@radix-ui/react-use-layout-effect/-/react-use-layout-effect-1.1.4.tgz attempt 2 failed with EACCES
2461 http fetch GET https://registry.npmjs.org/@radix-ui/react-use-escape-keydown/-/react-use-escape-keydown-1.1.5.tgz attempt 2 failed with EACCES
2462 http fetch GET https://registry.npmjs.org/@radix-ui/react-use-callback-ref/-/react-use-callback-ref-1.1.4.tgz attempt 2 failed with EACCES
2463 http fetch GET https://registry.npmjs.org/@radix-ui/react-use-effect-event/-/react-use-effect-event-0.0.5.tgz attempt 2 failed with EACCES
2464 http fetch GET https://registry.npmjs.org/@radix-ui/react-use-controllable-state/-/react-use-controllable-state-1.2.6.tgz attempt 2 failed with EACCES
2465 http fetch GET https://registry.npmjs.org/@radix-ui/react-toolbar/-/react-toolbar-1.1.19.tgz attempt 2 failed with EACCES
2466 http fetch GET https://registry.npmjs.org/@radix-ui/react-tooltip/-/react-tooltip-1.2.16.tgz attempt 2 failed with EACCES
2467 http fetch GET https://registry.npmjs.org/@radix-ui/react-visually-hidden/-/react-visually-hidden-1.2.11.tgz attempt 2 failed with EACCES
2468 http fetch GET https://registry.npmjs.org/@radix-ui/react-toggle-group/-/react-toggle-group-1.1.19.tgz attempt 2 failed with EACCES
2469 http fetch GET https://registry.npmjs.org/@radix-ui/react-toggle/-/react-toggle-1.1.18.tgz attempt 2 failed with EACCES
2470 http fetch GET https://registry.npmjs.org/@radix-ui/react-switch/-/react-switch-1.3.7.tgz attempt 2 failed with EACCES
2471 http fetch GET https://registry.npmjs.org/@radix-ui/react-slot/-/react-slot-1.3.3.tgz attempt 2 failed with EACCES
2472 http fetch GET https://registry.npmjs.org/@radix-ui/react-toast/-/react-toast-1.2.23.tgz attempt 2 failed with EACCES
2473 http fetch GET https://registry.npmjs.org/@radix-ui/react-slider/-/react-slider-1.4.7.tgz attempt 2 failed with EACCES
2474 http fetch GET https://registry.npmjs.org/@radix-ui/react-tabs/-/react-tabs-1.1.21.tgz attempt 2 failed with EACCES
2475 http fetch GET https://registry.npmjs.org/@radix-ui/react-separator/-/react-separator-1.1.15.tgz attempt 2 failed with EACCES
2476 http fetch GET https://registry.npmjs.org/@radix-ui/react-use-is-hydrated/-/react-use-is-hydrated-0.1.3.tgz attempt 2 failed with EACCES
2477 http fetch GET https://registry.npmjs.org/@radix-ui/react-select/-/react-select-2.3.7.tgz attempt 2 failed with EACCES
2478 http fetch GET https://registry.npmjs.org/@radix-ui/react-scroll-area/-/react-scroll-area-1.2.18.tgz attempt 2 failed with EACCES
2479 http fetch GET https://registry.npmjs.org/@radix-ui/react-roving-focus/-/react-roving-focus-1.1.19.tgz attempt 2 failed with EACCES
2480 http fetch GET https://registry.npmjs.org/@radix-ui/react-progress/-/react-progress-1.1.16.tgz attempt 2 failed with EACCES
2481 http fetch GET https://registry.npmjs.org/@radix-ui/react-primitive/-/react-primitive-2.1.10.tgz attempt 2 failed with EACCES
2482 http fetch GET https://registry.npmjs.org/@radix-ui/react-presence/-/react-presence-1.1.10.tgz attempt 2 failed with EACCES
2483 http fetch GET https://registry.npmjs.org/@radix-ui/react-portal/-/react-portal-1.1.17.tgz attempt 2 failed with EACCES
2484 http fetch GET https://registry.npmjs.org/@radix-ui/react-password-toggle-field/-/react-password-toggle-field-0.1.11.tgz attempt 2 failed with EACCES
2485 http fetch GET https://registry.npmjs.org/@radix-ui/react-one-time-password-field/-/react-one-time-password-field-0.1.16.tgz attempt 2 failed with EACCES
2486 http fetch GET https://registry.npmjs.org/@radix-ui/react-popover/-/react-popover-1.1.23.tgz attempt 2 failed with EACCES
2487 http fetch GET https://registry.npmjs.org/@radix-ui/react-menubar/-/react-menubar-1.1.24.tgz attempt 2 failed with EACCES
2488 http fetch GET https://registry.npmjs.org/@radix-ui/react-menu/-/react-menu-2.1.24.tgz attempt 2 failed with EACCES
2489 http fetch GET https://registry.npmjs.org/@radix-ui/react-popper/-/react-popper-1.3.7.tgz attempt 2 failed with EACCES
2490 http fetch GET https://registry.npmjs.org/@radix-ui/react-label/-/react-label-2.1.15.tgz attempt 2 failed with EACCES
2491 http fetch GET https://registry.npmjs.org/@radix-ui/react-navigation-menu/-/react-navigation-menu-1.2.22.tgz attempt 2 failed with EACCES
2492 http fetch GET https://registry.npmjs.org/@radix-ui/react-focus-scope/-/react-focus-scope-1.1.16.tgz attempt 2 failed with EACCES
2493 http fetch GET https://registry.npmjs.org/@radix-ui/react-radio-group/-/react-radio-group-1.4.7.tgz attempt 2 failed with EACCES
2494 http fetch GET https://registry.npmjs.org/@radix-ui/react-form/-/react-form-0.1.16.tgz attempt 2 failed with EACCES
2495 http fetch GET https://registry.npmjs.org/@radix-ui/react-hover-card/-/react-hover-card-1.1.23.tgz attempt 2 failed with EACCES
2496 http fetch GET https://registry.npmjs.org/@radix-ui/react-id/-/react-id-1.1.4.tgz attempt 2 failed with EACCES
2497 http fetch GET https://registry.npmjs.org/@radix-ui/react-dropdown-menu/-/react-dropdown-menu-2.1.24.tgz attempt 2 failed with EACCES
2498 http fetch GET https://registry.npmjs.org/@radix-ui/react-dismissable-layer/-/react-dismissable-layer-1.1.19.tgz attempt 2 failed with EACCES
2499 http fetch GET https://registry.npmjs.org/@radix-ui/react-direction/-/react-direction-1.1.4.tgz attempt 2 failed with EACCES
2500 http fetch GET https://registry.npmjs.org/@radix-ui/react-dialog/-/react-dialog-1.1.23.tgz attempt 2 failed with EACCES
2501 http fetch GET https://registry.npmjs.org/@radix-ui/react-compose-refs/-/react-compose-refs-1.1.5.tgz attempt 2 failed with EACCES
2502 http fetch GET https://registry.npmjs.org/@radix-ui/react-avatar/-/react-avatar-1.2.6.tgz attempt 2 failed with EACCES
2503 http fetch GET https://registry.npmjs.org/@radix-ui/react-context-menu/-/react-context-menu-2.3.7.tgz attempt 2 failed with EACCES
2504 http fetch GET https://registry.npmjs.org/@radix-ui/react-context/-/react-context-1.2.2.tgz attempt 2 failed with EACCES
2505 http fetch GET https://registry.npmjs.org/@radix-ui/react-collection/-/react-collection-1.1.15.tgz attempt 2 failed with EACCES
2506 http fetch GET https://registry.npmjs.org/@radix-ui/react-aspect-ratio/-/react-aspect-ratio-1.1.15.tgz attempt 2 failed with EACCES
2507 http fetch GET https://registry.npmjs.org/@radix-ui/react-focus-guards/-/react-focus-guards-1.1.6.tgz attempt 2 failed with EACCES
2508 http fetch GET https://registry.npmjs.org/@radix-ui/react-checkbox/-/react-checkbox-1.3.11.tgz attempt 2 failed with EACCES
2509 http fetch GET https://registry.npmjs.org/@radix-ui/react-arrow/-/react-arrow-1.1.15.tgz attempt 2 failed with EACCES
2510 http fetch GET https://registry.npmjs.org/@radix-ui/react-alert-dialog/-/react-alert-dialog-1.1.23.tgz attempt 2 failed with EACCES
2511 http fetch GET https://registry.npmjs.org/@radix-ui/react-accessible-icon/-/react-accessible-icon-1.1.15.tgz attempt 2 failed with EACCES
2512 http fetch GET https://registry.npmjs.org/@radix-ui/react-accordion/-/react-accordion-1.2.20.tgz attempt 2 failed with EACCES
2513 http fetch GET https://registry.npmjs.org/@radix-ui/number/-/number-1.1.3.tgz attempt 2 failed with EACCES
2514 http fetch GET https://registry.npmjs.org/@mdx-js/mdx/-/mdx-3.1.1.tgz attempt 2 failed with EACCES
2515 http fetch GET https://registry.npmjs.org/@jridgewell/sourcemap-codec/-/sourcemap-codec-1.5.5.tgz attempt 2 failed with EACCES
2516 http fetch GET https://registry.npmjs.org/@jridgewell/trace-mapping/-/trace-mapping-0.3.31.tgz attempt 2 failed with EACCES
2517 http fetch GET https://registry.npmjs.org/@jridgewell/gen-mapping/-/gen-mapping-0.3.13.tgz attempt 2 failed with EACCES
2518 http fetch GET https://registry.npmjs.org/@jridgewell/resolve-uri/-/resolve-uri-3.1.2.tgz attempt 2 failed with EACCES
2519 http fetch GET https://registry.npmjs.org/@radix-ui/primitive/-/primitive-1.1.7.tgz attempt 2 failed with EACCES
2520 http fetch GET https://registry.npmjs.org/@isaacs/fs-minipass/-/fs-minipass-4.0.1.tgz attempt 2 failed with EACCES
2521 http fetch GET https://registry.npmjs.org/@jridgewell/remapping/-/remapping-2.3.5.tgz attempt 2 failed with EACCES
2522 http fetch GET https://registry.npmjs.org/@img/sharp-win32-x64/-/sharp-win32-x64-0.34.5.tgz attempt 2 failed with EACCES
2523 http fetch GET https://registry.npmjs.org/@radix-ui/react-collapsible/-/react-collapsible-1.1.20.tgz attempt 2 failed with EACCES
2524 http fetch GET https://registry.npmjs.org/@iconify/tools/-/tools-4.2.0.tgz attempt 2 failed with EACCES
2525 http fetch GET https://registry.npmjs.org/@iconify/utils/-/utils-2.3.0.tgz attempt 2 failed with EACCES
2526 http fetch GET https://registry.npmjs.org/@iconify-json/lucide/-/lucide-1.2.122.tgz attempt 2 failed with EACCES
2527 http fetch GET https://registry.npmjs.org/@oslojs/encoding/-/encoding-1.1.0.tgz attempt 2 failed with EACCES
2528 http fetch GET https://registry.npmjs.org/@floating-ui/utils/-/utils-0.2.12.tgz attempt 2 failed with EACCES
2529 http fetch GET https://registry.npmjs.org/@floating-ui/core/-/core-1.8.0.tgz attempt 2 failed with EACCES
2530 http fetch GET https://registry.npmjs.org/@expressive-code/plugin-line-numbers/-/plugin-line-numbers-0.40.2.tgz attempt 2 failed with EACCES
2531 http fetch GET https://registry.npmjs.org/@expressive-code/plugin-text-markers/-/plugin-text-markers-0.40.2.tgz attempt 2 failed with EACCES
2532 http fetch GET https://registry.npmjs.org/@expressive-code/plugin-shiki/-/plugin-shiki-0.40.2.tgz attempt 2 failed with EACCES
2533 http fetch GET https://registry.npmjs.org/@img/colour/-/colour-1.1.0.tgz attempt 2 failed with EACCES
2534 http fetch GET https://registry.npmjs.org/@floating-ui/dom/-/dom-1.8.0.tgz attempt 2 failed with EACCES
2535 http fetch GET https://registry.npmjs.org/@expressive-code/plugin-frames/-/plugin-frames-0.40.2.tgz attempt 2 failed with EACCES
2536 http fetch GET https://registry.npmjs.org/@iconify/types/-/types-2.0.0.tgz attempt 2 failed with EACCES
2537 http fetch GET https://registry.npmjs.org/@floating-ui/react-dom/-/react-dom-2.1.9.tgz attempt 2 failed with EACCES
2538 http fetch GET https://registry.npmjs.org/@esbuild/win32-x64/-/win32-x64-0.27.7.tgz attempt 2 failed with EACCES
2539 http fetch GET https://registry.npmjs.org/@emmetio/stream-reader/-/stream-reader-2.2.0.tgz attempt 2 failed with EACCES
2540 http fetch GET https://registry.npmjs.org/@emmetio/html-matcher/-/html-matcher-1.3.0.tgz attempt 2 failed with EACCES
2541 http fetch GET https://registry.npmjs.org/@expressive-code/core/-/core-0.40.2.tgz attempt 2 failed with EACCES
2542 http fetch GET https://registry.npmjs.org/@emmetio/css-parser/-/css-parser-0.4.1.tgz attempt 2 failed with EACCES
2543 http fetch GET https://registry.npmjs.org/@expressive-code/plugin-collapsible-sections/-/plugin-collapsible-sections-0.40.2.tgz attempt 2 failed with EACCES
2544 http fetch GET https://registry.npmjs.org/@emmetio/scanner/-/scanner-1.0.4.tgz attempt 2 failed with EACCES
2545 http fetch GET https://registry.npmjs.org/@emmetio/css-abbreviation/-/css-abbreviation-2.1.8.tgz attempt 2 failed with EACCES
2546 http fetch GET https://registry.npmjs.org/@emmetio/abbreviation/-/abbreviation-2.3.3.tgz attempt 2 failed with EACCES
2547 http fetch GET https://registry.npmjs.org/@emmetio/stream-reader-utils/-/stream-reader-utils-0.1.0.tgz attempt 2 failed with EACCES
2548 http fetch GET https://registry.npmjs.org/@clack/core/-/core-1.4.3.tgz attempt 2 failed with EACCES
2549 http fetch GET https://registry.npmjs.org/@capsizecss/unpack/-/unpack-4.0.1.tgz attempt 2 failed with EACCES
2550 http fetch GET https://registry.npmjs.org/@clack/prompts/-/prompts-1.7.0.tgz attempt 2 failed with EACCES
2551 http fetch GET https://registry.npmjs.org/@ctrl/tinycolor/-/tinycolor-4.2.0.tgz attempt 2 failed with EACCES
2552 http fetch GET https://registry.npmjs.org/@babel/types/-/types-7.29.8.tgz attempt 2 failed with EACCES
2553 http fetch GET https://registry.npmjs.org/@babel/parser/-/parser-7.29.8.tgz attempt 2 failed with EACCES
2554 http fetch GET https://registry.npmjs.org/@babel/plugin-transform-react-jsx-source/-/plugin-transform-react-jsx-source-7.29.7.tgz attempt 2 failed with EACCES
2555 http fetch GET https://registry.npmjs.org/@babel/helper-validator-option/-/helper-validator-option-7.29.7.tgz attempt 2 failed with EACCES
2556 http fetch GET https://registry.npmjs.org/@babel/helper-validator-identifier/-/helper-validator-identifier-7.29.7.tgz attempt 2 failed with EACCES
2557 http fetch GET https://registry.npmjs.org/@babel/template/-/template-7.29.7.tgz attempt 2 failed with EACCES
2558 http fetch GET https://registry.npmjs.org/@babel/plugin-transform-react-jsx-self/-/plugin-transform-react-jsx-self-7.29.7.tgz attempt 2 failed with EACCES
2559 http fetch GET https://registry.npmjs.org/@babel/helper-module-imports/-/helper-module-imports-7.29.7.tgz attempt 2 failed with EACCES
2560 http fetch GET https://registry.npmjs.org/@babel/helper-plugin-utils/-/helper-plugin-utils-7.29.7.tgz attempt 2 failed with EACCES
2561 http fetch GET https://registry.npmjs.org/@babel/helper-string-parser/-/helper-string-parser-7.29.7.tgz attempt 2 failed with EACCES
2562 http fetch GET https://registry.npmjs.org/@babel/helper-globals/-/helper-globals-7.29.7.tgz attempt 2 failed with EACCES
2563 http fetch GET https://registry.npmjs.org/@babel/generator/-/generator-7.29.8.tgz attempt 2 failed with EACCES
2564 http fetch GET https://registry.npmjs.org/@babel/helper-module-transforms/-/helper-module-transforms-7.29.7.tgz attempt 2 failed with EACCES
2565 http fetch GET https://registry.npmjs.org/@babel/core/-/core-7.29.7.tgz attempt 2 failed with EACCES
2566 http fetch GET https://registry.npmjs.org/@babel/helper-compilation-targets/-/helper-compilation-targets-7.29.7.tgz attempt 2 failed with EACCES
2567 http fetch GET https://registry.npmjs.org/@babel/code-frame/-/code-frame-7.29.7.tgz attempt 2 failed with EACCES
2568 http fetch GET https://registry.npmjs.org/@astrojs/telemetry/-/telemetry-3.3.0.tgz attempt 2 failed with EACCES
2569 http fetch GET https://registry.npmjs.org/@astrojs/yaml2ts/-/yaml2ts-0.2.4.tgz attempt 2 failed with EACCES
2570 http fetch GET https://registry.npmjs.org/@astrojs/sitemap/-/sitemap-3.7.1.tgz attempt 2 failed with EACCES
2571 http fetch GET https://registry.npmjs.org/@astrojs/prism/-/prism-4.0.0.tgz attempt 2 failed with EACCES
2572 http fetch GET https://registry.npmjs.org/@astrojs/react/-/react-5.0.0.tgz attempt 2 failed with EACCES
2573 http fetch GET https://registry.npmjs.org/@astrojs/rss/-/rss-4.0.17.tgz attempt 2 failed with EACCES
2574 http fetch GET https://registry.npmjs.org/@astrojs/mdx/-/mdx-5.0.0.tgz attempt 2 failed with EACCES
2575 http fetch GET https://registry.npmjs.org/@babel/traverse/-/traverse-7.29.8.tgz attempt 2 failed with EACCES
2576 http fetch GET https://registry.npmjs.org/@astrojs/markdown-remark/-/markdown-remark-7.0.0.tgz attempt 2 failed with EACCES
2577 http fetch GET https://registry.npmjs.org/@astrojs/language-server/-/language-server-2.16.13.tgz attempt 2 failed with EACCES
2578 http fetch GET https://registry.npmjs.org/@antfu/utils/-/utils-8.1.1.tgz attempt 2 failed with EACCES
2579 http fetch GET https://registry.npmjs.org/yaml/-/yaml-2.8.3.tgz attempt 2 failed with EACCES
2580 http fetch GET https://registry.npmjs.org/request-light/-/request-light-0.5.8.tgz attempt 2 failed with EACCES
2581 http fetch GET https://registry.npmjs.org/@astrojs/check/-/check-0.9.7.tgz attempt 2 failed with EACCES
2582 http fetch GET https://registry.npmjs.org/@astrojs/internal-helpers/-/internal-helpers-0.8.0.tgz attempt 2 failed with EACCES
2583 http fetch GET https://registry.npmjs.org/@babel/compat-data/-/compat-data-7.29.7.tgz attempt 2 failed with EACCES
2584 http fetch GET https://registry.npmjs.org/vscode-languageserver-protocol/-/vscode-languageserver-protocol-3.17.5.tgz attempt 2 failed with EACCES
2585 http fetch GET https://registry.npmjs.org/vscode-languageserver-types/-/vscode-languageserver-types-3.17.5.tgz attempt 2 failed with EACCES
2586 http fetch GET https://registry.npmjs.org/@astrojs/compiler/-/compiler-2.13.1.tgz attempt 2 failed with EACCES
2587 http fetch GET https://registry.npmjs.org/jsonc-parser/-/jsonc-parser-3.3.1.tgz attempt 2 failed with EACCES
2588 http fetch GET https://registry.npmjs.org/vscode-languageserver-types/-/vscode-languageserver-types-3.17.5.tgz attempt 2 failed with EACCES
2589 http fetch GET https://registry.npmjs.org/yallist/-/yallist-5.0.0.tgz attempt 2 failed with EACCES
2590 http fetch GET https://registry.npmjs.org/semver/-/semver-7.8.5.tgz attempt 2 failed with EACCES
2591 http fetch GET https://registry.npmjs.org/yargs-parser/-/yargs-parser-21.1.1.tgz attempt 2 failed with EACCES
2592 http fetch GET https://registry.npmjs.org/semver/-/semver-7.8.5.tgz attempt 2 failed with EACCES
2593 http fetch GET https://registry.npmjs.org/undici-types/-/undici-types-7.18.2.tgz attempt 2 failed with EACCES
2594 http fetch GET https://registry.npmjs.org/commander/-/commander-11.1.0.tgz attempt 2 failed with EACCES
2595 http fetch GET https://registry.npmjs.org/semver/-/semver-7.8.5.tgz attempt 2 failed with EACCES
2596 http fetch GET https://registry.npmjs.org/typescript/-/typescript-6.0.3.tgz attempt 2 failed with EACCES
2597 http fetch GET https://registry.npmjs.org/@astrojs/compiler/-/compiler-3.0.1.tgz attempt 2 failed with EACCES
2598 http fetch GET https://registry.npmjs.org/@babel/helpers/-/helpers-7.29.7.tgz attempt 2 failed with EACCES
2599 http fetch GET https://registry.npmjs.org/confbox/-/confbox-0.1.8.tgz attempt 2 failed with EACCES
2600 http fetch GET https://registry.npmjs.org/@types/unist/-/unist-2.0.11.tgz attempt 2 failed with EACCES
2601 http fetch GET https://registry.npmjs.org/pkg-types/-/pkg-types-1.3.1.tgz attempt 2 failed with EACCES
2602 http fetch GET https://registry.npmjs.org/vscode-jsonrpc/-/vscode-jsonrpc-8.2.0.tgz attempt 2 failed with EACCES
2603 http fetch GET https://registry.npmjs.org/unstorage/-/unstorage-1.17.5.tgz attempt 2 failed with EACCES
2604 http fetch GET https://registry.npmjs.org/mdn-data/-/mdn-data-2.0.28.tgz attempt 2 failed with EACCES
2605 http fetch GET https://registry.npmjs.org/semver/-/semver-7.8.5.tgz attempt 2 failed with EACCES
2606 http fetch GET https://registry.npmjs.org/entities/-/entities-7.0.1.tgz attempt 2 failed with EACCES
2607 http fetch GET https://registry.npmjs.org/entities/-/entities-6.0.1.tgz attempt 2 failed with EACCES
2608 http fetch GET https://registry.npmjs.org/@antfu/install-pkg/-/install-pkg-1.1.0.tgz attempt 2 failed with EACCES
2609 http fetch GET https://registry.npmjs.org/readdirp/-/readdirp-5.1.1.tgz attempt 2 failed with EACCES
2610 http fetch GET https://registry.npmjs.org/@astrojs/compiler/-/compiler-3.0.1.tgz attempt 2 failed with EACCES
2611 http fetch GET https://registry.npmjs.org/picomatch/-/picomatch-2.3.2.tgz attempt 2 failed with EACCES
2612 http fetch GET https://registry.npmjs.org/chokidar/-/chokidar-5.0.0.tgz attempt 2 failed with EACCES
2613 http fetch GET https://registry.npmjs.org/lru-cache/-/lru-cache-11.5.2.tgz attempt 2 failed with EACCES
2614 http fetch GET https://registry.npmjs.org/css-tree/-/css-tree-2.2.1.tgz attempt 2 failed with EACCES
2615 http fetch GET https://registry.npmjs.org/lightningcss-win32-x64-msvc/-/lightningcss-win32-x64-msvc-1.31.1.tgz attempt 2 failed with EACCES
2616 http fetch GET https://registry.npmjs.org/@shikijs/themes/-/themes-3.23.0.tgz attempt 2 failed with EACCES
2617 http fetch GET https://registry.npmjs.org/@shikijs/types/-/types-4.4.2.tgz attempt 2 failed with EACCES
2618 http fetch GET https://registry.npmjs.org/@shikijs/langs/-/langs-3.23.0.tgz attempt 2 failed with EACCES
2619 http fetch GET https://registry.npmjs.org/shiki/-/shiki-3.23.0.tgz attempt 2 failed with EACCES
2620 http fetch GET https://registry.npmjs.org/lightningcss/-/lightningcss-1.31.1.tgz attempt 2 failed with EACCES
2621 http fetch GET https://registry.npmjs.org/@types/node/-/node-24.13.3.tgz attempt 2 failed with EACCES
2622 http fetch GET https://registry.npmjs.org/@shikijs/types/-/types-4.4.2.tgz attempt 2 failed with EACCES
2623 http fetch GET https://registry.npmjs.org/@shikijs/engine-oniguruma/-/engine-oniguruma-3.23.0.tgz attempt 2 failed with EACCES
2624 http fetch GET https://registry.npmjs.org/@shikijs/types/-/types-4.4.2.tgz attempt 2 failed with EACCES
2625 http fetch GET https://registry.npmjs.org/estree-walker/-/estree-walker-2.0.2.tgz attempt 2 failed with EACCES
2626 http fetch GET https://registry.npmjs.org/@shikijs/types/-/types-4.4.2.tgz attempt 2 failed with EACCES
2627 http fetch GET https://registry.npmjs.org/@shikijs/engine-javascript/-/engine-javascript-3.23.0.tgz attempt 2 failed with EACCES
2628 http fetch GET https://registry.npmjs.org/@shikijs/core/-/core-3.23.0.tgz attempt 2 failed with EACCES
2629 http fetch GET https://registry.npmjs.org/svgo/-/svgo-3.3.4.tgz attempt 2 failed with EACCES
2630 http fetch GET https://registry.npmjs.org/css-tree/-/css-tree-2.3.1.tgz attempt 2 failed with EACCES
2631 http fetch GET https://registry.npmjs.org/mdn-data/-/mdn-data-2.0.30.tgz attempt 2 failed with EACCES
2632 http fetch GET https://registry.npmjs.org/shiki/-/shiki-1.29.2.tgz attempt 2 failed with EACCES
2633 http fetch GET https://registry.npmjs.org/@shikijs/types/-/types-4.4.2.tgz attempt 2 failed with EACCES
2634 http fetch GET https://registry.npmjs.org/regex-recursion/-/regex-recursion-5.1.1.tgz attempt 2 failed with EACCES
2635 http fetch GET https://registry.npmjs.org/@shikijs/types/-/types-4.4.2.tgz attempt 2 failed with EACCES
2636 http fetch GET https://registry.npmjs.org/oniguruma-to-es/-/oniguruma-to-es-2.3.0.tgz attempt 2 failed with EACCES
2637 http fetch GET https://registry.npmjs.org/commander/-/commander-7.2.0.tgz attempt 2 failed with EACCES
2638 http fetch GET https://registry.npmjs.org/@shikijs/types/-/types-1.29.2.tgz attempt 2 failed with EACCES
2639 http fetch GET https://registry.npmjs.org/@shikijs/engine-oniguruma/-/engine-oniguruma-1.29.2.tgz attempt 2 failed with EACCES
2640 http fetch GET https://registry.npmjs.org/@shikijs/langs/-/langs-1.29.2.tgz attempt 2 failed with EACCES
2641 http fetch GET https://registry.npmjs.org/@shikijs/engine-javascript/-/engine-javascript-1.29.2.tgz attempt 2 failed with EACCES
2642 http fetch GET https://registry.npmjs.org/regex/-/regex-5.1.1.tgz attempt 2 failed with EACCES
2643 http fetch GET https://registry.npmjs.org/@shikijs/types/-/types-4.4.2.tgz attempt 2 failed with EACCES
2644 http fetch GET https://registry.npmjs.org/@shikijs/core/-/core-1.29.2.tgz attempt 2 failed with EACCES
2645 http fetch GET https://registry.npmjs.org/@shikijs/themes/-/themes-1.29.2.tgz attempt 2 failed with EACCES
2646 http fetch GET https://registry.npmjs.org/npm attempt 3 failed with EACCES
2647 http fetch GET https://registry.npmjs.org/yargs-parser/-/yargs-parser-22.0.0.tgz attempt 3 failed with EACCES
2648 http fetch GET https://registry.npmjs.org/yauzl/-/yauzl-2.10.0.tgz attempt 3 failed with EACCES
2649 http fetch GET https://registry.npmjs.org/yargs/-/yargs-17.7.3.tgz attempt 3 failed with EACCES
2650 http fetch GET https://registry.npmjs.org/yocto-queue/-/yocto-queue-1.2.2.tgz attempt 3 failed with EACCES
2651 http fetch GET https://registry.npmjs.org/yallist/-/yallist-3.1.1.tgz attempt 3 failed with EACCES
2652 http fetch GET https://registry.npmjs.org/zod/-/zod-4.4.3.tgz attempt 3 failed with EACCES
2653 http fetch GET https://registry.npmjs.org/xxhash-wasm/-/xxhash-wasm-1.1.0.tgz attempt 3 failed with EACCES
2654 http fetch GET https://registry.npmjs.org/xml-naming/-/xml-naming-0.3.0.tgz attempt 3 failed with EACCES
2655 http fetch GET https://registry.npmjs.org/zwitch/-/zwitch-2.0.4.tgz attempt 3 failed with EACCES
2656 http fetch GET https://registry.npmjs.org/y18n/-/y18n-5.0.8.tgz attempt 3 failed with EACCES
2657 http fetch GET https://registry.npmjs.org/yaml-language-server/-/yaml-language-server-1.23.0.tgz attempt 3 failed with EACCES
2658 http fetch GET https://registry.npmjs.org/which-pm-runs/-/which-pm-runs-1.1.0.tgz attempt 3 failed with EACCES
2659 http fetch GET https://registry.npmjs.org/whatwg-encoding/-/whatwg-encoding-3.1.1.tgz attempt 3 failed with EACCES
2660 http fetch GET https://registry.npmjs.org/yaml/-/yaml-2.9.0.tgz attempt 3 failed with EACCES
2661 http fetch GET https://registry.npmjs.org/vscode-uri/-/vscode-uri-3.1.0.tgz attempt 3 failed with EACCES
2662 http fetch GET https://registry.npmjs.org/vscode-nls/-/vscode-nls-5.2.0.tgz attempt 3 failed with EACCES
2663 http fetch GET https://registry.npmjs.org/vscode-languageserver-textdocument/-/vscode-languageserver-textdocument-1.0.12.tgz attempt 3 failed with EACCES
2664 http fetch GET https://registry.npmjs.org/vscode-languageserver-types/-/vscode-languageserver-types-3.18.0.tgz attempt 3 failed with EACCES
2665 http fetch GET https://registry.npmjs.org/wrap-ansi/-/wrap-ansi-7.0.0.tgz attempt 3 failed with EACCES
2666 http fetch GET https://registry.npmjs.org/vscode-jsonrpc/-/vscode-jsonrpc-9.0.1.tgz attempt 3 failed with EACCES
2667 http fetch GET https://registry.npmjs.org/web-namespaces/-/web-namespaces-2.0.1.tgz attempt 3 failed with EACCES
2668 http fetch GET https://registry.npmjs.org/whatwg-mimetype/-/whatwg-mimetype-4.0.0.tgz attempt 3 failed with EACCES
2669 http fetch GET https://registry.npmjs.org/vscode-html-languageservice/-/vscode-html-languageservice-5.6.2.tgz attempt 3 failed with EACCES
2670 http fetch GET https://registry.npmjs.org/wrappy/-/wrappy-1.0.2.tgz attempt 3 failed with EACCES
2671 http fetch GET https://registry.npmjs.org/volar-service-yaml/-/volar-service-yaml-0.0.71.tgz attempt 3 failed with EACCES
2672 http fetch GET https://registry.npmjs.org/vscode-languageserver-protocol/-/vscode-languageserver-protocol-3.18.2.tgz attempt 3 failed with EACCES
2673 http fetch GET https://registry.npmjs.org/vscode-languageserver/-/vscode-languageserver-9.0.1.tgz attempt 3 failed with EACCES
2674 http fetch GET https://registry.npmjs.org/volar-service-typescript-twoslash-queries/-/volar-service-typescript-twoslash-queries-0.0.71.tgz attempt 3 failed with EACCES
2675 http fetch GET https://registry.npmjs.org/volar-service-css/-/volar-service-css-0.0.71.tgz attempt 3 failed with EACCES
2676 http fetch GET https://registry.npmjs.org/volar-service-emmet/-/volar-service-emmet-0.0.71.tgz attempt 3 failed with EACCES
2677 http fetch GET https://registry.npmjs.org/vfile-message/-/vfile-message-4.0.3.tgz attempt 3 failed with EACCES
2678 http fetch GET https://registry.npmjs.org/vscode-json-languageservice/-/vscode-json-languageservice-4.1.8.tgz attempt 3 failed with EACCES
2679 http fetch GET https://registry.npmjs.org/volar-service-html/-/volar-service-html-0.0.71.tgz attempt 3 failed with EACCES
2680 http fetch GET https://registry.npmjs.org/vite/-/vite-7.3.6.tgz attempt 3 failed with EACCES
2681 http fetch GET https://registry.npmjs.org/vitefu/-/vitefu-1.1.3.tgz attempt 3 failed with EACCES
2682 http fetch GET https://registry.npmjs.org/use-sidecar/-/use-sidecar-1.1.3.tgz attempt 3 failed with EACCES
2683 http fetch GET https://registry.npmjs.org/vfile-location/-/vfile-location-5.0.3.tgz attempt 3 failed with EACCES
2684 http fetch GET https://registry.npmjs.org/vscode-css-languageservice/-/vscode-css-languageservice-6.3.10.tgz attempt 3 failed with EACCES
2685 http fetch GET https://registry.npmjs.org/vfile/-/vfile-6.0.3.tgz attempt 3 failed with EACCES
2686 http fetch GET https://registry.npmjs.org/util-deprecate/-/util-deprecate-1.0.2.tgz attempt 3 failed with EACCES
2687 http fetch GET https://registry.npmjs.org/volar-service-typescript/-/volar-service-typescript-0.0.71.tgz attempt 3 failed with EACCES
2688 http fetch GET https://registry.npmjs.org/use-callback-ref/-/use-callback-ref-1.3.3.tgz attempt 3 failed with EACCES
2689 http fetch GET https://registry.npmjs.org/unist-util-visit-children/-/unist-util-visit-children-3.0.0.tgz attempt 3 failed with EACCES
2690 http fetch GET https://registry.npmjs.org/unist-util-visit-parents/-/unist-util-visit-parents-6.0.2.tgz attempt 3 failed with EACCES
2691 http fetch GET https://registry.npmjs.org/update-browserslist-db/-/update-browserslist-db-1.3.0.tgz attempt 3 failed with EACCES
2692 http fetch GET https://registry.npmjs.org/unist-util-remove-position/-/unist-util-remove-position-5.0.0.tgz attempt 3 failed with EACCES
2693 http fetch GET https://registry.npmjs.org/unist-util-stringify-position/-/unist-util-stringify-position-4.0.0.tgz attempt 3 failed with EACCES
2694 http fetch GET https://registry.npmjs.org/unist-util-position/-/unist-util-position-5.0.0.tgz attempt 3 failed with EACCES
2695 http fetch GET https://registry.npmjs.org/unist-util-visit/-/unist-util-visit-5.1.0.tgz attempt 3 failed with EACCES
2696 http fetch GET https://registry.npmjs.org/unist-util-position-from-estree/-/unist-util-position-from-estree-2.0.0.tgz attempt 3 failed with EACCES
2697 http fetch GET https://registry.npmjs.org/unified/-/unified-11.0.5.tgz attempt 3 failed with EACCES
2698 http fetch GET https://registry.npmjs.org/unist-util-find-after/-/unist-util-find-after-5.0.0.tgz attempt 3 failed with EACCES
2699 http fetch GET https://registry.npmjs.org/undici-types/-/undici-types-8.3.0.tgz attempt 3 failed with EACCES
2700 http fetch GET https://registry.npmjs.org/uncrypto/-/uncrypto-0.1.3.tgz attempt 3 failed with EACCES
2701 http fetch GET https://registry.npmjs.org/unifont/-/unifont-0.7.4.tgz attempt 3 failed with EACCES
2702 http fetch GET https://registry.npmjs.org/ultrahtml/-/ultrahtml-1.7.0.tgz attempt 3 failed with EACCES
2703 http fetch GET https://registry.npmjs.org/undici/-/undici-7.29.0.tgz attempt 3 failed with EACCES
2704 http fetch GET https://registry.npmjs.org/ufo/-/ufo-1.6.4.tgz attempt 3 failed with EACCES
2705 http fetch GET https://registry.npmjs.org/unicode-emoji-modifier-base/-/unicode-emoji-modifier-base-1.0.0.tgz attempt 3 failed with EACCES
2706 http fetch GET https://registry.npmjs.org/unist-util-is/-/unist-util-is-6.0.1.tgz attempt 3 failed with EACCES
2707 http fetch GET https://registry.npmjs.org/typescript/-/typescript-5.9.3.tgz attempt 3 failed with EACCES
2708 http fetch GET https://registry.npmjs.org/typesafe-path/-/typesafe-path-0.2.2.tgz attempt 3 failed with EACCES
2709 http fetch GET https://registry.npmjs.org/tslib/-/tslib-2.8.1.tgz attempt 3 failed with EACCES
2710 http fetch GET https://registry.npmjs.org/tsconfck/-/tsconfck-3.1.6.tgz attempt 3 failed with EACCES
2711 http fetch GET https://registry.npmjs.org/volar-service-prettier/-/volar-service-prettier-0.0.71.tgz attempt 3 failed with EACCES
2712 http fetch GET https://registry.npmjs.org/trough/-/trough-2.2.0.tgz attempt 3 failed with EACCES
2713 http fetch GET https://registry.npmjs.org/typescript-auto-import-cache/-/typescript-auto-import-cache-0.3.6.tgz attempt 3 failed with EACCES
2714 http fetch GET https://registry.npmjs.org/unist-util-modify-children/-/unist-util-modify-children-4.0.0.tgz attempt 3 failed with EACCES
2715 http fetch GET https://registry.npmjs.org/tinyglobby/-/tinyglobby-0.2.17.tgz attempt 3 failed with EACCES
2716 http fetch GET https://registry.npmjs.org/tinyexec/-/tinyexec-1.3.0.tgz attempt 3 failed with EACCES
2717 http fetch GET https://registry.npmjs.org/tinyclip/-/tinyclip-0.1.15.tgz attempt 3 failed with EACCES
2718 http fetch GET https://registry.npmjs.org/tiny-inflate/-/tiny-inflate-1.0.3.tgz attempt 3 failed with EACCES
2719 http fetch GET https://registry.npmjs.org/tar/-/tar-7.5.22.tgz attempt 3 failed with EACCES
2720 http fetch GET https://registry.npmjs.org/tailwind-merge/-/tailwind-merge-3.6.0.tgz attempt 3 failed with EACCES
2721 http fetch GET https://registry.npmjs.org/svgo/-/svgo-4.0.2.tgz attempt 3 failed with EACCES
2722 http fetch GET https://registry.npmjs.org/suf-log/-/suf-log-2.5.3.tgz attempt 3 failed with EACCES
2723 http fetch GET https://registry.npmjs.org/tailwindcss/-/tailwindcss-4.2.1.tgz attempt 3 failed with EACCES
2724 http fetch GET https://registry.npmjs.org/tapable/-/tapable-2.3.3.tgz attempt 3 failed with EACCES
2725 http fetch GET https://registry.npmjs.org/style-to-js/-/style-to-js-1.1.21.tgz attempt 3 failed with EACCES
2726 http fetch GET https://registry.npmjs.org/style-to-object/-/style-to-object-1.0.14.tgz attempt 3 failed with EACCES
2727 http fetch GET https://registry.npmjs.org/stringify-entities/-/stringify-entities-4.0.4.tgz attempt 3 failed with EACCES
2728 http fetch GET https://registry.npmjs.org/strip-ansi/-/strip-ansi-6.0.1.tgz attempt 3 failed with EACCES
2729 http fetch GET https://registry.npmjs.org/stream-replace-string/-/stream-replace-string-2.0.0.tgz attempt 3 failed with EACCES
2730 http fetch GET https://registry.npmjs.org/strnum/-/strnum-2.4.1.tgz attempt 3 failed with EACCES
2731 http fetch GET https://registry.npmjs.org/trim-lines/-/trim-lines-3.0.1.tgz attempt 3 failed with EACCES
2732 http fetch GET https://registry.npmjs.org/string-width/-/string-width-4.2.3.tgz attempt 3 failed with EACCES
2733 http fetch GET https://registry.npmjs.org/space-separated-tokens/-/space-separated-tokens-2.0.2.tgz attempt 3 failed with EACCES
2734 http fetch GET https://registry.npmjs.org/source-map/-/source-map-0.7.6.tgz attempt 3 failed with EACCES
2735 http fetch GET https://registry.npmjs.org/source-map-js/-/source-map-js-1.2.1.tgz attempt 3 failed with EACCES
2736 http fetch GET https://registry.npmjs.org/sitemap/-/sitemap-9.0.1.tgz attempt 3 failed with EACCES
2737 http fetch GET https://registry.npmjs.org/sisteransi/-/sisteransi-1.0.5.tgz attempt 3 failed with EACCES
2738 http fetch GET https://registry.npmjs.org/sharp/-/sharp-0.34.5.tgz attempt 3 failed with EACCES
2739 verbose reify failed optional dependency D:\Repo\Future-Game-Laboratory.github.io\node_modules\sharp
2740 silly reify mark deleted [ 'D:\\Repo\\Future-Game-Laboratory.github.io\\node_modules\\sharp' ]
2741 verbose reify failed optional dependency D:\Repo\Future-Game-Laboratory.github.io\node_modules\@img\colour
2742 silly reify mark deleted [
2742 silly reify   'D:\\Repo\\Future-Game-Laboratory.github.io\\node_modules\\@img\\colour'
2742 silly reify ]
2743 verbose reify failed optional dependency D:\Repo\Future-Game-Laboratory.github.io\node_modules\sharp\node_modules\semver
2744 silly reify mark deleted [
2744 silly reify   'D:\\Repo\\Future-Game-Laboratory.github.io\\node_modules\\sharp\\node_modules\\semver',
2744 silly reify   'D:\\Repo\\Future-Game-Laboratory.github.io\\node_modules\\sharp\\node_modules\\.bin\\semver',
2744 silly reify   'D:\\Repo\\Future-Game-Laboratory.github.io\\node_modules\\sharp\\node_modules\\.bin\\semver.cmd',
2744 silly reify   'D:\\Repo\\Future-Game-Laboratory.github.io\\node_modules\\sharp\\node_modules\\.bin\\semver.ps1'
2744 silly reify ]
2745 verbose reify failed optional dependency D:\Repo\Future-Game-Laboratory.github.io\node_modules\@img\sharp-darwin-arm64
2746 silly reify mark deleted [
2746 silly reify   'D:\\Repo\\Future-Game-Laboratory.github.io\\node_modules\\@img\\sharp-darwin-arm64'
2746 silly reify ]
2747 verbose reify failed optional dependency D:\Repo\Future-Game-Laboratory.github.io\node_modules\@img\sharp-darwin-x64
2748 silly reify mark deleted [
2748 silly reify   'D:\\Repo\\Future-Game-Laboratory.github.io\\node_modules\\@img\\sharp-darwin-x64'
2748 silly reify ]
2749 verbose reify failed optional dependency D:\Repo\Future-Game-Laboratory.github.io\node_modules\@img\sharp-libvips-darwin-arm64
2750 silly reify mark deleted [
2750 silly reify   'D:\\Repo\\Future-Game-Laboratory.github.io\\node_modules\\@img\\sharp-libvips-darwin-arm64'
2750 silly reify ]
2751 verbose reify failed optional dependency D:\Repo\Future-Game-Laboratory.github.io\node_modules\@img\sharp-libvips-darwin-x64
2752 silly reify mark deleted [
2752 silly reify   'D:\\Repo\\Future-Game-Laboratory.github.io\\node_modules\\@img\\sharp-libvips-darwin-x64'
2752 silly reify ]
2753 verbose reify failed optional dependency D:\Repo\Future-Game-Laboratory.github.io\node_modules\@img\sharp-libvips-linux-arm
2754 silly reify mark deleted [
2754 silly reify   'D:\\Repo\\Future-Game-Laboratory.github.io\\node_modules\\@img\\sharp-libvips-linux-arm'
2754 silly reify ]
2755 verbose reify failed optional dependency D:\Repo\Future-Game-Laboratory.github.io\node_modules\@img\sharp-libvips-linux-arm64
2756 silly reify mark deleted [
2756 silly reify   'D:\\Repo\\Future-Game-Laboratory.github.io\\node_modules\\@img\\sharp-libvips-linux-arm64'
2756 silly reify ]
2757 verbose reify failed optional dependency D:\Repo\Future-Game-Laboratory.github.io\node_modules\@img\sharp-libvips-linux-ppc64
2758 silly reify mark deleted [
2758 silly reify   'D:\\Repo\\Future-Game-Laboratory.github.io\\node_modules\\@img\\sharp-libvips-linux-ppc64'
2758 silly reify ]
2759 verbose reify failed optional dependency D:\Repo\Future-Game-Laboratory.github.io\node_modules\@img\sharp-libvips-linux-riscv64
2760 silly reify mark deleted [
2760 silly reify   'D:\\Repo\\Future-Game-Laboratory.github.io\\node_modules\\@img\\sharp-libvips-linux-riscv64'
2760 silly reify ]
2761 verbose reify failed optional dependency D:\Repo\Future-Game-Laboratory.github.io\node_modules\@img\sharp-libvips-linux-s390x
2762 silly reify mark deleted [
2762 silly reify   'D:\\Repo\\Future-Game-Laboratory.github.io\\node_modules\\@img\\sharp-libvips-linux-s390x'
2762 silly reify ]
2763 verbose reify failed optional dependency D:\Repo\Future-Game-Laboratory.github.io\node_modules\@img\sharp-libvips-linux-x64
2764 silly reify mark deleted [
2764 silly reify   'D:\\Repo\\Future-Game-Laboratory.github.io\\node_modules\\@img\\sharp-libvips-linux-x64'
2764 silly reify ]
2765 verbose reify failed optional dependency D:\Repo\Future-Game-Laboratory.github.io\node_modules\@img\sharp-libvips-linuxmusl-arm64
2766 silly reify mark deleted [
2766 silly reify   'D:\\Repo\\Future-Game-Laboratory.github.io\\node_modules\\@img\\sharp-libvips-linuxmusl-arm64'
2766 silly reify ]
2767 verbose reify failed optional dependency D:\Repo\Future-Game-Laboratory.github.io\node_modules\@img\sharp-libvips-linuxmusl-x64
2768 silly reify mark deleted [
2768 silly reify   'D:\\Repo\\Future-Game-Laboratory.github.io\\node_modules\\@img\\sharp-libvips-linuxmusl-x64'
2768 silly reify ]
2769 verbose reify failed optional dependency D:\Repo\Future-Game-Laboratory.github.io\node_modules\@img\sharp-linux-arm
2770 silly reify mark deleted [
2770 silly reify   'D:\\Repo\\Future-Game-Laboratory.github.io\\node_modules\\@img\\sharp-linux-arm'
2770 silly reify ]
2771 verbose reify failed optional dependency D:\Repo\Future-Game-Laboratory.github.io\node_modules\@img\sharp-linux-arm64
2772 silly reify mark deleted [
2772 silly reify   'D:\\Repo\\Future-Game-Laboratory.github.io\\node_modules\\@img\\sharp-linux-arm64'
2772 silly reify ]
2773 verbose reify failed optional dependency D:\Repo\Future-Game-Laboratory.github.io\node_modules\@img\sharp-linux-ppc64
2774 silly reify mark deleted [
2774 silly reify   'D:\\Repo\\Future-Game-Laboratory.github.io\\node_modules\\@img\\sharp-linux-ppc64'
2774 silly reify ]
2775 verbose reify failed optional dependency D:\Repo\Future-Game-Laboratory.github.io\node_modules\@img\sharp-linux-riscv64
2776 silly reify mark deleted [
2776 silly reify   'D:\\Repo\\Future-Game-Laboratory.github.io\\node_modules\\@img\\sharp-linux-riscv64'
2776 silly reify ]
2777 verbose reify failed optional dependency D:\Repo\Future-Game-Laboratory.github.io\node_modules\@img\sharp-linux-s390x
2778 silly reify mark deleted [
2778 silly reify   'D:\\Repo\\Future-Game-Laboratory.github.io\\node_modules\\@img\\sharp-linux-s390x'
2778 silly reify ]
2779 verbose reify failed optional dependency D:\Repo\Future-Game-Laboratory.github.io\node_modules\@img\sharp-linux-x64
2780 silly reify mark deleted [
2780 silly reify   'D:\\Repo\\Future-Game-Laboratory.github.io\\node_modules\\@img\\sharp-linux-x64'
2780 silly reify ]
2781 verbose reify failed optional dependency D:\Repo\Future-Game-Laboratory.github.io\node_modules\@img\sharp-linuxmusl-arm64
2782 silly reify mark deleted [
2782 silly reify   'D:\\Repo\\Future-Game-Laboratory.github.io\\node_modules\\@img\\sharp-linuxmusl-arm64'
2782 silly reify ]
2783 verbose reify failed optional dependency D:\Repo\Future-Game-Laboratory.github.io\node_modules\@img\sharp-linuxmusl-x64
2784 silly reify mark deleted [
2784 silly reify   'D:\\Repo\\Future-Game-Laboratory.github.io\\node_modules\\@img\\sharp-linuxmusl-x64'
2784 silly reify ]
2785 verbose reify failed optional dependency D:\Repo\Future-Game-Laboratory.github.io\node_modules\@img\sharp-wasm32
2786 silly reify mark deleted [
2786 silly reify   'D:\\Repo\\Future-Game-Laboratory.github.io\\node_modules\\@img\\sharp-wasm32'
2786 silly reify ]
2787 verbose reify failed optional dependency D:\Repo\Future-Game-Laboratory.github.io\node_modules\@img\sharp-win32-arm64
2788 silly reify mark deleted [
2788 silly reify   'D:\\Repo\\Future-Game-Laboratory.github.io\\node_modules\\@img\\sharp-win32-arm64'
2788 silly reify ]
2789 verbose reify failed optional dependency D:\Repo\Future-Game-Laboratory.github.io\node_modules\@img\sharp-win32-ia32
2790 silly reify mark deleted [
2790 silly reify   'D:\\Repo\\Future-Game-Laboratory.github.io\\node_modules\\@img\\sharp-win32-ia32'
2790 silly reify ]
2791 verbose reify failed optional dependency D:\Repo\Future-Game-Laboratory.github.io\node_modules\@img\sharp-win32-x64
2792 silly reify mark deleted [
2792 silly reify   'D:\\Repo\\Future-Game-Laboratory.github.io\\node_modules\\@img\\sharp-win32-x64'
2792 silly reify ]
2793 http fetch GET https://registry.npmjs.org/semver/-/semver-6.3.1.tgz attempt 3 failed with EACCES
2794 http fetch GET https://registry.npmjs.org/skin-tone/-/skin-tone-2.0.0.tgz attempt 3 failed with EACCES
2795 http fetch GET https://registry.npmjs.org/shiki/-/shiki-4.4.2.tgz attempt 3 failed with EACCES
2796 http fetch GET https://registry.npmjs.org/sax/-/sax-1.6.1.tgz attempt 3 failed with EACCES
2797 http fetch GET https://registry.npmjs.org/smol-toml/-/smol-toml-1.7.1.tgz attempt 3 failed with EACCES
2798 http fetch GET https://registry.npmjs.org/scheduler/-/scheduler-0.25.0.tgz attempt 3 failed with EACCES
2799 http fetch GET https://registry.npmjs.org/s.color/-/s.color-0.0.15.tgz attempt 3 failed with EACCES
2800 http fetch GET https://registry.npmjs.org/safer-buffer/-/safer-buffer-2.1.2.tgz attempt 3 failed with EACCES
2801 http fetch GET https://registry.npmjs.org/sass-formatter/-/sass-formatter-0.7.9.tgz attempt 3 failed with EACCES
2802 http fetch GET https://registry.npmjs.org/retext-latin/-/retext-latin-4.0.0.tgz attempt 3 failed with EACCES
2803 http fetch GET https://registry.npmjs.org/retext-stringify/-/retext-stringify-4.0.0.tgz attempt 3 failed with EACCES
2804 http fetch GET https://registry.npmjs.org/retext-smartypants/-/retext-smartypants-6.2.0.tgz attempt 3 failed with EACCES
2805 http fetch GET https://registry.npmjs.org/retext/-/retext-9.0.0.tgz attempt 3 failed with EACCES
2806 http fetch GET https://registry.npmjs.org/require-directory/-/require-directory-2.1.1.tgz attempt 3 failed with EACCES
2807 http fetch GET https://registry.npmjs.org/remark-stringify/-/remark-stringify-11.0.0.tgz attempt 3 failed with EACCES
2808 http fetch GET https://registry.npmjs.org/require-from-string/-/require-from-string-2.0.2.tgz attempt 3 failed with EACCES
2809 http fetch GET https://registry.npmjs.org/request-light/-/request-light-0.7.0.tgz attempt 3 failed with EACCES
2810 http fetch GET https://registry.npmjs.org/remark-smartypants/-/remark-smartypants-3.0.3.tgz attempt 3 failed with EACCES
2811 http fetch GET https://registry.npmjs.org/remark-rehype/-/remark-rehype-11.1.2.tgz attempt 3 failed with EACCES
2812 http fetch GET https://registry.npmjs.org/remark-gfm/-/remark-gfm-4.0.1.tgz attempt 3 failed with EACCES
2813 http fetch GET https://registry.npmjs.org/remark-mdx/-/remark-mdx-3.1.1.tgz attempt 3 failed with EACCES
2814 http fetch GET https://registry.npmjs.org/remark-emoji/-/remark-emoji-5.0.2.tgz attempt 3 failed with EACCES
2815 http fetch GET https://registry.npmjs.org/rehype-stringify/-/rehype-stringify-10.0.1.tgz attempt 3 failed with EACCES
2816 http fetch GET https://registry.npmjs.org/rehype-raw/-/rehype-raw-7.0.0.tgz attempt 3 failed with EACCES
2817 http fetch GET https://registry.npmjs.org/rollup/-/rollup-4.62.4.tgz attempt 3 failed with EACCES
2818 http fetch GET https://registry.npmjs.org/rehype-external-links/-/rehype-external-links-3.0.0.tgz attempt 3 failed with EACCES
2819 http fetch GET https://registry.npmjs.org/rehype-recma/-/rehype-recma-1.0.0.tgz attempt 3 failed with EACCES
2820 http fetch GET https://registry.npmjs.org/regex-utilities/-/regex-utilities-2.3.0.tgz attempt 3 failed with EACCES
2821 http fetch GET https://registry.npmjs.org/regex-recursion/-/regex-recursion-6.0.2.tgz attempt 3 failed with EACCES
2822 http fetch GET https://registry.npmjs.org/rehype-parse/-/rehype-parse-9.0.1.tgz attempt 3 failed with EACCES
2823 http fetch GET https://registry.npmjs.org/rehype-katex/-/rehype-katex-7.0.1.tgz attempt 3 failed with EACCES
2824 http fetch GET https://registry.npmjs.org/remark-math/-/remark-math-6.0.0.tgz attempt 3 failed with EACCES
2825 http fetch GET https://registry.npmjs.org/rehype/-/rehype-13.0.2.tgz attempt 3 failed with EACCES
2826 http fetch GET https://registry.npmjs.org/regex/-/regex-6.1.0.tgz attempt 3 failed with EACCES
2827 http fetch GET https://registry.npmjs.org/remark-parse/-/remark-parse-11.0.0.tgz attempt 3 failed with EACCES
2828 http fetch GET https://registry.npmjs.org/recma-parse/-/recma-parse-1.0.0.tgz attempt 3 failed with EACCES
2829 http fetch GET https://registry.npmjs.org/recma-build-jsx/-/recma-build-jsx-1.0.0.tgz attempt 3 failed with EACCES
2830 http fetch GET https://registry.npmjs.org/readdirp/-/readdirp-4.1.2.tgz attempt 3 failed with EACCES
2831 http fetch GET https://registry.npmjs.org/react-remove-scroll/-/react-remove-scroll-2.7.2.tgz attempt 3 failed with EACCES
2832 http fetch GET https://registry.npmjs.org/react-remove-scroll-bar/-/react-remove-scroll-bar-2.3.8.tgz attempt 3 failed with EACCES
2833 http fetch GET https://registry.npmjs.org/react/-/react-19.0.0.tgz attempt 3 failed with EACCES
2834 http fetch GET https://registry.npmjs.org/react-style-singleton/-/react-style-singleton-2.2.3.tgz attempt 3 failed with EACCES
2835 http fetch GET https://registry.npmjs.org/react-refresh/-/react-refresh-0.18.0.tgz attempt 3 failed with EACCES
2836 http fetch GET https://registry.npmjs.org/react-dom/-/react-dom-19.0.0.tgz attempt 3 failed with EACCES
2837 http fetch GET https://registry.npmjs.org/recma-stringify/-/recma-stringify-1.0.0.tgz attempt 3 failed with EACCES
2838 http fetch GET https://registry.npmjs.org/rehype-expressive-code/-/rehype-expressive-code-0.40.2.tgz attempt 3 failed with EACCES
2839 http fetch GET https://registry.npmjs.org/recma-jsx/-/recma-jsx-1.0.1.tgz attempt 3 failed with EACCES
2840 http fetch GET https://registry.npmjs.org/radix3/-/radix3-1.1.2.tgz attempt 3 failed with EACCES
2841 http fetch GET https://registry.npmjs.org/property-information/-/property-information-7.2.0.tgz attempt 3 failed with EACCES
2842 http fetch GET https://registry.npmjs.org/prettier/-/prettier-3.9.6.tgz attempt 3 failed with EACCES
2843 http fetch GET https://registry.npmjs.org/quansync/-/quansync-0.2.11.tgz attempt 3 failed with EACCES
2844 http fetch GET https://registry.npmjs.org/radix-ui/-/radix-ui-1.6.7.tgz attempt 3 failed with EACCES
2845 http fetch GET https://registry.npmjs.org/prettier-plugin-tailwindcss/-/prettier-plugin-tailwindcss-0.6.14.tgz attempt 3 failed with EACCES
2846 http fetch GET https://registry.npmjs.org/postcss-nested/-/postcss-nested-6.2.0.tgz attempt 3 failed with EACCES
2847 http fetch GET https://registry.npmjs.org/prismjs/-/prismjs-1.30.0.tgz attempt 3 failed with EACCES
2848 http fetch GET https://registry.npmjs.org/pkg-types/-/pkg-types-2.3.1.tgz attempt 3 failed with EACCES
2849 http fetch GET https://registry.npmjs.org/postcss/-/postcss-8.5.26.tgz attempt 3 failed with EACCES
2850 http fetch GET https://registry.npmjs.org/prettier-plugin-astro-organize-imports/-/prettier-plugin-astro-organize-imports-0.4.12.tgz attempt 3 failed with EACCES
2851 http fetch GET https://registry.npmjs.org/postcss-selector-parser/-/postcss-selector-parser-6.1.4.tgz attempt 3 failed with EACCES
2852 http fetch GET https://registry.npmjs.org/picomatch/-/picomatch-4.0.5.tgz attempt 3 failed with EACCES
2853 http fetch GET https://registry.npmjs.org/picocolors/-/picocolors-1.1.1.tgz attempt 3 failed with EACCES
2854 http fetch GET https://registry.npmjs.org/path-browserify/-/path-browserify-1.0.1.tgz attempt 3 failed with EACCES
2855 http fetch GET https://registry.npmjs.org/pend/-/pend-1.2.0.tgz attempt 3 failed with EACCES
2856 http fetch GET https://registry.npmjs.org/path-expression-matcher/-/path-expression-matcher-1.6.2.tgz attempt 3 failed with EACCES
2857 http fetch GET https://registry.npmjs.org/prettier-plugin-astro/-/prettier-plugin-astro-0.14.1.tgz attempt 3 failed with EACCES
2858 http fetch GET https://registry.npmjs.org/piccolore/-/piccolore-0.1.3.tgz attempt 3 failed with EACCES
2859 http fetch GET https://registry.npmjs.org/pump/-/pump-3.0.4.tgz attempt 3 failed with EACCES
2860 http fetch GET https://registry.npmjs.org/pathe/-/pathe-2.0.3.tgz attempt 3 failed with EACCES
2861 http fetch GET https://registry.npmjs.org/parse-entities/-/parse-entities-4.0.2.tgz attempt 3 failed with EACCES
2862 http fetch GET https://registry.npmjs.org/p-timeout/-/p-timeout-7.0.1.tgz attempt 3 failed with EACCES
2863 http fetch GET https://registry.npmjs.org/p-queue/-/p-queue-9.3.3.tgz attempt 3 failed with EACCES
2864 http fetch GET https://registry.npmjs.org/parse5/-/parse5-7.3.0.tgz attempt 3 failed with EACCES
2865 http fetch GET https://registry.npmjs.org/package-manager-detector/-/package-manager-detector-1.8.0.tgz attempt 3 failed with EACCES
2866 http fetch GET https://registry.npmjs.org/parse5-parser-stream/-/parse5-parser-stream-7.1.2.tgz attempt 3 failed with EACCES
2867 http fetch GET https://registry.npmjs.org/p-limit/-/p-limit-7.3.1.tgz attempt 3 failed with EACCES
2868 http fetch GET https://registry.npmjs.org/ohash/-/ohash-2.0.11.tgz attempt 3 failed with EACCES
2869 http fetch GET https://registry.npmjs.org/once/-/once-1.4.0.tgz attempt 3 failed with EACCES
2870 http fetch GET https://registry.npmjs.org/obug/-/obug-2.1.4.tgz attempt 3 failed with EACCES
2871 http fetch GET https://registry.npmjs.org/nth-check/-/nth-check-2.1.1.tgz attempt 3 failed with EACCES
2872 http fetch GET https://registry.npmjs.org/oniguruma-parser/-/oniguruma-parser-0.12.2.tgz attempt 3 failed with EACCES
2873 http fetch GET https://registry.npmjs.org/oniguruma-to-es/-/oniguruma-to-es-4.3.6.tgz attempt 3 failed with EACCES
2874 http fetch GET https://registry.npmjs.org/ofetch/-/ofetch-1.5.1.tgz attempt 3 failed with EACCES
2875 http fetch GET https://registry.npmjs.org/normalize-path/-/normalize-path-3.0.0.tgz attempt 3 failed with EACCES
2876 http fetch GET https://registry.npmjs.org/node-emoji/-/node-emoji-2.2.0.tgz attempt 3 failed with EACCES
2877 http fetch GET https://registry.npmjs.org/nanoid/-/nanoid-3.3.18.tgz attempt 3 failed with EACCES
2878 http fetch GET https://registry.npmjs.org/neotraverse/-/neotraverse-0.6.18.tgz attempt 3 failed with EACCES
2879 http fetch GET https://registry.npmjs.org/parse-latin/-/parse-latin-7.0.0.tgz attempt 3 failed with EACCES
2880 http fetch GET https://registry.npmjs.org/node-releases/-/node-releases-2.0.53.tgz attempt 3 failed with EACCES
2881 http fetch GET https://registry.npmjs.org/node-mock-http/-/node-mock-http-1.0.5.tgz attempt 3 failed with EACCES
2882 http fetch GET https://registry.npmjs.org/node-fetch-native/-/node-fetch-native-1.6.7.tgz attempt 3 failed with EACCES
2883 http fetch GET https://registry.npmjs.org/muggle-string/-/muggle-string-0.4.1.tgz attempt 3 failed with EACCES
2884 http fetch GET https://registry.npmjs.org/minizlib/-/minizlib-3.1.0.tgz attempt 3 failed with EACCES
2885 http fetch GET https://registry.npmjs.org/micromark-util-types/-/micromark-util-types-2.0.2.tgz attempt 3 failed with EACCES
2886 http fetch GET https://registry.npmjs.org/minipass/-/minipass-7.1.3.tgz attempt 3 failed with EACCES
2887 http fetch GET https://registry.npmjs.org/nlcst-to-string/-/nlcst-to-string-4.0.0.tgz attempt 3 failed with EACCES
2888 http fetch GET https://registry.npmjs.org/micromark-util-subtokenize/-/micromark-util-subtokenize-2.1.0.tgz attempt 3 failed with EACCES
2889 http fetch GET https://registry.npmjs.org/parse5-htmlparser2-tree-adapter/-/parse5-htmlparser2-tree-adapter-7.1.0.tgz attempt 3 failed with EACCES
2890 http fetch GET https://registry.npmjs.org/ms/-/ms-2.1.3.tgz attempt 3 failed with EACCES
2891 http fetch GET https://registry.npmjs.org/micromark-util-resolve-all/-/micromark-util-resolve-all-2.0.1.tgz attempt 3 failed with EACCES
2892 http fetch GET https://registry.npmjs.org/micromark-util-html-tag-name/-/micromark-util-html-tag-name-2.0.1.tgz attempt 3 failed with EACCES
2893 http fetch GET https://registry.npmjs.org/micromark-util-events-to-acorn/-/micromark-util-events-to-acorn-2.0.3.tgz attempt 3 failed with EACCES
2894 http fetch GET https://registry.npmjs.org/micromark-util-decode-string/-/micromark-util-decode-string-2.0.1.tgz attempt 3 failed with EACCES
2895 http fetch GET https://registry.npmjs.org/micromark-util-encode/-/micromark-util-encode-2.0.1.tgz attempt 3 failed with EACCES
2896 http fetch GET https://registry.npmjs.org/mlly/-/mlly-1.8.2.tgz attempt 3 failed with EACCES
2897 http fetch GET https://registry.npmjs.org/micromark-util-decode-numeric-character-reference/-/micromark-util-decode-numeric-character-reference-2.0.2.tgz attempt 3 failed with EACCES
2898 http fetch GET https://registry.npmjs.org/mrmime/-/mrmime-2.0.1.tgz attempt 3 failed with EACCES
2899 http fetch GET https://registry.npmjs.org/micromark-util-combine-extensions/-/micromark-util-combine-extensions-2.0.1.tgz attempt 3 failed with EACCES
2900 http fetch GET https://registry.npmjs.org/micromark-util-classify-character/-/micromark-util-classify-character-2.0.1.tgz attempt 3 failed with EACCES
2901 http fetch GET https://registry.npmjs.org/micromark-factory-whitespace/-/micromark-factory-whitespace-2.0.1.tgz attempt 3 failed with EACCES
2902 http fetch GET https://registry.npmjs.org/micromark-util-chunked/-/micromark-util-chunked-2.0.1.tgz attempt 3 failed with EACCES
2903 http fetch GET https://registry.npmjs.org/micromark-factory-space/-/micromark-factory-space-2.0.1.tgz attempt 3 failed with EACCES
2904 http fetch GET https://registry.npmjs.org/micromark-factory-title/-/micromark-factory-title-2.0.1.tgz attempt 3 failed with EACCES
2905 http fetch GET https://registry.npmjs.org/micromark-factory-mdx-expression/-/micromark-factory-mdx-expression-2.0.3.tgz attempt 3 failed with EACCES
2906 http fetch GET https://registry.npmjs.org/micromark-factory-label/-/micromark-factory-label-2.0.1.tgz attempt 3 failed with EACCES
2907 http fetch GET https://registry.npmjs.org/micromark-util-normalize-identifier/-/micromark-util-normalize-identifier-2.0.1.tgz attempt 3 failed with EACCES
2908 http fetch GET https://registry.npmjs.org/micromark-util-sanitize-uri/-/micromark-util-sanitize-uri-2.0.1.tgz attempt 3 failed with EACCES
2909 http fetch GET https://registry.npmjs.org/micromark-extension-mdxjs-esm/-/micromark-extension-mdxjs-esm-3.0.0.tgz attempt 3 failed with EACCES
2910 http fetch GET https://registry.npmjs.org/micromark-extension-mdx-expression/-/micromark-extension-mdx-expression-3.0.1.tgz attempt 3 failed with EACCES
2911 http fetch GET https://registry.npmjs.org/micromark-extension-mdx-jsx/-/micromark-extension-mdx-jsx-3.0.2.tgz attempt 3 failed with EACCES
2912 http fetch GET https://registry.npmjs.org/micromark-extension-gfm-tagfilter/-/micromark-extension-gfm-tagfilter-2.0.0.tgz attempt 3 failed with EACCES
2913 http fetch GET https://registry.npmjs.org/micromark-extension-mdx-md/-/micromark-extension-mdx-md-2.0.0.tgz attempt 3 failed with EACCES
2914 http fetch GET https://registry.npmjs.org/micromark-extension-math/-/micromark-extension-math-3.1.0.tgz attempt 3 failed with EACCES
2915 http fetch GET https://registry.npmjs.org/micromark-factory-destination/-/micromark-factory-destination-2.0.1.tgz attempt 3 failed with EACCES
2916 http fetch GET https://registry.npmjs.org/micromark-util-character/-/micromark-util-character-2.1.1.tgz attempt 3 failed with EACCES
2917 http fetch GET https://registry.npmjs.org/micromark-extension-mdxjs/-/micromark-extension-mdxjs-3.0.0.tgz attempt 3 failed with EACCES
2918 http fetch GET https://registry.npmjs.org/micromark-extension-gfm/-/micromark-extension-gfm-3.0.0.tgz attempt 3 failed with EACCES
2919 http fetch GET https://registry.npmjs.org/micromark-extension-gfm-footnote/-/micromark-extension-gfm-footnote-2.1.0.tgz attempt 3 failed with EACCES
2920 http fetch GET https://registry.npmjs.org/micromark/-/micromark-4.0.2.tgz attempt 3 failed with EACCES
2921 http fetch GET https://registry.npmjs.org/micromark-extension-gfm-table/-/micromark-extension-gfm-table-2.1.1.tgz attempt 3 failed with EACCES
2922 http fetch GET https://registry.npmjs.org/micromark-extension-gfm-strikethrough/-/micromark-extension-gfm-strikethrough-2.1.0.tgz attempt 3 failed with EACCES
2923 http fetch GET https://registry.npmjs.org/micromark-util-symbol/-/micromark-util-symbol-2.0.1.tgz attempt 3 failed with EACCES
2924 http fetch GET https://registry.npmjs.org/mdn-data/-/mdn-data-2.27.1.tgz attempt 3 failed with EACCES
2925 http fetch GET https://registry.npmjs.org/micromark-extension-gfm-task-list-item/-/micromark-extension-gfm-task-list-item-2.1.0.tgz attempt 3 failed with EACCES
2926 http fetch GET https://registry.npmjs.org/micromark-extension-gfm-autolink-literal/-/micromark-extension-gfm-autolink-literal-2.1.0.tgz attempt 3 failed with EACCES
2927 http fetch GET https://registry.npmjs.org/micromark-core-commonmark/-/micromark-core-commonmark-2.0.3.tgz attempt 3 failed with EACCES
2928 http fetch GET https://registry.npmjs.org/mdast-util-to-markdown/-/mdast-util-to-markdown-2.1.2.tgz attempt 3 failed with EACCES
2929 http fetch GET https://registry.npmjs.org/mdast-util-to-string/-/mdast-util-to-string-4.0.0.tgz attempt 3 failed with EACCES
2930 http fetch GET https://registry.npmjs.org/mdast-util-to-hast/-/mdast-util-to-hast-13.2.1.tgz attempt 3 failed with EACCES
2931 http fetch GET https://registry.npmjs.org/mdast-util-mdx-jsx/-/mdast-util-mdx-jsx-3.2.0.tgz attempt 3 failed with EACCES
2932 http fetch GET https://registry.npmjs.org/mdast-util-mdx-expression/-/mdast-util-mdx-expression-2.0.1.tgz attempt 3 failed with EACCES
2933 http fetch GET https://registry.npmjs.org/mdast-util-mdx/-/mdast-util-mdx-3.0.0.tgz attempt 3 failed with EACCES
2934 http fetch GET https://registry.npmjs.org/mdast-util-gfm-table/-/mdast-util-gfm-table-2.0.0.tgz attempt 3 failed with EACCES
2935 http fetch GET https://registry.npmjs.org/mdast-util-gfm-task-list-item/-/mdast-util-gfm-task-list-item-2.0.0.tgz attempt 3 failed with EACCES
2936 http fetch GET https://registry.npmjs.org/mdast-util-gfm-strikethrough/-/mdast-util-gfm-strikethrough-2.0.0.tgz attempt 3 failed with EACCES
2937 http fetch GET https://registry.npmjs.org/mdast-util-gfm-footnote/-/mdast-util-gfm-footnote-2.1.0.tgz attempt 3 failed with EACCES
2938 http fetch GET https://registry.npmjs.org/mdast-util-gfm-autolink-literal/-/mdast-util-gfm-autolink-literal-2.0.1.tgz attempt 3 failed with EACCES
2939 http fetch GET https://registry.npmjs.org/mdast-util-phrasing/-/mdast-util-phrasing-4.1.0.tgz attempt 3 failed with EACCES
2940 http fetch GET https://registry.npmjs.org/mdast-util-gfm/-/mdast-util-gfm-3.1.0.tgz attempt 3 failed with EACCES
2941 http fetch GET https://registry.npmjs.org/mdast-util-find-and-replace/-/mdast-util-find-and-replace-3.0.2.tgz attempt 3 failed with EACCES
2942 http fetch GET https://registry.npmjs.org/markdown-extensions/-/markdown-extensions-2.0.0.tgz attempt 3 failed with EACCES
2943 http fetch GET https://registry.npmjs.org/mdast-util-from-markdown/-/mdast-util-from-markdown-2.0.3.tgz attempt 3 failed with EACCES
2944 http fetch GET https://registry.npmjs.org/mdast-util-definitions/-/mdast-util-definitions-6.0.0.tgz attempt 3 failed with EACCES
2945 http fetch GET https://registry.npmjs.org/magicast/-/magicast-0.5.4.tgz attempt 3 failed with EACCES
2946 http fetch GET https://registry.npmjs.org/lucide-react/-/lucide-react-0.469.0.tgz attempt 3 failed with EACCES
2947 http fetch GET https://registry.npmjs.org/longest-streak/-/longest-streak-3.1.0.tgz attempt 3 failed with EACCES
2948 http fetch GET https://registry.npmjs.org/lru-cache/-/lru-cache-5.1.1.tgz attempt 3 failed with EACCES
2949 http fetch GET https://registry.npmjs.org/mdast-util-mdxjs-esm/-/mdast-util-mdxjs-esm-2.0.1.tgz attempt 3 failed with EACCES
2950 http fetch GET https://registry.npmjs.org/kolorist/-/kolorist-1.8.0.tgz attempt 3 failed with EACCES
2951 http fetch GET https://registry.npmjs.org/local-pkg/-/local-pkg-1.2.1.tgz attempt 3 failed with EACCES
2952 http fetch GET https://registry.npmjs.org/magic-string/-/magic-string-0.30.21.tgz attempt 3 failed with EACCES
2953 http fetch GET https://registry.npmjs.org/katex/-/katex-0.16.47.tgz attempt 3 failed with EACCES
2954 http fetch GET https://registry.npmjs.org/jsonc-parser/-/jsonc-parser-2.3.1.tgz attempt 3 failed with EACCES
2955 http fetch GET https://registry.npmjs.org/jsesc/-/jsesc-3.1.0.tgz attempt 3 failed with EACCES
2956 http fetch GET https://registry.npmjs.org/json-schema-traverse/-/json-schema-traverse-1.0.0.tgz attempt 3 failed with EACCES
2957 http fetch GET https://registry.npmjs.org/json5/-/json5-2.2.3.tgz attempt 3 failed with EACCES
2958 http fetch GET https://registry.npmjs.org/js-tokens/-/js-tokens-4.0.0.tgz attempt 3 failed with EACCES
2959 http fetch GET https://registry.npmjs.org/js-yaml/-/js-yaml-4.3.1.tgz attempt 3 failed with EACCES
2960 http fetch GET https://registry.npmjs.org/is-wsl/-/is-wsl-3.1.1.tgz attempt 3 failed with EACCES
2961 http fetch GET https://registry.npmjs.org/is-plain-obj/-/is-plain-obj-4.1.0.tgz attempt 3 failed with EACCES
2962 http fetch GET https://registry.npmjs.org/is-inside-container/-/is-inside-container-1.0.0.tgz attempt 3 failed with EACCES
2963 http fetch GET https://registry.npmjs.org/is-docker/-/is-docker-3.0.0.tgz attempt 3 failed with EACCES
2964 http fetch GET https://registry.npmjs.org/is-fullwidth-code-point/-/is-fullwidth-code-point-3.0.0.tgz attempt 3 failed with EACCES
2965 http fetch GET https://registry.npmjs.org/is-hexadecimal/-/is-hexadecimal-2.0.1.tgz attempt 3 failed with EACCES
2966 http fetch GET https://registry.npmjs.org/mdast-util-math/-/mdast-util-math-3.0.0.tgz attempt 3 failed with EACCES
2967 http fetch GET https://registry.npmjs.org/is-decimal/-/is-decimal-2.0.1.tgz attempt 3 failed with EACCES
2968 http fetch GET https://registry.npmjs.org/is-alphabetical/-/is-alphabetical-2.0.1.tgz attempt 3 failed with EACCES
2969 http fetch GET https://registry.npmjs.org/is-alphanumerical/-/is-alphanumerical-2.0.1.tgz attempt 3 failed with EACCES
2970 http fetch GET https://registry.npmjs.org/inline-style-parser/-/inline-style-parser-0.2.7.tgz attempt 3 failed with EACCES
2971 http fetch GET https://registry.npmjs.org/iron-webcrypto/-/iron-webcrypto-1.2.1.tgz attempt 3 failed with EACCES
2972 http fetch GET https://registry.npmjs.org/http-cache-semantics/-/http-cache-semantics-4.2.0.tgz attempt 3 failed with EACCES
2973 http fetch GET https://registry.npmjs.org/kleur/-/kleur-4.1.5.tgz attempt 3 failed with EACCES
2974 http fetch GET https://registry.npmjs.org/iconv-lite/-/iconv-lite-0.6.3.tgz attempt 3 failed with EACCES
2975 http fetch GET https://registry.npmjs.org/html-void-elements/-/html-void-elements-3.0.0.tgz attempt 3 failed with EACCES
2976 http fetch GET https://registry.npmjs.org/htmlparser2/-/htmlparser2-10.1.0.tgz attempt 3 failed with EACCES
2977 http fetch GET https://registry.npmjs.org/hast-util-to-text/-/hast-util-to-text-4.0.2.tgz attempt 3 failed with EACCES
2978 http fetch GET https://registry.npmjs.org/hast-util-whitespace/-/hast-util-whitespace-3.0.0.tgz attempt 3 failed with EACCES
2979 http fetch GET https://registry.npmjs.org/hastscript/-/hastscript-9.0.1.tgz attempt 3 failed with EACCES
2980 http fetch GET https://registry.npmjs.org/hast-util-to-string/-/hast-util-to-string-3.0.1.tgz attempt 3 failed with EACCES
2981 http fetch GET https://registry.npmjs.org/hast-util-to-jsx-runtime/-/hast-util-to-jsx-runtime-2.3.6.tgz attempt 3 failed with EACCES
2982 http fetch GET https://registry.npmjs.org/hast-util-to-parse5/-/hast-util-to-parse5-8.0.1.tgz attempt 3 failed with EACCES
2983 http fetch GET https://registry.npmjs.org/hast-util-select/-/hast-util-select-6.0.4.tgz attempt 3 failed with EACCES
2984 http fetch GET https://registry.npmjs.org/hast-util-to-estree/-/hast-util-to-estree-3.1.3.tgz attempt 3 failed with EACCES
2985 http fetch GET https://registry.npmjs.org/hast-util-raw/-/hast-util-raw-9.1.0.tgz attempt 3 failed with EACCES
2986 http fetch GET https://registry.npmjs.org/hast-util-parse-selector/-/hast-util-parse-selector-4.0.0.tgz attempt 3 failed with EACCES
2987 http fetch GET https://registry.npmjs.org/hast-util-is-element/-/hast-util-is-element-3.0.0.tgz attempt 3 failed with EACCES
2988 http fetch GET https://registry.npmjs.org/hast-util-from-parse5/-/hast-util-from-parse5-8.0.3.tgz attempt 3 failed with EACCES
2989 http fetch GET https://registry.npmjs.org/hast-util-from-html/-/hast-util-from-html-2.0.3.tgz attempt 3 failed with EACCES
2990 http fetch GET https://registry.npmjs.org/hast-util-to-html/-/hast-util-to-html-9.0.5.tgz attempt 3 failed with EACCES
2991 http fetch GET https://registry.npmjs.org/hast-util-from-dom/-/hast-util-from-dom-5.0.1.tgz attempt 3 failed with EACCES
2992 http fetch GET https://registry.npmjs.org/hast-util-has-property/-/hast-util-has-property-3.0.0.tgz attempt 3 failed with EACCES
2993 http fetch GET https://registry.npmjs.org/html-escaper/-/html-escaper-3.0.3.tgz attempt 3 failed with EACCES
2994 http fetch GET https://registry.npmjs.org/is-absolute-url/-/is-absolute-url-4.0.1.tgz attempt 3 failed with EACCES
2995 http fetch GET https://registry.npmjs.org/h3/-/h3-1.15.11.tgz attempt 3 failed with EACCES
2996 http fetch GET https://registry.npmjs.org/globals/-/globals-15.15.0.tgz attempt 3 failed with EACCES
2997 http fetch GET https://registry.npmjs.org/get-caller-file/-/get-caller-file-2.0.5.tgz attempt 3 failed with EACCES
2998 http fetch GET https://registry.npmjs.org/fontkitten/-/fontkitten-1.0.3.tgz attempt 3 failed with EACCES
2999 http fetch GET https://registry.npmjs.org/get-nonce/-/get-nonce-1.0.1.tgz attempt 3 failed with EACCES
3000 http fetch GET https://registry.npmjs.org/gensync/-/gensync-1.0.0-beta.2.tgz attempt 3 failed with EACCES
3001 http fetch GET https://registry.npmjs.org/hast-util-from-html-isomorphic/-/hast-util-from-html-isomorphic-2.0.0.tgz attempt 3 failed with EACCES
3002 http fetch GET https://registry.npmjs.org/github-slugger/-/github-slugger-2.0.0.tgz attempt 3 failed with EACCES
3003 http fetch GET https://registry.npmjs.org/fontace/-/fontace-0.4.1.tgz attempt 3 failed with EACCES
3004 http fetch GET https://registry.npmjs.org/graceful-fs/-/graceful-fs-4.2.11.tgz attempt 3 failed with EACCES
3005 http fetch GET https://registry.npmjs.org/fast-xml-builder/-/fast-xml-builder-1.3.0.tgz attempt 3 failed with EACCES
3006 http fetch GET https://registry.npmjs.org/fast-xml-parser/-/fast-xml-parser-5.4.1.tgz attempt 3 failed with EACCES
3007 http fetch GET https://registry.npmjs.org/fdir/-/fdir-6.5.0.tgz attempt 3 failed with EACCES
3008 http fetch GET https://registry.npmjs.org/fast-wrap-ansi/-/fast-wrap-ansi-0.2.2.tgz attempt 3 failed with EACCES
3009 http fetch GET https://registry.npmjs.org/markdown-table/-/markdown-table-3.0.4.tgz attempt 3 failed with EACCES
3010 http fetch GET https://registry.npmjs.org/fast-string-truncated-width/-/fast-string-truncated-width-3.0.3.tgz attempt 3 failed with EACCES
3011 http fetch GET https://registry.npmjs.org/fd-slicer/-/fd-slicer-1.1.0.tgz attempt 3 failed with EACCES
3012 http fetch GET https://registry.npmjs.org/fast-uri/-/fast-uri-3.1.5.tgz attempt 3 failed with EACCES
3013 http fetch GET https://registry.npmjs.org/fast-string-width/-/fast-string-width-3.0.2.tgz attempt 3 failed with EACCES
3014 http fetch GET https://registry.npmjs.org/fast-deep-equal/-/fast-deep-equal-3.1.3.tgz attempt 3 failed with EACCES
3015 http fetch GET https://registry.npmjs.org/extend/-/extend-3.0.2.tgz attempt 3 failed with EACCES
3016 http fetch GET https://registry.npmjs.org/extract-zip/-/extract-zip-2.0.1.tgz attempt 3 failed with EACCES
3017 http fetch GET https://registry.npmjs.org/flattie/-/flattie-1.1.1.tgz attempt 3 failed with EACCES
3018 http fetch GET https://registry.npmjs.org/eventemitter3/-/eventemitter3-5.0.4.tgz attempt 3 failed with EACCES
3019 http fetch GET https://registry.npmjs.org/expressive-code/-/expressive-code-0.40.2.tgz attempt 3 failed with EACCES
3020 http fetch GET https://registry.npmjs.org/get-stream/-/get-stream-5.2.0.tgz attempt 3 failed with EACCES
3021 http fetch GET https://registry.npmjs.org/jiti/-/jiti-2.7.0.tgz attempt 3 failed with EACCES
3022 http fetch GET https://registry.npmjs.org/exsolve/-/exsolve-1.1.1.tgz attempt 3 failed with EACCES
3023 http fetch GET https://registry.npmjs.org/estree-util-to-js/-/estree-util-to-js-2.0.0.tgz attempt 3 failed with EACCES
3024 http fetch GET https://registry.npmjs.org/estree-util-attach-comments/-/estree-util-attach-comments-3.0.0.tgz attempt 3 failed with EACCES
3025 http fetch GET https://registry.npmjs.org/estree-util-scope/-/estree-util-scope-1.0.0.tgz attempt 3 failed with EACCES
3026 http fetch GET https://registry.npmjs.org/estree-util-build-jsx/-/estree-util-build-jsx-3.0.1.tgz attempt 3 failed with EACCES
3027 http fetch GET https://registry.npmjs.org/estree-util-is-identifier-name/-/estree-util-is-identifier-name-3.0.0.tgz attempt 3 failed with EACCES
3028 http fetch GET https://registry.npmjs.org/estree-walker/-/estree-walker-3.0.3.tgz attempt 3 failed with EACCES
3029 http fetch GET https://registry.npmjs.org/esbuild/-/esbuild-0.27.7.tgz attempt 3 failed with EACCES
3030 http fetch GET https://registry.npmjs.org/escalade/-/escalade-3.2.0.tgz attempt 3 failed with EACCES
3031 http fetch GET https://registry.npmjs.org/esast-util-from-js/-/esast-util-from-js-2.0.1.tgz attempt 3 failed with EACCES
3032 http fetch GET https://registry.npmjs.org/esast-util-from-estree/-/esast-util-from-estree-2.0.0.tgz attempt 3 failed with EACCES
3033 http fetch GET https://registry.npmjs.org/encoding-sniffer/-/encoding-sniffer-0.2.1.tgz attempt 3 failed with EACCES
3034 http fetch GET https://registry.npmjs.org/enhanced-resolve/-/enhanced-resolve-5.24.5.tgz attempt 3 failed with EACCES
3035 http fetch GET https://registry.npmjs.org/entities/-/entities-4.5.0.tgz attempt 3 failed with EACCES
3036 http fetch GET https://registry.npmjs.org/end-of-stream/-/end-of-stream-1.4.5.tgz attempt 3 failed with EACCES
3037 http fetch GET https://registry.npmjs.org/escape-string-regexp/-/escape-string-regexp-5.0.0.tgz attempt 3 failed with EACCES
3038 http fetch GET https://registry.npmjs.org/emoji-regex/-/emoji-regex-8.0.0.tgz attempt 3 failed with EACCES
3039 http fetch GET https://registry.npmjs.org/emoticon/-/emoticon-4.1.0.tgz attempt 3 failed with EACCES
3040 http fetch GET https://registry.npmjs.org/emoji-regex-xs/-/emoji-regex-xs-1.0.0.tgz attempt 3 failed with EACCES
3041 http fetch GET https://registry.npmjs.org/es-module-lexer/-/es-module-lexer-2.3.1.tgz attempt 3 failed with EACCES
3042 http fetch GET https://registry.npmjs.org/electron-to-chromium/-/electron-to-chromium-1.5.402.tgz attempt 3 failed with EACCES
3043 http fetch GET https://registry.npmjs.org/emojilib/-/emojilib-2.4.0.tgz attempt 3 failed with EACCES
3044 http fetch GET https://registry.npmjs.org/estree-util-visit/-/estree-util-visit-2.0.0.tgz attempt 3 failed with EACCES
3045 http fetch GET https://registry.npmjs.org/domhandler/-/domhandler-5.0.3.tgz attempt 3 failed with EACCES
3046 http fetch GET https://registry.npmjs.org/domutils/-/domutils-3.2.2.tgz attempt 3 failed with EACCES
3047 http fetch GET https://registry.npmjs.org/emmet/-/emmet-2.4.11.tgz attempt 3 failed with EACCES
3048 http fetch GET https://registry.npmjs.org/diff/-/diff-8.0.4.tgz attempt 3 failed with EACCES
3049 http fetch GET https://registry.npmjs.org/detect-node-es/-/detect-node-es-1.1.0.tgz attempt 3 failed with EACCES
3050 http fetch GET https://registry.npmjs.org/devalue/-/devalue-5.9.0.tgz attempt 3 failed with EACCES
3051 http fetch GET https://registry.npmjs.org/detect-libc/-/detect-libc-2.1.2.tgz attempt 3 failed with EACCES
3052 http fetch GET https://registry.npmjs.org/dlv/-/dlv-1.1.3.tgz attempt 3 failed with EACCES
3053 http fetch GET https://registry.npmjs.org/devlop/-/devlop-1.1.0.tgz attempt 3 failed with EACCES
3054 http fetch GET https://registry.npmjs.org/dset/-/dset-3.1.4.tgz attempt 3 failed with EACCES
3055 http fetch GET https://registry.npmjs.org/domelementtype/-/domelementtype-2.3.0.tgz attempt 3 failed with EACCES
3056 http fetch GET https://registry.npmjs.org/defu/-/defu-6.1.7.tgz attempt 3 failed with EACCES
3057 http fetch GET https://registry.npmjs.org/dequal/-/dequal-2.0.3.tgz attempt 3 failed with EACCES
3058 http fetch GET https://registry.npmjs.org/decode-named-character-reference/-/decode-named-character-reference-1.3.0.tgz attempt 3 failed with EACCES
3059 http fetch GET https://registry.npmjs.org/csso/-/csso-5.0.5.tgz attempt 3 failed with EACCES
3060 http fetch GET https://registry.npmjs.org/dom-serializer/-/dom-serializer-2.0.0.tgz attempt 3 failed with EACCES
3061 http fetch GET https://registry.npmjs.org/debug/-/debug-4.4.3.tgz attempt 3 failed with EACCES
3062 http fetch GET https://registry.npmjs.org/destr/-/destr-2.0.5.tgz attempt 3 failed with EACCES
3063 http fetch GET https://registry.npmjs.org/csstype/-/csstype-3.2.3.tgz attempt 3 failed with EACCES
3064 http fetch GET https://registry.npmjs.org/direction/-/direction-2.0.1.tgz attempt 3 failed with EACCES
3065 http fetch GET https://registry.npmjs.org/css-selector-parser/-/css-selector-parser-3.3.0.tgz attempt 3 failed with EACCES
3066 http fetch GET https://registry.npmjs.org/cookie-es/-/cookie-es-1.2.3.tgz attempt 3 failed with EACCES
3067 http fetch GET https://registry.npmjs.org/cookie/-/cookie-1.1.1.tgz attempt 3 failed with EACCES
3068 http fetch GET https://registry.npmjs.org/css-what/-/css-what-6.2.2.tgz attempt 3 failed with EACCES
3069 http fetch GET https://registry.npmjs.org/confbox/-/confbox-0.2.4.tgz attempt 3 failed with EACCES
3070 http fetch GET https://registry.npmjs.org/common-ancestor-path/-/common-ancestor-path-2.0.0.tgz attempt 3 failed with EACCES
3071 http fetch GET https://registry.npmjs.org/color-convert/-/color-convert-2.0.1.tgz attempt 3 failed with EACCES
3072 http fetch GET https://registry.npmjs.org/comma-separated-tokens/-/comma-separated-tokens-2.0.3.tgz attempt 3 failed with EACCES
3073 http fetch GET https://registry.npmjs.org/color-name/-/color-name-1.1.4.tgz attempt 3 failed with EACCES
3074 http fetch GET https://registry.npmjs.org/css-select/-/css-select-5.2.2.tgz attempt 3 failed with EACCES
3075 http fetch GET https://registry.npmjs.org/collapse-white-space/-/collapse-white-space-2.1.0.tgz attempt 3 failed with EACCES
3076 http fetch GET https://registry.npmjs.org/css-tree/-/css-tree-3.2.1.tgz attempt 3 failed with EACCES
3077 http fetch GET https://registry.npmjs.org/clsx/-/clsx-2.1.1.tgz attempt 3 failed with EACCES
3078 http fetch GET https://registry.npmjs.org/ci-info/-/ci-info-4.4.0.tgz attempt 3 failed with EACCES
3079 http fetch GET https://registry.npmjs.org/commander/-/commander-8.3.0.tgz attempt 3 failed with EACCES
3080 http fetch GET https://registry.npmjs.org/chownr/-/chownr-3.0.0.tgz attempt 3 failed with EACCES
3081 http fetch GET https://registry.npmjs.org/crossws/-/crossws-0.3.5.tgz attempt 3 failed with EACCES
3082 http fetch GET https://registry.npmjs.org/chokidar/-/chokidar-4.0.3.tgz attempt 3 failed with EACCES
3083 http fetch GET https://registry.npmjs.org/class-variance-authority/-/class-variance-authority-0.7.1.tgz attempt 3 failed with EACCES
3084 http fetch GET https://registry.npmjs.org/cheerio-select/-/cheerio-select-2.1.0.tgz attempt 3 failed with EACCES
3085 http fetch GET https://registry.npmjs.org/character-entities-legacy/-/character-entities-legacy-3.0.0.tgz attempt 3 failed with EACCES
3086 http fetch GET https://registry.npmjs.org/character-entities/-/character-entities-2.0.2.tgz attempt 3 failed with EACCES
3087 http fetch GET https://registry.npmjs.org/cheerio/-/cheerio-1.2.0.tgz attempt 3 failed with EACCES
3088 http fetch GET https://registry.npmjs.org/convert-source-map/-/convert-source-map-2.0.0.tgz attempt 3 failed with EACCES
3089 http fetch GET https://registry.npmjs.org/buffer-crc32/-/buffer-crc32-0.2.13.tgz attempt 3 failed with EACCES
3090 http fetch GET https://registry.npmjs.org/browserslist/-/browserslist-4.28.8.tgz attempt 3 failed with EACCES
3091 http fetch GET https://registry.npmjs.org/character-reference-invalid/-/character-reference-invalid-2.0.1.tgz attempt 3 failed with EACCES
3092 http fetch GET https://registry.npmjs.org/ccount/-/ccount-2.0.1.tgz attempt 3 failed with EACCES
3093 http fetch GET https://registry.npmjs.org/boolbase/-/boolbase-1.0.0.tgz attempt 3 failed with EACCES
3094 http fetch GET https://registry.npmjs.org/bcp-47-match/-/bcp-47-match-2.0.3.tgz attempt 3 failed with EACCES
3095 http fetch GET https://registry.npmjs.org/cssesc/-/cssesc-3.0.0.tgz attempt 3 failed with EACCES
3096 http fetch GET https://registry.npmjs.org/caniuse-lite/-/caniuse-lite-1.0.30001809.tgz attempt 3 failed with EACCES
3097 http fetch GET https://registry.npmjs.org/bail/-/bail-2.0.2.tgz attempt 3 failed with EACCES
3098 http fetch GET https://registry.npmjs.org/char-regex/-/char-regex-1.0.2.tgz attempt 3 failed with EACCES
3099 http fetch GET https://registry.npmjs.org/astring/-/astring-1.9.0.tgz attempt 3 failed with EACCES
3100 http fetch GET https://registry.npmjs.org/array-iterate/-/array-iterate-2.0.1.tgz attempt 3 failed with EACCES
3101 http fetch GET https://registry.npmjs.org/aria-query/-/aria-query-5.3.2.tgz attempt 3 failed with EACCES
3102 http fetch GET https://registry.npmjs.org/character-entities-html4/-/character-entities-html4-2.1.0.tgz attempt 3 failed with EACCES
3103 http fetch GET https://registry.npmjs.org/argparse/-/argparse-2.0.1.tgz attempt 3 failed with EACCES
3104 http fetch GET https://registry.npmjs.org/aria-hidden/-/aria-hidden-1.2.6.tgz attempt 3 failed with EACCES
3105 http fetch GET https://registry.npmjs.org/anynum/-/anynum-1.0.1.tgz attempt 3 failed with EACCES
3106 http fetch GET https://registry.npmjs.org/axobject-query/-/axobject-query-4.1.0.tgz attempt 3 failed with EACCES
3107 http fetch GET https://registry.npmjs.org/arg/-/arg-5.0.2.tgz attempt 3 failed with EACCES
3108 http fetch GET https://registry.npmjs.org/anymatch/-/anymatch-3.1.3.tgz attempt 3 failed with EACCES
3109 http fetch GET https://registry.npmjs.org/baseline-browser-mapping/-/baseline-browser-mapping-2.11.13.tgz attempt 3 failed with EACCES
3110 http fetch GET https://registry.npmjs.org/cliui/-/cliui-8.0.1.tgz attempt 3 failed with EACCES
3111 http fetch GET https://registry.npmjs.org/astro/-/astro-6.0.2.tgz attempt 3 failed with EACCES
3112 http fetch GET https://registry.npmjs.org/ansi-regex/-/ansi-regex-5.0.1.tgz attempt 3 failed with EACCES
3113 http fetch GET https://registry.npmjs.org/@vscode/emmet-helper/-/emmet-helper-2.11.0.tgz attempt 3 failed with EACCES
3114 http fetch GET https://registry.npmjs.org/acorn-jsx/-/acorn-jsx-5.3.2.tgz attempt 3 failed with EACCES
3115 http fetch GET https://registry.npmjs.org/@volar/typescript/-/typescript-2.4.28.tgz attempt 3 failed with EACCES
3116 http fetch GET https://registry.npmjs.org/astro-icon/-/astro-icon-1.1.5.tgz attempt 3 failed with EACCES
3117 http fetch GET https://registry.npmjs.org/acorn/-/acorn-8.18.0.tgz attempt 3 failed with EACCES
3118 http fetch GET https://registry.npmjs.org/@volar/language-service/-/language-service-2.4.28.tgz attempt 3 failed with EACCES
3119 http fetch GET https://registry.npmjs.org/@volar/language-server/-/language-server-2.4.28.tgz attempt 3 failed with EACCES
3120 http fetch GET https://registry.npmjs.org/@volar/source-map/-/source-map-2.4.28.tgz attempt 3 failed with EACCES
3121 http fetch GET https://registry.npmjs.org/@ungap/structured-clone/-/structured-clone-1.3.3.tgz attempt 3 failed with EACCES
3122 http fetch GET https://registry.npmjs.org/ansi-styles/-/ansi-styles-4.3.0.tgz attempt 3 failed with EACCES
3123 http fetch GET https://registry.npmjs.org/ajv-i18n/-/ajv-i18n-4.2.0.tgz attempt 3 failed with EACCES
3124 http fetch GET https://registry.npmjs.org/ajv-draft-04/-/ajv-draft-04-1.0.0.tgz attempt 3 failed with EACCES
3125 http fetch GET https://registry.npmjs.org/@vitejs/plugin-react/-/plugin-react-5.2.0.tgz attempt 3 failed with EACCES
3126 http fetch GET https://registry.npmjs.org/@volar/language-core/-/language-core-2.4.28.tgz attempt 3 failed with EACCES
3127 http fetch GET https://registry.npmjs.org/@types/react-dom/-/react-dom-19.0.0.tgz attempt 3 failed with EACCES
3128 http fetch GET https://registry.npmjs.org/@types/node/-/node-26.2.0.tgz attempt 3 failed with EACCES
3129 http fetch GET https://registry.npmjs.org/@vscode/l10n/-/l10n-0.0.18.tgz attempt 3 failed with EACCES
3130 http fetch GET https://registry.npmjs.org/@volar/kit/-/kit-2.4.28.tgz attempt 3 failed with EACCES
3131 http fetch GET https://registry.npmjs.org/ajv/-/ajv-8.20.0.tgz attempt 3 failed with EACCES
3132 http fetch GET https://registry.npmjs.org/@types/hast/-/hast-3.0.5.tgz attempt 3 failed with EACCES
3133 http fetch GET https://registry.npmjs.org/@types/nlcst/-/nlcst-2.0.3.tgz attempt 3 failed with EACCES
3134 http fetch GET https://registry.npmjs.org/@types/yauzl/-/yauzl-2.10.3.tgz attempt 3 failed with EACCES
3135 verbose reify failed optional dependency D:\Repo\Future-Game-Laboratory.github.io\node_modules\@types\yauzl
3136 silly reify mark deleted [
3136 silly reify   'D:\\Repo\\Future-Game-Laboratory.github.io\\node_modules\\@types\\yauzl'
3136 silly reify ]
3137 http fetch GET https://registry.npmjs.org/@types/katex/-/katex-0.16.8.tgz attempt 3 failed with EACCES
3138 http fetch GET https://registry.npmjs.org/@types/react/-/react-19.0.0.tgz attempt 3 failed with EACCES
3139 http fetch GET https://registry.npmjs.org/@types/mdx/-/mdx-2.0.14.tgz attempt 3 failed with EACCES
3140 http fetch GET https://registry.npmjs.org/@types/estree/-/estree-1.0.9.tgz attempt 3 failed with EACCES
3141 http fetch GET https://registry.npmjs.org/@types/sax/-/sax-1.2.7.tgz attempt 3 failed with EACCES
3142 http fetch GET https://registry.npmjs.org/@types/debug/-/debug-4.1.13.tgz attempt 3 failed with EACCES
3143 http fetch GET https://registry.npmjs.org/@types/babel__template/-/babel__template-7.4.4.tgz attempt 3 failed with EACCES
3144 http fetch GET https://registry.npmjs.org/@tailwindcss/vite/-/vite-4.2.1.tgz attempt 3 failed with EACCES
3145 http fetch GET https://registry.npmjs.org/@types/ms/-/ms-2.1.0.tgz attempt 3 failed with EACCES
3146 http fetch GET https://registry.npmjs.org/@types/babel__traverse/-/babel__traverse-7.28.0.tgz attempt 3 failed with EACCES
3147 http fetch GET https://registry.npmjs.org/@types/mdast/-/mdast-4.0.4.tgz attempt 3 failed with EACCES
3148 http fetch GET https://registry.npmjs.org/@types/estree-jsx/-/estree-jsx-1.0.5.tgz attempt 3 failed with EACCES
3149 http fetch GET https://registry.npmjs.org/@tailwindcss/oxide/-/oxide-4.2.1.tgz attempt 3 failed with EACCES
3150 http fetch GET https://registry.npmjs.org/@types/babel__core/-/babel__core-7.20.5.tgz attempt 3 failed with EACCES
3151 http fetch GET https://registry.npmjs.org/@tailwindcss/node/-/node-4.2.1.tgz attempt 3 failed with EACCES
3152 http fetch GET https://registry.npmjs.org/@types/babel__generator/-/babel__generator-7.27.0.tgz attempt 3 failed with EACCES
3153 http fetch GET https://registry.npmjs.org/@sindresorhus/is/-/is-4.6.0.tgz attempt 3 failed with EACCES
3154 http fetch GET https://registry.npmjs.org/@shikijs/types/-/types-3.23.0.tgz attempt 3 failed with EACCES
3155 http fetch GET https://registry.npmjs.org/@types/unist/-/unist-3.0.3.tgz attempt 3 failed with EACCES
3156 http fetch GET https://registry.npmjs.org/@shikijs/vscode-textmate/-/vscode-textmate-10.0.2.tgz attempt 3 failed with EACCES
3157 http fetch GET https://registry.npmjs.org/@shikijs/primitive/-/primitive-4.4.2.tgz attempt 3 failed with EACCES
3158 http fetch GET https://registry.npmjs.org/@shikijs/themes/-/themes-4.4.2.tgz attempt 3 failed with EACCES
3159 http fetch GET https://registry.npmjs.org/@shikijs/langs/-/langs-4.4.2.tgz attempt 3 failed with EACCES
3160 http fetch GET https://registry.npmjs.org/@shikijs/rehype/-/rehype-3.23.0.tgz attempt 3 failed with EACCES
3161 http fetch GET https://registry.npmjs.org/@shikijs/engine-oniguruma/-/engine-oniguruma-4.4.2.tgz attempt 3 failed with EACCES
3162 http fetch GET https://registry.npmjs.org/@shikijs/engine-javascript/-/engine-javascript-4.4.2.tgz attempt 3 failed with EACCES
3163 http fetch GET https://registry.npmjs.org/@rollup/rollup-win32-x64-msvc/-/rollup-win32-x64-msvc-4.62.4.tgz attempt 3 failed with EACCES
3164 verbose reify failed optional dependency D:\Repo\Future-Game-Laboratory.github.io\node_modules\@rollup\rollup-win32-x64-msvc
3165 silly reify mark deleted [
3165 silly reify   'D:\\Repo\\Future-Game-Laboratory.github.io\\node_modules\\@rollup\\rollup-win32-x64-msvc'
3165 silly reify ]
3166 http fetch GET https://registry.npmjs.org/@shikijs/core/-/core-4.4.2.tgz attempt 3 failed with EACCES
3167 http fetch GET https://registry.npmjs.org/@rollup/rollup-win32-x64-gnu/-/rollup-win32-x64-gnu-4.62.4.tgz attempt 3 failed with EACCES
3168 verbose reify failed optional dependency D:\Repo\Future-Game-Laboratory.github.io\node_modules\@rollup\rollup-win32-x64-gnu
3169 silly reify mark deleted [
3169 silly reify   'D:\\Repo\\Future-Game-Laboratory.github.io\\node_modules\\@rollup\\rollup-win32-x64-gnu'
3169 silly reify ]
3170 http fetch GET https://registry.npmjs.org/@rollup/pluginutils/-/pluginutils-5.4.0.tgz attempt 3 failed with EACCES
3171 http fetch GET https://registry.npmjs.org/@rolldown/pluginutils/-/pluginutils-1.0.0-rc.3.tgz attempt 3 failed with EACCES
3172 http fetch GET https://registry.npmjs.org/@radix-ui/rect/-/rect-1.1.3.tgz attempt 3 failed with EACCES
3173 http fetch GET https://registry.npmjs.org/@radix-ui/react-use-size/-/react-use-size-1.1.4.tgz attempt 3 failed with EACCES
3174 http fetch GET https://registry.npmjs.org/@tailwindcss/oxide-win32-x64-msvc/-/oxide-win32-x64-msvc-4.2.1.tgz attempt 3 failed with EACCES
3175 verbose reify failed optional dependency D:\Repo\Future-Game-Laboratory.github.io\node_modules\@tailwindcss\oxide-win32-x64-msvc
3176 silly reify mark deleted [
3176 silly reify   'D:\\Repo\\Future-Game-Laboratory.github.io\\node_modules\\@tailwindcss\\oxide-win32-x64-msvc'
3176 silly reify ]
3177 http fetch GET https://registry.npmjs.org/@radix-ui/react-use-rect/-/react-use-rect-1.1.4.tgz attempt 3 failed with EACCES
3178 http fetch GET https://registry.npmjs.org/@radix-ui/react-use-previous/-/react-use-previous-1.1.4.tgz attempt 3 failed with EACCES
3179 http fetch GET https://registry.npmjs.org/@radix-ui/react-use-layout-effect/-/react-use-layout-effect-1.1.4.tgz attempt 3 failed with EACCES
3180 http fetch GET https://registry.npmjs.org/@radix-ui/react-use-escape-keydown/-/react-use-escape-keydown-1.1.5.tgz attempt 3 failed with EACCES
3181 http fetch GET https://registry.npmjs.org/@radix-ui/react-use-callback-ref/-/react-use-callback-ref-1.1.4.tgz attempt 3 failed with EACCES
3182 http fetch GET https://registry.npmjs.org/@radix-ui/react-use-effect-event/-/react-use-effect-event-0.0.5.tgz attempt 3 failed with EACCES
3183 http fetch GET https://registry.npmjs.org/@radix-ui/react-use-controllable-state/-/react-use-controllable-state-1.2.6.tgz attempt 3 failed with EACCES
3184 http fetch GET https://registry.npmjs.org/@radix-ui/react-toolbar/-/react-toolbar-1.1.19.tgz attempt 3 failed with EACCES
3185 http fetch GET https://registry.npmjs.org/@radix-ui/react-tooltip/-/react-tooltip-1.2.16.tgz attempt 3 failed with EACCES
3186 http fetch GET https://registry.npmjs.org/@radix-ui/react-visually-hidden/-/react-visually-hidden-1.2.11.tgz attempt 3 failed with EACCES
3187 http fetch GET https://registry.npmjs.org/@radix-ui/react-toggle-group/-/react-toggle-group-1.1.19.tgz attempt 3 failed with EACCES
3188 http fetch GET https://registry.npmjs.org/@radix-ui/react-toggle/-/react-toggle-1.1.18.tgz attempt 3 failed with EACCES
3189 http fetch GET https://registry.npmjs.org/@radix-ui/react-switch/-/react-switch-1.3.7.tgz attempt 3 failed with EACCES
3190 http fetch GET https://registry.npmjs.org/@radix-ui/react-slot/-/react-slot-1.3.3.tgz attempt 3 failed with EACCES
3191 http fetch GET https://registry.npmjs.org/@radix-ui/react-toast/-/react-toast-1.2.23.tgz attempt 3 failed with EACCES
3192 http fetch GET https://registry.npmjs.org/@radix-ui/react-slider/-/react-slider-1.4.7.tgz attempt 3 failed with EACCES
3193 http fetch GET https://registry.npmjs.org/@radix-ui/react-tabs/-/react-tabs-1.1.21.tgz attempt 3 failed with EACCES
3194 http fetch GET https://registry.npmjs.org/@radix-ui/react-separator/-/react-separator-1.1.15.tgz attempt 3 failed with EACCES
3195 http fetch GET https://registry.npmjs.org/@radix-ui/react-use-is-hydrated/-/react-use-is-hydrated-0.1.3.tgz attempt 3 failed with EACCES
3196 http fetch GET https://registry.npmjs.org/@radix-ui/react-select/-/react-select-2.3.7.tgz attempt 3 failed with EACCES
3197 http fetch GET https://registry.npmjs.org/@radix-ui/react-scroll-area/-/react-scroll-area-1.2.18.tgz attempt 3 failed with EACCES
3198 http fetch GET https://registry.npmjs.org/@radix-ui/react-roving-focus/-/react-roving-focus-1.1.19.tgz attempt 3 failed with EACCES
3199 http fetch GET https://registry.npmjs.org/@radix-ui/react-progress/-/react-progress-1.1.16.tgz attempt 3 failed with EACCES
3200 http fetch GET https://registry.npmjs.org/@radix-ui/react-primitive/-/react-primitive-2.1.10.tgz attempt 3 failed with EACCES
3201 http fetch GET https://registry.npmjs.org/@radix-ui/react-presence/-/react-presence-1.1.10.tgz attempt 3 failed with EACCES
3202 http fetch GET https://registry.npmjs.org/@radix-ui/react-portal/-/react-portal-1.1.17.tgz attempt 3 failed with EACCES
3203 http fetch GET https://registry.npmjs.org/@radix-ui/react-password-toggle-field/-/react-password-toggle-field-0.1.11.tgz attempt 3 failed with EACCES
3204 http fetch GET https://registry.npmjs.org/@radix-ui/react-one-time-password-field/-/react-one-time-password-field-0.1.16.tgz attempt 3 failed with EACCES
3205 http fetch GET https://registry.npmjs.org/@radix-ui/react-popover/-/react-popover-1.1.23.tgz attempt 3 failed with EACCES
3206 http fetch GET https://registry.npmjs.org/@radix-ui/react-menubar/-/react-menubar-1.1.24.tgz attempt 3 failed with EACCES
3207 http fetch GET https://registry.npmjs.org/@radix-ui/react-menu/-/react-menu-2.1.24.tgz attempt 3 failed with EACCES
3208 http fetch GET https://registry.npmjs.org/@radix-ui/react-popper/-/react-popper-1.3.7.tgz attempt 3 failed with EACCES
3209 http fetch GET https://registry.npmjs.org/@radix-ui/react-label/-/react-label-2.1.15.tgz attempt 3 failed with EACCES
3210 http fetch GET https://registry.npmjs.org/@radix-ui/react-navigation-menu/-/react-navigation-menu-1.2.22.tgz attempt 3 failed with EACCES
3211 http fetch GET https://registry.npmjs.org/@radix-ui/react-focus-scope/-/react-focus-scope-1.1.16.tgz attempt 3 failed with EACCES
3212 http fetch GET https://registry.npmjs.org/@radix-ui/react-radio-group/-/react-radio-group-1.4.7.tgz attempt 3 failed with EACCES
3213 http fetch GET https://registry.npmjs.org/@radix-ui/react-hover-card/-/react-hover-card-1.1.23.tgz attempt 3 failed with EACCES
3214 http fetch GET https://registry.npmjs.org/@radix-ui/react-form/-/react-form-0.1.16.tgz attempt 3 failed with EACCES
3215 http fetch GET https://registry.npmjs.org/@radix-ui/react-id/-/react-id-1.1.4.tgz attempt 3 failed with EACCES
3216 http fetch GET https://registry.npmjs.org/@radix-ui/react-dropdown-menu/-/react-dropdown-menu-2.1.24.tgz attempt 3 failed with EACCES
3217 http fetch GET https://registry.npmjs.org/@radix-ui/react-dismissable-layer/-/react-dismissable-layer-1.1.19.tgz attempt 3 failed with EACCES
3218 http fetch GET https://registry.npmjs.org/@radix-ui/react-direction/-/react-direction-1.1.4.tgz attempt 3 failed with EACCES
3219 http fetch GET https://registry.npmjs.org/@radix-ui/react-dialog/-/react-dialog-1.1.23.tgz attempt 3 failed with EACCES
3220 http fetch GET https://registry.npmjs.org/@radix-ui/react-compose-refs/-/react-compose-refs-1.1.5.tgz attempt 3 failed with EACCES
3221 http fetch GET https://registry.npmjs.org/@radix-ui/react-avatar/-/react-avatar-1.2.6.tgz attempt 3 failed with EACCES
3222 http fetch GET https://registry.npmjs.org/@radix-ui/react-context-menu/-/react-context-menu-2.3.7.tgz attempt 3 failed with EACCES
3223 http fetch GET https://registry.npmjs.org/@radix-ui/react-context/-/react-context-1.2.2.tgz attempt 3 failed with EACCES
3224 http fetch GET https://registry.npmjs.org/@radix-ui/react-collection/-/react-collection-1.1.15.tgz attempt 3 failed with EACCES
3225 http fetch GET https://registry.npmjs.org/@radix-ui/react-aspect-ratio/-/react-aspect-ratio-1.1.15.tgz attempt 3 failed with EACCES
3226 http fetch GET https://registry.npmjs.org/@radix-ui/react-focus-guards/-/react-focus-guards-1.1.6.tgz attempt 3 failed with EACCES
3227 http fetch GET https://registry.npmjs.org/@radix-ui/react-checkbox/-/react-checkbox-1.3.11.tgz attempt 3 failed with EACCES
3228 http fetch GET https://registry.npmjs.org/@radix-ui/react-arrow/-/react-arrow-1.1.15.tgz attempt 3 failed with EACCES
3229 http fetch GET https://registry.npmjs.org/@radix-ui/react-alert-dialog/-/react-alert-dialog-1.1.23.tgz attempt 3 failed with EACCES
3230 http fetch GET https://registry.npmjs.org/@radix-ui/react-accessible-icon/-/react-accessible-icon-1.1.15.tgz attempt 3 failed with EACCES
3231 http fetch GET https://registry.npmjs.org/@radix-ui/react-accordion/-/react-accordion-1.2.20.tgz attempt 3 failed with EACCES
3232 http fetch GET https://registry.npmjs.org/@radix-ui/number/-/number-1.1.3.tgz attempt 3 failed with EACCES
3233 http fetch GET https://registry.npmjs.org/@mdx-js/mdx/-/mdx-3.1.1.tgz attempt 3 failed with EACCES
3234 http fetch GET https://registry.npmjs.org/@jridgewell/sourcemap-codec/-/sourcemap-codec-1.5.5.tgz attempt 3 failed with EACCES
3235 http fetch GET https://registry.npmjs.org/@jridgewell/trace-mapping/-/trace-mapping-0.3.31.tgz attempt 3 failed with EACCES
3236 http fetch GET https://registry.npmjs.org/@jridgewell/gen-mapping/-/gen-mapping-0.3.13.tgz attempt 3 failed with EACCES
3237 http fetch GET https://registry.npmjs.org/@jridgewell/resolve-uri/-/resolve-uri-3.1.2.tgz attempt 3 failed with EACCES
3238 http fetch GET https://registry.npmjs.org/@radix-ui/primitive/-/primitive-1.1.7.tgz attempt 3 failed with EACCES
3239 http fetch GET https://registry.npmjs.org/@isaacs/fs-minipass/-/fs-minipass-4.0.1.tgz attempt 3 failed with EACCES
3240 http fetch GET https://registry.npmjs.org/@jridgewell/remapping/-/remapping-2.3.5.tgz attempt 3 failed with EACCES
3241 http fetch GET https://registry.npmjs.org/@img/sharp-win32-x64/-/sharp-win32-x64-0.34.5.tgz attempt 3 failed with EACCES
3242 verbose reify failed optional dependency D:\Repo\Future-Game-Laboratory.github.io\node_modules\@img\sharp-win32-x64
3243 silly reify mark deleted [
3243 silly reify   'D:\\Repo\\Future-Game-Laboratory.github.io\\node_modules\\@img\\sharp-win32-x64'
3243 silly reify ]
3244 http fetch GET https://registry.npmjs.org/@radix-ui/react-collapsible/-/react-collapsible-1.1.20.tgz attempt 3 failed with EACCES
3245 http fetch GET https://registry.npmjs.org/@iconify/tools/-/tools-4.2.0.tgz attempt 3 failed with EACCES
3246 http fetch GET https://registry.npmjs.org/@iconify/utils/-/utils-2.3.0.tgz attempt 3 failed with EACCES
3247 http fetch GET https://registry.npmjs.org/@iconify-json/lucide/-/lucide-1.2.122.tgz attempt 3 failed with EACCES
3248 http fetch GET https://registry.npmjs.org/@oslojs/encoding/-/encoding-1.1.0.tgz attempt 3 failed with EACCES
3249 http fetch GET https://registry.npmjs.org/@floating-ui/utils/-/utils-0.2.12.tgz attempt 3 failed with EACCES
3250 http fetch GET https://registry.npmjs.org/@floating-ui/core/-/core-1.8.0.tgz attempt 3 failed with EACCES
3251 http fetch GET https://registry.npmjs.org/@expressive-code/plugin-line-numbers/-/plugin-line-numbers-0.40.2.tgz attempt 3 failed with EACCES
3252 http fetch GET https://registry.npmjs.org/@expressive-code/plugin-text-markers/-/plugin-text-markers-0.40.2.tgz attempt 3 failed with EACCES
3253 http fetch GET https://registry.npmjs.org/@expressive-code/plugin-shiki/-/plugin-shiki-0.40.2.tgz attempt 3 failed with EACCES
3254 http fetch GET https://registry.npmjs.org/@img/colour/-/colour-1.1.0.tgz attempt 3 failed with EACCES
3255 verbose reify failed optional dependency D:\Repo\Future-Game-Laboratory.github.io\node_modules\@img\colour
3256 silly reify mark deleted [
3256 silly reify   'D:\\Repo\\Future-Game-Laboratory.github.io\\node_modules\\@img\\colour'
3256 silly reify ]
3257 verbose reify failed optional dependency D:\Repo\Future-Game-Laboratory.github.io\node_modules\sharp
3258 silly reify mark deleted [ 'D:\\Repo\\Future-Game-Laboratory.github.io\\node_modules\\sharp' ]
3259 http fetch GET https://registry.npmjs.org/@floating-ui/dom/-/dom-1.8.0.tgz attempt 3 failed with EACCES
3260 http fetch GET https://registry.npmjs.org/@expressive-code/plugin-frames/-/plugin-frames-0.40.2.tgz attempt 3 failed with EACCES
3261 http fetch GET https://registry.npmjs.org/@iconify/types/-/types-2.0.0.tgz attempt 3 failed with EACCES
3262 http fetch GET https://registry.npmjs.org/@floating-ui/react-dom/-/react-dom-2.1.9.tgz attempt 3 failed with EACCES
3263 http fetch GET https://registry.npmjs.org/@esbuild/win32-x64/-/win32-x64-0.27.7.tgz attempt 3 failed with EACCES
3264 verbose reify failed optional dependency D:\Repo\Future-Game-Laboratory.github.io\node_modules\@esbuild\win32-x64
3265 silly reify mark deleted [
3265 silly reify   'D:\\Repo\\Future-Game-Laboratory.github.io\\node_modules\\@esbuild\\win32-x64'
3265 silly reify ]
3266 http fetch GET https://registry.npmjs.org/@emmetio/stream-reader/-/stream-reader-2.2.0.tgz attempt 3 failed with EACCES
3267 http fetch GET https://registry.npmjs.org/@emmetio/html-matcher/-/html-matcher-1.3.0.tgz attempt 3 failed with EACCES
3268 http fetch GET https://registry.npmjs.org/@expressive-code/core/-/core-0.40.2.tgz attempt 3 failed with EACCES
3269 http fetch GET https://registry.npmjs.org/@emmetio/css-parser/-/css-parser-0.4.1.tgz attempt 3 failed with EACCES
3270 http fetch GET https://registry.npmjs.org/@expressive-code/plugin-collapsible-sections/-/plugin-collapsible-sections-0.40.2.tgz attempt 3 failed with EACCES
3271 http fetch GET https://registry.npmjs.org/@emmetio/scanner/-/scanner-1.0.4.tgz attempt 3 failed with EACCES
3272 http fetch GET https://registry.npmjs.org/@emmetio/css-abbreviation/-/css-abbreviation-2.1.8.tgz attempt 3 failed with EACCES
3273 http fetch GET https://registry.npmjs.org/@emmetio/abbreviation/-/abbreviation-2.3.3.tgz attempt 3 failed with EACCES
3274 http fetch GET https://registry.npmjs.org/@emmetio/stream-reader-utils/-/stream-reader-utils-0.1.0.tgz attempt 3 failed with EACCES
3275 http fetch GET https://registry.npmjs.org/@clack/core/-/core-1.4.3.tgz attempt 3 failed with EACCES
3276 http fetch GET https://registry.npmjs.org/@capsizecss/unpack/-/unpack-4.0.1.tgz attempt 3 failed with EACCES
3277 http fetch GET https://registry.npmjs.org/@clack/prompts/-/prompts-1.7.0.tgz attempt 3 failed with EACCES
3278 http fetch GET https://registry.npmjs.org/@ctrl/tinycolor/-/tinycolor-4.2.0.tgz attempt 3 failed with EACCES
3279 http fetch GET https://registry.npmjs.org/@babel/types/-/types-7.29.8.tgz attempt 3 failed with EACCES
3280 http fetch GET https://registry.npmjs.org/@babel/parser/-/parser-7.29.8.tgz attempt 3 failed with EACCES
3281 http fetch GET https://registry.npmjs.org/@babel/plugin-transform-react-jsx-source/-/plugin-transform-react-jsx-source-7.29.7.tgz attempt 3 failed with EACCES
3282 http fetch GET https://registry.npmjs.org/@babel/helper-validator-option/-/helper-validator-option-7.29.7.tgz attempt 3 failed with EACCES
3283 http fetch GET https://registry.npmjs.org/@babel/helper-validator-identifier/-/helper-validator-identifier-7.29.7.tgz attempt 3 failed with EACCES
3284 http fetch GET https://registry.npmjs.org/@babel/template/-/template-7.29.7.tgz attempt 3 failed with EACCES
3285 http fetch GET https://registry.npmjs.org/@babel/plugin-transform-react-jsx-self/-/plugin-transform-react-jsx-self-7.29.7.tgz attempt 3 failed with EACCES
3286 http fetch GET https://registry.npmjs.org/@babel/helper-module-imports/-/helper-module-imports-7.29.7.tgz attempt 3 failed with EACCES
3287 http fetch GET https://registry.npmjs.org/@babel/helper-plugin-utils/-/helper-plugin-utils-7.29.7.tgz attempt 3 failed with EACCES
3288 http fetch GET https://registry.npmjs.org/@babel/helper-string-parser/-/helper-string-parser-7.29.7.tgz attempt 3 failed with EACCES
3289 http fetch GET https://registry.npmjs.org/@babel/helper-globals/-/helper-globals-7.29.7.tgz attempt 3 failed with EACCES
3290 http fetch GET https://registry.npmjs.org/@babel/generator/-/generator-7.29.8.tgz attempt 3 failed with EACCES
3291 http fetch GET https://registry.npmjs.org/@babel/helper-module-transforms/-/helper-module-transforms-7.29.7.tgz attempt 3 failed with EACCES
3292 http fetch GET https://registry.npmjs.org/@babel/core/-/core-7.29.7.tgz attempt 3 failed with EACCES
3293 http fetch GET https://registry.npmjs.org/@babel/helper-compilation-targets/-/helper-compilation-targets-7.29.7.tgz attempt 3 failed with EACCES
3294 http fetch GET https://registry.npmjs.org/@babel/code-frame/-/code-frame-7.29.7.tgz attempt 3 failed with EACCES
3295 http fetch GET https://registry.npmjs.org/@astrojs/telemetry/-/telemetry-3.3.0.tgz attempt 3 failed with EACCES
3296 http fetch GET https://registry.npmjs.org/@astrojs/yaml2ts/-/yaml2ts-0.2.4.tgz attempt 3 failed with EACCES
3297 http fetch GET https://registry.npmjs.org/@astrojs/sitemap/-/sitemap-3.7.1.tgz attempt 3 failed with EACCES
3298 http fetch GET https://registry.npmjs.org/@astrojs/prism/-/prism-4.0.0.tgz attempt 3 failed with EACCES
3299 http fetch GET https://registry.npmjs.org/@astrojs/react/-/react-5.0.0.tgz attempt 3 failed with EACCES
3300 http fetch GET https://registry.npmjs.org/@astrojs/rss/-/rss-4.0.17.tgz attempt 3 failed with EACCES
3301 http fetch GET https://registry.npmjs.org/@astrojs/mdx/-/mdx-5.0.0.tgz attempt 3 failed with EACCES
3302 http fetch GET https://registry.npmjs.org/@babel/traverse/-/traverse-7.29.8.tgz attempt 3 failed with EACCES
3303 http fetch GET https://registry.npmjs.org/@astrojs/markdown-remark/-/markdown-remark-7.0.0.tgz attempt 3 failed with EACCES
3304 http fetch GET https://registry.npmjs.org/@astrojs/language-server/-/language-server-2.16.13.tgz attempt 3 failed with EACCES
3305 http fetch GET https://registry.npmjs.org/@antfu/utils/-/utils-8.1.1.tgz attempt 3 failed with EACCES
3306 http fetch GET https://registry.npmjs.org/yaml/-/yaml-2.8.3.tgz attempt 3 failed with EACCES
3307 http fetch GET https://registry.npmjs.org/request-light/-/request-light-0.5.8.tgz attempt 3 failed with EACCES
3308 http fetch GET https://registry.npmjs.org/@astrojs/check/-/check-0.9.7.tgz attempt 3 failed with EACCES
3309 http fetch GET https://registry.npmjs.org/@astrojs/internal-helpers/-/internal-helpers-0.8.0.tgz attempt 3 failed with EACCES
3310 http fetch GET https://registry.npmjs.org/@babel/compat-data/-/compat-data-7.29.7.tgz attempt 3 failed with EACCES
3311 http fetch GET https://registry.npmjs.org/vscode-languageserver-protocol/-/vscode-languageserver-protocol-3.17.5.tgz attempt 3 failed with EACCES
3312 http fetch GET https://registry.npmjs.org/vscode-languageserver-types/-/vscode-languageserver-types-3.17.5.tgz attempt 3 failed with EACCES
3313 http fetch GET https://registry.npmjs.org/@astrojs/compiler/-/compiler-2.13.1.tgz attempt 3 failed with EACCES
3314 http fetch GET https://registry.npmjs.org/jsonc-parser/-/jsonc-parser-3.3.1.tgz attempt 3 failed with EACCES
3315 http fetch GET https://registry.npmjs.org/vscode-languageserver-types/-/vscode-languageserver-types-3.17.5.tgz attempt 3 failed with EACCES
3316 http fetch GET https://registry.npmjs.org/yallist/-/yallist-5.0.0.tgz attempt 3 failed with EACCES
3317 http fetch GET https://registry.npmjs.org/semver/-/semver-7.8.5.tgz attempt 3 failed with EACCES
3318 http fetch GET https://registry.npmjs.org/yargs-parser/-/yargs-parser-21.1.1.tgz attempt 3 failed with EACCES
3319 http fetch GET https://registry.npmjs.org/semver/-/semver-7.8.5.tgz attempt 3 failed with EACCES
3320 http fetch GET https://registry.npmjs.org/undici-types/-/undici-types-7.18.2.tgz attempt 3 failed with EACCES
3321 http fetch GET https://registry.npmjs.org/commander/-/commander-11.1.0.tgz attempt 3 failed with EACCES
3322 http fetch GET https://registry.npmjs.org/semver/-/semver-7.8.5.tgz attempt 3 failed with EACCES
3323 verbose reify failed optional dependency D:\Repo\Future-Game-Laboratory.github.io\node_modules\sharp\node_modules\semver
3324 silly reify mark deleted [
3324 silly reify   'D:\\Repo\\Future-Game-Laboratory.github.io\\node_modules\\sharp\\node_modules\\semver',
3324 silly reify   'D:\\Repo\\Future-Game-Laboratory.github.io\\node_modules\\sharp\\node_modules\\.bin\\semver',
3324 silly reify   'D:\\Repo\\Future-Game-Laboratory.github.io\\node_modules\\sharp\\node_modules\\.bin\\semver.cmd',
3324 silly reify   'D:\\Repo\\Future-Game-Laboratory.github.io\\node_modules\\sharp\\node_modules\\.bin\\semver.ps1'
3324 silly reify ]
3325 verbose reify failed optional dependency D:\Repo\Future-Game-Laboratory.github.io\node_modules\sharp
3326 silly reify mark deleted [ 'D:\\Repo\\Future-Game-Laboratory.github.io\\node_modules\\sharp' ]
3327 http fetch GET https://registry.npmjs.org/typescript/-/typescript-6.0.3.tgz attempt 3 failed with EACCES
3328 http fetch GET https://registry.npmjs.org/@astrojs/compiler/-/compiler-3.0.1.tgz attempt 3 failed with EACCES
3329 http fetch GET https://registry.npmjs.org/@babel/helpers/-/helpers-7.29.7.tgz attempt 3 failed with EACCES
3330 http fetch GET https://registry.npmjs.org/confbox/-/confbox-0.1.8.tgz attempt 3 failed with EACCES
3331 http fetch GET https://registry.npmjs.org/@types/unist/-/unist-2.0.11.tgz attempt 3 failed with EACCES
3332 http fetch GET https://registry.npmjs.org/pkg-types/-/pkg-types-1.3.1.tgz attempt 3 failed with EACCES
3333 http fetch GET https://registry.npmjs.org/vscode-jsonrpc/-/vscode-jsonrpc-8.2.0.tgz attempt 3 failed with EACCES
3334 http fetch GET https://registry.npmjs.org/unstorage/-/unstorage-1.17.5.tgz attempt 3 failed with EACCES
3335 http fetch GET https://registry.npmjs.org/mdn-data/-/mdn-data-2.0.28.tgz attempt 3 failed with EACCES
3336 http fetch GET https://registry.npmjs.org/semver/-/semver-7.8.5.tgz attempt 3 failed with EACCES
3337 http fetch GET https://registry.npmjs.org/entities/-/entities-7.0.1.tgz attempt 3 failed with EACCES
3338 http fetch GET https://registry.npmjs.org/entities/-/entities-6.0.1.tgz attempt 3 failed with EACCES
3339 http fetch GET https://registry.npmjs.org/@antfu/install-pkg/-/install-pkg-1.1.0.tgz attempt 3 failed with EACCES
3340 http fetch GET https://registry.npmjs.org/readdirp/-/readdirp-5.1.1.tgz attempt 3 failed with EACCES
3341 http fetch GET https://registry.npmjs.org/@astrojs/compiler/-/compiler-3.0.1.tgz attempt 3 failed with EACCES
3342 http fetch GET https://registry.npmjs.org/picomatch/-/picomatch-2.3.2.tgz attempt 3 failed with EACCES
3343 http fetch GET https://registry.npmjs.org/chokidar/-/chokidar-5.0.0.tgz attempt 3 failed with EACCES
3344 http fetch GET https://registry.npmjs.org/lru-cache/-/lru-cache-11.5.2.tgz attempt 3 failed with EACCES
3345 http fetch GET https://registry.npmjs.org/css-tree/-/css-tree-2.2.1.tgz attempt 3 failed with EACCES
3346 http fetch GET https://registry.npmjs.org/lightningcss-win32-x64-msvc/-/lightningcss-win32-x64-msvc-1.31.1.tgz attempt 3 failed with EACCES
3347 verbose reify failed optional dependency D:\Repo\Future-Game-Laboratory.github.io\node_modules\@tailwindcss\node\node_modules\lightningcss-win32-x64-msvc
3348 silly reify mark deleted [
3348 silly reify   'D:\\Repo\\Future-Game-Laboratory.github.io\\node_modules\\@tailwindcss\\node\\node_modules\\lightningcss-win32-x64-msvc'
3348 silly reify ]
3349 http fetch GET https://registry.npmjs.org/@shikijs/themes/-/themes-3.23.0.tgz attempt 3 failed with EACCES
3350 http fetch GET https://registry.npmjs.org/@shikijs/types/-/types-4.4.2.tgz attempt 3 failed with EACCES
3351 http fetch GET https://registry.npmjs.org/@shikijs/langs/-/langs-3.23.0.tgz attempt 3 failed with EACCES
3352 http fetch GET https://registry.npmjs.org/shiki/-/shiki-3.23.0.tgz attempt 3 failed with EACCES
3353 http fetch GET https://registry.npmjs.org/lightningcss/-/lightningcss-1.31.1.tgz attempt 3 failed with EACCES
3354 http fetch GET https://registry.npmjs.org/@types/node/-/node-24.13.3.tgz attempt 3 failed with EACCES
3355 http fetch GET https://registry.npmjs.org/@shikijs/types/-/types-4.4.2.tgz attempt 3 failed with EACCES
3356 http fetch GET https://registry.npmjs.org/@shikijs/engine-oniguruma/-/engine-oniguruma-3.23.0.tgz attempt 3 failed with EACCES
3357 http fetch GET https://registry.npmjs.org/@shikijs/types/-/types-4.4.2.tgz attempt 3 failed with EACCES
3358 http fetch GET https://registry.npmjs.org/estree-walker/-/estree-walker-2.0.2.tgz attempt 3 failed with EACCES
3359 http fetch GET https://registry.npmjs.org/@shikijs/types/-/types-4.4.2.tgz attempt 3 failed with EACCES
3360 http fetch GET https://registry.npmjs.org/@shikijs/engine-javascript/-/engine-javascript-3.23.0.tgz attempt 3 failed with EACCES
3361 http fetch GET https://registry.npmjs.org/@shikijs/core/-/core-3.23.0.tgz attempt 3 failed with EACCES
3362 http fetch GET https://registry.npmjs.org/svgo/-/svgo-3.3.4.tgz attempt 3 failed with EACCES
3363 http fetch GET https://registry.npmjs.org/css-tree/-/css-tree-2.3.1.tgz attempt 3 failed with EACCES
3364 http fetch GET https://registry.npmjs.org/mdn-data/-/mdn-data-2.0.30.tgz attempt 3 failed with EACCES
3365 http fetch GET https://registry.npmjs.org/shiki/-/shiki-1.29.2.tgz attempt 3 failed with EACCES
3366 http fetch GET https://registry.npmjs.org/@shikijs/types/-/types-4.4.2.tgz attempt 3 failed with EACCES
3367 http fetch GET https://registry.npmjs.org/regex-recursion/-/regex-recursion-5.1.1.tgz attempt 3 failed with EACCES
3368 http fetch GET https://registry.npmjs.org/@shikijs/types/-/types-4.4.2.tgz attempt 3 failed with EACCES
3369 http fetch GET https://registry.npmjs.org/oniguruma-to-es/-/oniguruma-to-es-2.3.0.tgz attempt 3 failed with EACCES
3370 http fetch GET https://registry.npmjs.org/commander/-/commander-7.2.0.tgz attempt 3 failed with EACCES
3371 http fetch GET https://registry.npmjs.org/@shikijs/types/-/types-1.29.2.tgz attempt 3 failed with EACCES
3372 http fetch GET https://registry.npmjs.org/@shikijs/langs/-/langs-1.29.2.tgz attempt 3 failed with EACCES
3373 http fetch GET https://registry.npmjs.org/@shikijs/engine-oniguruma/-/engine-oniguruma-1.29.2.tgz attempt 3 failed with EACCES
3374 http fetch GET https://registry.npmjs.org/@shikijs/engine-javascript/-/engine-javascript-1.29.2.tgz attempt 3 failed with EACCES
3375 http fetch GET https://registry.npmjs.org/regex/-/regex-5.1.1.tgz attempt 3 failed with EACCES
3376 http fetch GET https://registry.npmjs.org/@shikijs/types/-/types-4.4.2.tgz attempt 3 failed with EACCES
3377 http fetch GET https://registry.npmjs.org/@shikijs/core/-/core-1.29.2.tgz attempt 3 failed with EACCES
3378 http fetch GET https://registry.npmjs.org/@shikijs/themes/-/themes-1.29.2.tgz attempt 3 failed with EACCES
3379 verbose type system
3380 verbose stack FetchError: request to https://registry.npmjs.org/zwitch/-/zwitch-2.0.4.tgz failed, reason: 
3380 verbose stack     at ClientRequest.<anonymous> (D:\NodeJS\node_modules\npm\node_modules\minipass-fetch\lib\index.js:130:14)
3380 verbose stack     at ClientRequest.emit (node:events:509:20)
3380 verbose stack     at emitErrorEvent (node:_http_client:111:11)
3380 verbose stack     at _destroy (node:_http_client:1006:9)
3380 verbose stack     at onSocketNT (node:_http_client:1027:5)
3380 verbose stack     at process.processTicksAndRejections (node:internal/process/task_queues:91:21)
3381 error code EACCES
3382 error errno EACCES
3383 error FetchError: request to https://registry.npmjs.org/zwitch/-/zwitch-2.0.4.tgz failed, reason: 
3383 error     at ClientRequest.<anonymous> (D:\NodeJS\node_modules\npm\node_modules\minipass-fetch\lib\index.js:130:14)
3383 error     at ClientRequest.emit (node:events:509:20)
3383 error     at emitErrorEvent (node:_http_client:111:11)
3383 error     at _destroy (node:_http_client:1006:9)
3383 error     at onSocketNT (node:_http_client:1027:5)
3383 error     at process.processTicksAndRejections (node:internal/process/task_queues:91:21) {
3383 error   code: 'EACCES',
3383 error   errno: 'EACCES',
3383 error   type: 'system'
3383 error }
3384 error
3384 error The operation was rejected by your operating system.
3384 error It's possible that the file was already in use (by a text editor or antivirus), or that you lack permissions to access it.
3384 error
3384 error If you believe this might be a permissions issue, please double-check the permissions of the file and its containing directories, or try running the command again as root/Administrator.
3385 silly unfinished npm timer reify 1786621967885
3386 silly unfinished npm timer reify:unpack 1786621967969
3387 silly unfinished npm timer reifyNode:node_modules/zwitch 1786621967969
3388 silly unfinished npm timer reifyNode:node_modules/zod 1786621967969
3389 silly unfinished npm timer reifyNode:node_modules/yocto-queue 1786621967969
3390 silly unfinished npm timer reifyNode:node_modules/yauzl 1786621967969
3391 silly unfinished npm timer reifyNode:node_modules/yargs-parser 1786621967969
3392 silly unfinished npm timer reifyNode:node_modules/yargs 1786621967969
3393 silly unfinished npm timer reifyNode:node_modules/yargs/node_modules/yargs-parser 1786621967969
3394 silly unfinished npm timer reifyNode:node_modules/yaml-language-server 1786621967969
3395 silly unfinished npm timer reifyNode:node_modules/yaml-language-server/node_modules/yaml 1786621967969
3396 silly unfinished npm timer reifyNode:node_modules/yaml-language-server/node_modules/request-light 1786621967969
3397 silly unfinished npm timer reifyNode:node_modules/yaml 1786621967969
3398 silly unfinished npm timer reifyNode:node_modules/yallist 1786621967969
3399 silly unfinished npm timer reifyNode:node_modules/y18n 1786621967969
3400 silly unfinished npm timer reifyNode:node_modules/xxhash-wasm 1786621967969
3401 silly unfinished npm timer reifyNode:node_modules/xml-naming 1786621967969
3402 silly unfinished npm timer reifyNode:node_modules/wrappy 1786621967969
3403 silly unfinished npm timer reifyNode:node_modules/wrap-ansi 1786621967969
3404 silly unfinished npm timer reifyNode:node_modules/which-pm-runs 1786621967969
3405 silly unfinished npm timer reifyNode:node_modules/whatwg-mimetype 1786621967969
3406 silly unfinished npm timer reifyNode:node_modules/whatwg-encoding 1786621967969
3407 silly unfinished npm timer reifyNode:node_modules/web-namespaces 1786621967969
3408 silly unfinished npm timer reifyNode:node_modules/vscode-uri 1786621967969
3409 silly unfinished npm timer reifyNode:node_modules/vscode-nls 1786621967969
3410 silly unfinished npm timer reifyNode:node_modules/vscode-languageserver-types 1786621967969
3411 silly unfinished npm timer reifyNode:node_modules/vscode-languageserver-textdocument 1786621967969
3412 silly unfinished npm timer reifyNode:node_modules/vscode-languageserver-protocol 1786621967969
3413 silly unfinished npm timer reifyNode:node_modules/vscode-languageserver 1786621967969
3414 silly unfinished npm timer reifyNode:node_modules/vscode-languageserver/node_modules/vscode-languageserver-types 1786621967969
3415 silly unfinished npm timer reifyNode:node_modules/vscode-languageserver/node_modules/vscode-languageserver-protocol 1786621967969
3416 silly unfinished npm timer reifyNode:node_modules/vscode-languageserver/node_modules/vscode-jsonrpc 1786621967969
3417 silly unfinished npm timer reifyNode:node_modules/vscode-jsonrpc 1786621967969
3418 silly unfinished npm timer reifyNode:node_modules/vscode-json-languageservice 1786621967969
3419 silly unfinished npm timer reifyNode:node_modules/vscode-json-languageservice/node_modules/jsonc-parser 1786621967969
3420 silly unfinished npm timer reifyNode:node_modules/vscode-html-languageservice 1786621967969
3421 silly unfinished npm timer reifyNode:node_modules/vscode-css-languageservice 1786621967969
3422 silly unfinished npm timer reifyNode:node_modules/vscode-css-languageservice/node_modules/vscode-languageserver-types 1786621967969
3423 silly unfinished npm timer reifyNode:node_modules/volar-service-yaml 1786621967969
3424 silly unfinished npm timer reifyNode:node_modules/volar-service-typescript-twoslash-queries 1786621967969
3425 silly unfinished npm timer reifyNode:node_modules/volar-service-typescript 1786621967969
3426 silly unfinished npm timer reifyNode:node_modules/volar-service-typescript/node_modules/semver 1786621967969
3427 silly unfinished npm timer reifyNode:node_modules/volar-service-prettier 1786621967969
3428 silly unfinished npm timer reifyNode:node_modules/volar-service-html 1786621967969
3429 silly unfinished npm timer reifyNode:node_modules/volar-service-emmet 1786621967969
3430 silly unfinished npm timer reifyNode:node_modules/volar-service-css 1786621967969
3431 silly unfinished npm timer reifyNode:node_modules/vitefu 1786621967969
3432 silly unfinished npm timer reifyNode:node_modules/vite 1786621967969
3433 silly unfinished npm timer reifyNode:node_modules/vfile-message 1786621967969
3434 silly unfinished npm timer reifyNode:node_modules/vfile-location 1786621967969
3435 silly unfinished npm timer reifyNode:node_modules/vfile 1786621967969
3436 silly unfinished npm timer reifyNode:node_modules/util-deprecate 1786621967969
3437 silly unfinished npm timer reifyNode:node_modules/use-sidecar 1786621967969
3438 silly unfinished npm timer reifyNode:node_modules/use-callback-ref 1786621967969
3439 silly unfinished npm timer reifyNode:node_modules/update-browserslist-db 1786621967969
3440 silly unfinished npm timer reifyNode:node_modules/unist-util-visit-parents 1786621967969
3441 silly unfinished npm timer reifyNode:node_modules/unist-util-visit-children 1786621967969
3442 silly unfinished npm timer reifyNode:node_modules/unist-util-visit 1786621967969
3443 silly unfinished npm timer reifyNode:node_modules/unist-util-stringify-position 1786621967969
3444 silly unfinished npm timer reifyNode:node_modules/unist-util-remove-position 1786621967969
3445 silly unfinished npm timer reifyNode:node_modules/unist-util-position-from-estree 1786621967969
3446 silly unfinished npm timer reifyNode:node_modules/unist-util-position 1786621967969
3447 silly unfinished npm timer reifyNode:node_modules/unist-util-modify-children 1786621967969
3448 silly unfinished npm timer reifyNode:node_modules/unist-util-is 1786621967969
3449 silly unfinished npm timer reifyNode:node_modules/unist-util-find-after 1786621967969
3450 silly unfinished npm timer reifyNode:node_modules/unifont 1786621967969
3451 silly unfinished npm timer reifyNode:node_modules/unified 1786621967969
3452 silly unfinished npm timer reifyNode:node_modules/unicode-emoji-modifier-base 1786621967969
3453 silly unfinished npm timer reifyNode:node_modules/undici-types 1786621967969
3454 silly unfinished npm timer reifyNode:node_modules/undici 1786621967969
3455 silly unfinished npm timer reifyNode:node_modules/uncrypto 1786621967969
3456 silly unfinished npm timer reifyNode:node_modules/ultrahtml 1786621967969
3457 silly unfinished npm timer reifyNode:node_modules/ufo 1786621967969
3458 silly unfinished npm timer reifyNode:node_modules/typescript-auto-import-cache 1786621967969
3459 silly unfinished npm timer reifyNode:node_modules/typescript-auto-import-cache/node_modules/semver 1786621967969
3460 silly unfinished npm timer reifyNode:node_modules/typescript 1786621967969
3461 silly unfinished npm timer reifyNode:node_modules/typesafe-path 1786621967969
3462 silly unfinished npm timer reifyNode:node_modules/tslib 1786621967969
3463 silly unfinished npm timer reifyNode:node_modules/tsconfck 1786621967969
3464 silly unfinished npm timer reifyNode:node_modules/trough 1786621967969
3465 silly unfinished npm timer reifyNode:node_modules/trim-lines 1786621967969
3466 silly unfinished npm timer reifyNode:node_modules/tinyglobby 1786621967969
3467 silly unfinished npm timer reifyNode:node_modules/tinyexec 1786621967969
3468 silly unfinished npm timer reifyNode:node_modules/tinyclip 1786621967969
3469 silly unfinished npm timer reifyNode:node_modules/tiny-inflate 1786621967969
3470 silly unfinished npm timer reifyNode:node_modules/tar 1786621967969
3471 silly unfinished npm timer reifyNode:node_modules/tar/node_modules/yallist 1786621967969
3472 silly unfinished npm timer reifyNode:node_modules/tapable 1786621967969
3473 silly unfinished npm timer reifyNode:node_modules/tailwindcss 1786621967969
3474 silly unfinished npm timer reifyNode:node_modules/tailwind-merge 1786621967969
3475 silly unfinished npm timer reifyNode:node_modules/svgo 1786621967969
3476 silly unfinished npm timer reifyNode:node_modules/svgo/node_modules/commander 1786621967969
3477 silly unfinished npm timer reifyNode:node_modules/suf-log 1786621967969
3478 silly unfinished npm timer reifyNode:node_modules/style-to-object 1786621967969
3479 silly unfinished npm timer reifyNode:node_modules/style-to-js 1786621967969
3480 silly unfinished npm timer reifyNode:node_modules/strnum 1786621967969
3481 silly unfinished npm timer reifyNode:node_modules/strip-ansi 1786621967969
3482 silly unfinished npm timer reifyNode:node_modules/stringify-entities 1786621967969
3483 silly unfinished npm timer reifyNode:node_modules/string-width 1786621967969
3484 silly unfinished npm timer reifyNode:node_modules/stream-replace-string 1786621967969
3485 silly unfinished npm timer reifyNode:node_modules/space-separated-tokens 1786621967969
3486 silly unfinished npm timer reifyNode:node_modules/source-map-js 1786621967969
3487 silly unfinished npm timer reifyNode:node_modules/source-map 1786621967969
3488 silly unfinished npm timer reifyNode:node_modules/smol-toml 1786621967969
3489 silly unfinished npm timer reifyNode:node_modules/skin-tone 1786621967969
3490 silly unfinished npm timer reifyNode:node_modules/sitemap 1786621967969
3491 silly unfinished npm timer reifyNode:node_modules/sitemap/node_modules/undici-types 1786621967969
3492 silly unfinished npm timer reifyNode:node_modules/sitemap/node_modules/@types/node 1786621967969
3493 silly unfinished npm timer reifyNode:node_modules/sisteransi 1786621967969
3494 silly unfinished npm timer reifyNode:node_modules/shiki 1786621967969
3495 silly unfinished npm timer reifyNode:node_modules/shiki/node_modules/@shikijs/types 1786621967969
3496 silly unfinished npm timer reifyNode:node_modules/semver 1786621967969
3497 silly unfinished npm timer reifyNode:node_modules/scheduler 1786621967969
3498 silly unfinished npm timer reifyNode:node_modules/sax 1786621967969
3499 silly unfinished npm timer reifyNode:node_modules/sass-formatter 1786621967969
3500 silly unfinished npm timer reifyNode:node_modules/safer-buffer 1786621967969
3501 silly unfinished npm timer reifyNode:node_modules/s.color 1786621967969
3502 silly unfinished npm timer reifyNode:node_modules/rollup 1786621967969
3503 silly unfinished npm timer reifyNode:node_modules/retext-stringify 1786621967969
3504 silly unfinished npm timer reifyNode:node_modules/retext-smartypants 1786621967969
3505 silly unfinished npm timer reifyNode:node_modules/retext-latin 1786621967969
3506 silly unfinished npm timer reifyNode:node_modules/retext 1786621967969
3507 silly unfinished npm timer reifyNode:node_modules/require-from-string 1786621967970
3508 silly unfinished npm timer reifyNode:node_modules/require-directory 1786621967970
3509 silly unfinished npm timer reifyNode:node_modules/request-light 1786621967970
3510 silly unfinished npm timer reifyNode:node_modules/remark-stringify 1786621967970
3511 silly unfinished npm timer reifyNode:node_modules/remark-smartypants 1786621967970
3512 silly unfinished npm timer reifyNode:node_modules/remark-rehype 1786621967970
3513 silly unfinished npm timer reifyNode:node_modules/remark-parse 1786621967970
3514 silly unfinished npm timer reifyNode:node_modules/remark-mdx 1786621967970
3515 silly unfinished npm timer reifyNode:node_modules/remark-math 1786621967970
3516 silly unfinished npm timer reifyNode:node_modules/remark-gfm 1786621967970
3517 silly unfinished npm timer reifyNode:node_modules/remark-emoji 1786621967970
3518 silly unfinished npm timer reifyNode:node_modules/rehype-stringify 1786621967970
3519 silly unfinished npm timer reifyNode:node_modules/rehype-recma 1786621967970
3520 silly unfinished npm timer reifyNode:node_modules/rehype-raw 1786621967970
3521 silly unfinished npm timer reifyNode:node_modules/rehype-parse 1786621967970
3522 silly unfinished npm timer reifyNode:node_modules/rehype-katex 1786621967970
3523 silly unfinished npm timer reifyNode:node_modules/rehype-external-links 1786621967970
3524 silly unfinished npm timer reifyNode:node_modules/rehype-expressive-code 1786621967970
3525 silly unfinished npm timer reifyNode:node_modules/rehype 1786621967970
3526 silly unfinished npm timer reifyNode:node_modules/regex-utilities 1786621967970
3527 silly unfinished npm timer reifyNode:node_modules/regex-recursion 1786621967970
3528 silly unfinished npm timer reifyNode:node_modules/regex 1786621967970
3529 silly unfinished npm timer reifyNode:node_modules/recma-stringify 1786621967970
3530 silly unfinished npm timer reifyNode:node_modules/recma-parse 1786621967970
3531 silly unfinished npm timer reifyNode:node_modules/recma-jsx 1786621967970
3532 silly unfinished npm timer reifyNode:node_modules/recma-build-jsx 1786621967970
3533 silly unfinished npm timer reifyNode:node_modules/readdirp 1786621967970
3534 silly unfinished npm timer reifyNode:node_modules/react-style-singleton 1786621967970
3535 silly unfinished npm timer reifyNode:node_modules/react-remove-scroll-bar 1786621967970
3536 silly unfinished npm timer reifyNode:node_modules/react-remove-scroll 1786621967970
3537 silly unfinished npm timer reifyNode:node_modules/react-refresh 1786621967970
3538 silly unfinished npm timer reifyNode:node_modules/react-dom 1786621967970
3539 silly unfinished npm timer reifyNode:node_modules/react 1786621967970
3540 silly unfinished npm timer reifyNode:node_modules/radix3 1786621967970
3541 silly unfinished npm timer reifyNode:node_modules/radix-ui 1786621967970
3542 silly unfinished npm timer reifyNode:node_modules/quansync 1786621967970
3543 silly unfinished npm timer reifyNode:node_modules/pump 1786621967970
3544 silly unfinished npm timer reifyNode:node_modules/property-information 1786621967970
3545 silly unfinished npm timer reifyNode:node_modules/prismjs 1786621967970
3546 silly unfinished npm timer reifyNode:node_modules/prettier-plugin-tailwindcss 1786621967970
3547 silly unfinished npm timer reifyNode:node_modules/prettier-plugin-astro-organize-imports 1786621967970
3548 silly unfinished npm timer reifyNode:node_modules/prettier-plugin-astro-organize-imports/node_modules/typescript 1786621967970
3549 silly unfinished npm timer reifyNode:node_modules/prettier-plugin-astro-organize-imports/node_modules/@astrojs/compiler 1786621967970
3550 silly unfinished npm timer reifyNode:node_modules/prettier-plugin-astro 1786621967970
3551 silly unfinished npm timer reifyNode:node_modules/prettier 1786621967970
3552 silly unfinished npm timer reifyNode:node_modules/postcss-selector-parser 1786621967970
3553 silly unfinished npm timer reifyNode:node_modules/postcss-nested 1786621967970
3554 silly unfinished npm timer reifyNode:node_modules/postcss 1786621967970
3555 silly unfinished npm timer reifyNode:node_modules/pkg-types 1786621967970
3556 silly unfinished npm timer reifyNode:node_modules/picomatch 1786621967970
3557 silly unfinished npm timer reifyNode:node_modules/picocolors 1786621967970
3558 silly unfinished npm timer reifyNode:node_modules/piccolore 1786621967970
3559 silly unfinished npm timer reifyNode:node_modules/pend 1786621967970
3560 silly unfinished npm timer reifyNode:node_modules/pathe 1786621967970
3561 silly unfinished npm timer reifyNode:node_modules/path-expression-matcher 1786621967970
3562 silly unfinished npm timer reifyNode:node_modules/path-browserify 1786621967970
3563 silly unfinished npm timer reifyNode:node_modules/parse5-parser-stream 1786621967970
3564 silly unfinished npm timer reifyNode:node_modules/parse5-htmlparser2-tree-adapter 1786621967970
3565 silly unfinished npm timer reifyNode:node_modules/parse5 1786621967970
3566 silly unfinished npm timer reifyNode:node_modules/parse5/node_modules/entities 1786621967970
3567 silly unfinished npm timer reifyNode:node_modules/parse-latin 1786621967970
3568 silly unfinished npm timer reifyNode:node_modules/parse-entities 1786621967970
3569 silly unfinished npm timer reifyNode:node_modules/parse-entities/node_modules/@types/unist 1786621967970
3570 silly unfinished npm timer reifyNode:node_modules/package-manager-detector 1786621967970
3571 silly unfinished npm timer reifyNode:node_modules/p-timeout 1786621967970
3572 silly unfinished npm timer reifyNode:node_modules/p-queue 1786621967970
3573 silly unfinished npm timer reifyNode:node_modules/p-limit 1786621967970
3574 silly unfinished npm timer reifyNode:node_modules/oniguruma-to-es 1786621967970
3575 silly unfinished npm timer reifyNode:node_modules/oniguruma-parser 1786621967970
3576 silly unfinished npm timer reifyNode:node_modules/once 1786621967970
3577 silly unfinished npm timer reifyNode:node_modules/ohash 1786621967970
3578 silly unfinished npm timer reifyNode:node_modules/ofetch 1786621967970
3579 silly unfinished npm timer reifyNode:node_modules/obug 1786621967970
3580 silly unfinished npm timer reifyNode:node_modules/nth-check 1786621967970
3581 silly unfinished npm timer reifyNode:node_modules/normalize-path 1786621967970
3582 silly unfinished npm timer reifyNode:node_modules/node-releases 1786621967970
3583 silly unfinished npm timer reifyNode:node_modules/node-mock-http 1786621967970
3584 silly unfinished npm timer reifyNode:node_modules/node-fetch-native 1786621967970
3585 silly unfinished npm timer reifyNode:node_modules/node-emoji 1786621967970
3586 silly unfinished npm timer reifyNode:node_modules/nlcst-to-string 1786621967970
3587 silly unfinished npm timer reifyNode:node_modules/neotraverse 1786621967970
3588 silly unfinished npm timer reifyNode:node_modules/nanoid 1786621967970
3589 silly unfinished npm timer reifyNode:node_modules/muggle-string 1786621967970
3590 silly unfinished npm timer reifyNode:node_modules/ms 1786621967970
3591 silly unfinished npm timer reifyNode:node_modules/mrmime 1786621967970
3592 silly unfinished npm timer reifyNode:node_modules/mlly 1786621967970
3593 silly unfinished npm timer reifyNode:node_modules/mlly/node_modules/pkg-types 1786621967970
3594 silly unfinished npm timer reifyNode:node_modules/mlly/node_modules/confbox 1786621967970
3595 silly unfinished npm timer reifyNode:node_modules/minizlib 1786621967970
3596 silly unfinished npm timer reifyNode:node_modules/minipass 1786621967970
3597 silly unfinished npm timer reifyNode:node_modules/micromark-util-types 1786621967970
3598 silly unfinished npm timer reifyNode:node_modules/micromark-util-symbol 1786621967970
3599 silly unfinished npm timer reifyNode:node_modules/micromark-util-subtokenize 1786621967970
3600 silly unfinished npm timer reifyNode:node_modules/micromark-util-sanitize-uri 1786621967970
3601 silly unfinished npm timer reifyNode:node_modules/micromark-util-resolve-all 1786621967970
3602 silly unfinished npm timer reifyNode:node_modules/micromark-util-normalize-identifier 1786621967970
3603 silly unfinished npm timer reifyNode:node_modules/micromark-util-html-tag-name 1786621967970
3604 silly unfinished npm timer reifyNode:node_modules/micromark-util-events-to-acorn 1786621967970
3605 silly unfinished npm timer reifyNode:node_modules/micromark-util-encode 1786621967970
3606 silly unfinished npm timer reifyNode:node_modules/micromark-util-decode-string 1786621967970
3607 silly unfinished npm timer reifyNode:node_modules/micromark-util-decode-numeric-character-reference 1786621967970
3608 silly unfinished npm timer reifyNode:node_modules/micromark-util-combine-extensions 1786621967970
3609 silly unfinished npm timer reifyNode:node_modules/micromark-util-classify-character 1786621967970
3610 silly unfinished npm timer reifyNode:node_modules/micromark-util-chunked 1786621967970
3611 silly unfinished npm timer reifyNode:node_modules/micromark-util-character 1786621967970
3612 silly unfinished npm timer reifyNode:node_modules/micromark-factory-whitespace 1786621967970
3613 silly unfinished npm timer reifyNode:node_modules/micromark-factory-title 1786621967970
3614 silly unfinished npm timer reifyNode:node_modules/micromark-factory-space 1786621967970
3615 silly unfinished npm timer reifyNode:node_modules/micromark-factory-mdx-expression 1786621967970
3616 silly unfinished npm timer reifyNode:node_modules/micromark-factory-label 1786621967970
3617 silly unfinished npm timer reifyNode:node_modules/micromark-factory-destination 1786621967970
3618 silly unfinished npm timer reifyNode:node_modules/micromark-extension-mdxjs-esm 1786621967970
3619 silly unfinished npm timer reifyNode:node_modules/micromark-extension-mdxjs 1786621967970
3620 silly unfinished npm timer reifyNode:node_modules/micromark-extension-mdx-md 1786621967970
3621 silly unfinished npm timer reifyNode:node_modules/micromark-extension-mdx-jsx 1786621967970
3622 silly unfinished npm timer reifyNode:node_modules/micromark-extension-mdx-expression 1786621967970
3623 silly unfinished npm timer reifyNode:node_modules/micromark-extension-math 1786621967970
3624 silly unfinished npm timer reifyNode:node_modules/micromark-extension-gfm-task-list-item 1786621967970
3625 silly unfinished npm timer reifyNode:node_modules/micromark-extension-gfm-tagfilter 1786621967970
3626 silly unfinished npm timer reifyNode:node_modules/micromark-extension-gfm-table 1786621967970
3627 silly unfinished npm timer reifyNode:node_modules/micromark-extension-gfm-strikethrough 1786621967970
3628 silly unfinished npm timer reifyNode:node_modules/micromark-extension-gfm-footnote 1786621967970
3629 silly unfinished npm timer reifyNode:node_modules/micromark-extension-gfm-autolink-literal 1786621967970
3630 silly unfinished npm timer reifyNode:node_modules/micromark-extension-gfm 1786621967970
3631 silly unfinished npm timer reifyNode:node_modules/micromark-core-commonmark 1786621967970
3632 silly unfinished npm timer reifyNode:node_modules/micromark 1786621967970
3633 silly unfinished npm timer reifyNode:node_modules/mdn-data 1786621967970
3634 silly unfinished npm timer reifyNode:node_modules/mdast-util-to-string 1786621967970
3635 silly unfinished npm timer reifyNode:node_modules/mdast-util-to-markdown 1786621967970
3636 silly unfinished npm timer reifyNode:node_modules/mdast-util-to-hast 1786621967970
3637 silly unfinished npm timer reifyNode:node_modules/mdast-util-phrasing 1786621967970
3638 silly unfinished npm timer reifyNode:node_modules/mdast-util-mdxjs-esm 1786621967970
3639 silly unfinished npm timer reifyNode:node_modules/mdast-util-mdx-jsx 1786621967970
3640 silly unfinished npm timer reifyNode:node_modules/mdast-util-mdx-expression 1786621967970
3641 silly unfinished npm timer reifyNode:node_modules/mdast-util-mdx 1786621967970
3642 silly unfinished npm timer reifyNode:node_modules/mdast-util-math 1786621967970
3643 silly unfinished npm timer reifyNode:node_modules/mdast-util-gfm-task-list-item 1786621967970
3644 silly unfinished npm timer reifyNode:node_modules/mdast-util-gfm-table 1786621967970
3645 silly unfinished npm timer reifyNode:node_modules/mdast-util-gfm-strikethrough 1786621967970
3646 silly unfinished npm timer reifyNode:node_modules/mdast-util-gfm-footnote 1786621967970
3647 silly unfinished npm timer reifyNode:node_modules/mdast-util-gfm-autolink-literal 1786621967970
3648 silly unfinished npm timer reifyNode:node_modules/mdast-util-gfm 1786621967970
3649 silly unfinished npm timer reifyNode:node_modules/mdast-util-from-markdown 1786621967970
3650 silly unfinished npm timer reifyNode:node_modules/mdast-util-find-and-replace 1786621967970
3651 silly unfinished npm timer reifyNode:node_modules/mdast-util-definitions 1786621967970
3652 silly unfinished npm timer reifyNode:node_modules/markdown-table 1786621967970
3653 silly unfinished npm timer reifyNode:node_modules/markdown-extensions 1786621967970
3654 silly unfinished npm timer reifyNode:node_modules/magicast 1786621967970
3655 silly unfinished npm timer reifyNode:node_modules/magic-string 1786621967970
3656 silly unfinished npm timer reifyNode:node_modules/lucide-react 1786621967970
3657 silly unfinished npm timer reifyNode:node_modules/lru-cache 1786621967970
3658 silly unfinished npm timer reifyNode:node_modules/longest-streak 1786621967970
3659 silly unfinished npm timer reifyNode:node_modules/local-pkg 1786621967970
3660 silly unfinished npm timer reifyNode:node_modules/kolorist 1786621967970
3661 silly unfinished npm timer reifyNode:node_modules/kleur 1786621967970
3662 silly unfinished npm timer reifyNode:node_modules/katex 1786621967970
3663 silly unfinished npm timer reifyNode:node_modules/jsonc-parser 1786621967970
3664 silly unfinished npm timer reifyNode:node_modules/json5 1786621967970
3665 silly unfinished npm timer reifyNode:node_modules/json-schema-traverse 1786621967970
3666 silly unfinished npm timer reifyNode:node_modules/jsesc 1786621967970
3667 silly unfinished npm timer reifyNode:node_modules/js-yaml 1786621967970
3668 silly unfinished npm timer reifyNode:node_modules/js-tokens 1786621967970
3669 silly unfinished npm timer reifyNode:node_modules/jiti 1786621967970
3670 silly unfinished npm timer reifyNode:node_modules/is-wsl 1786621967970
3671 silly unfinished npm timer reifyNode:node_modules/is-plain-obj 1786621967970
3672 silly unfinished npm timer reifyNode:node_modules/is-inside-container 1786621967970
3673 silly unfinished npm timer reifyNode:node_modules/is-hexadecimal 1786621967970
3674 silly unfinished npm timer reifyNode:node_modules/is-fullwidth-code-point 1786621967970
3675 silly unfinished npm timer reifyNode:node_modules/is-docker 1786621967970
3676 silly unfinished npm timer reifyNode:node_modules/is-decimal 1786621967970
3677 silly unfinished npm timer reifyNode:node_modules/is-alphanumerical 1786621967970
3678 silly unfinished npm timer reifyNode:node_modules/is-alphabetical 1786621967970
3679 silly unfinished npm timer reifyNode:node_modules/is-absolute-url 1786621967970
3680 silly unfinished npm timer reifyNode:node_modules/iron-webcrypto 1786621967970
3681 silly unfinished npm timer reifyNode:node_modules/inline-style-parser 1786621967970
3682 silly unfinished npm timer reifyNode:node_modules/iconv-lite 1786621967970
3683 silly unfinished npm timer reifyNode:node_modules/http-cache-semantics 1786621967970
3684 silly unfinished npm timer reifyNode:node_modules/htmlparser2 1786621967970
3685 silly unfinished npm timer reifyNode:node_modules/htmlparser2/node_modules/entities 1786621967970
3686 silly unfinished npm timer reifyNode:node_modules/html-void-elements 1786621967970
3687 silly unfinished npm timer reifyNode:node_modules/html-escaper 1786621967970
3688 silly unfinished npm timer reifyNode:node_modules/hastscript 1786621967970
3689 silly unfinished npm timer reifyNode:node_modules/hast-util-whitespace 1786621967970
3690 silly unfinished npm timer reifyNode:node_modules/hast-util-to-text 1786621967970
3691 silly unfinished npm timer reifyNode:node_modules/hast-util-to-string 1786621967970
3692 silly unfinished npm timer reifyNode:node_modules/hast-util-to-parse5 1786621967970
3693 silly unfinished npm timer reifyNode:node_modules/hast-util-to-jsx-runtime 1786621967970
3694 silly unfinished npm timer reifyNode:node_modules/hast-util-to-html 1786621967970
3695 silly unfinished npm timer reifyNode:node_modules/hast-util-to-estree 1786621967970
3696 silly unfinished npm timer reifyNode:node_modules/hast-util-select 1786621967970
3697 silly unfinished npm timer reifyNode:node_modules/hast-util-raw 1786621967970
3698 silly unfinished npm timer reifyNode:node_modules/hast-util-parse-selector 1786621967970
3699 silly unfinished npm timer reifyNode:node_modules/hast-util-is-element 1786621967970
3700 silly unfinished npm timer reifyNode:node_modules/hast-util-has-property 1786621967970
3701 silly unfinished npm timer reifyNode:node_modules/hast-util-from-parse5 1786621967970
3702 silly unfinished npm timer reifyNode:node_modules/hast-util-from-html-isomorphic 1786621967970
3703 silly unfinished npm timer reifyNode:node_modules/hast-util-from-html 1786621967970
3704 silly unfinished npm timer reifyNode:node_modules/hast-util-from-dom 1786621967970
3705 silly unfinished npm timer reifyNode:node_modules/h3 1786621967970
3706 silly unfinished npm timer reifyNode:node_modules/graceful-fs 1786621967970
3707 silly unfinished npm timer reifyNode:node_modules/globals 1786621967970
3708 silly unfinished npm timer reifyNode:node_modules/github-slugger 1786621967970
3709 silly unfinished npm timer reifyNode:node_modules/get-stream 1786621967970
3710 silly unfinished npm timer reifyNode:node_modules/get-nonce 1786621967970
3711 silly unfinished npm timer reifyNode:node_modules/get-caller-file 1786621967970
3712 silly unfinished npm timer reifyNode:node_modules/gensync 1786621967970
3713 silly unfinished npm timer reifyNode:node_modules/fontkitten 1786621967970
3714 silly unfinished npm timer reifyNode:node_modules/fontace 1786621967970
3715 silly unfinished npm timer reifyNode:node_modules/flattie 1786621967970
3716 silly unfinished npm timer reifyNode:node_modules/fdir 1786621967970
3717 silly unfinished npm timer reifyNode:node_modules/fd-slicer 1786621967970
3718 silly unfinished npm timer reifyNode:node_modules/fast-xml-parser 1786621967970
3719 silly unfinished npm timer reifyNode:node_modules/fast-xml-builder 1786621967970
3720 silly unfinished npm timer reifyNode:node_modules/fast-wrap-ansi 1786621967970
3721 silly unfinished npm timer reifyNode:node_modules/fast-uri 1786621967970
3722 silly unfinished npm timer reifyNode:node_modules/fast-string-width 1786621967970
3723 silly unfinished npm timer reifyNode:node_modules/fast-string-truncated-width 1786621967970
3724 silly unfinished npm timer reifyNode:node_modules/fast-deep-equal 1786621967970
3725 silly unfinished npm timer reifyNode:node_modules/extract-zip 1786621967970
3726 silly unfinished npm timer reifyNode:node_modules/extend 1786621967970
3727 silly unfinished npm timer reifyNode:node_modules/exsolve 1786621967970
3728 silly unfinished npm timer reifyNode:node_modules/expressive-code 1786621967970
3729 silly unfinished npm timer reifyNode:node_modules/eventemitter3 1786621967970
3730 silly unfinished npm timer reifyNode:node_modules/estree-walker 1786621967970
3731 silly unfinished npm timer reifyNode:node_modules/estree-util-visit 1786621967970
3732 silly unfinished npm timer reifyNode:node_modules/estree-util-to-js 1786621967970
3733 silly unfinished npm timer reifyNode:node_modules/estree-util-scope 1786621967970
3734 silly unfinished npm timer reifyNode:node_modules/estree-util-is-identifier-name 1786621967970
3735 silly unfinished npm timer reifyNode:node_modules/estree-util-build-jsx 1786621967970
3736 silly unfinished npm timer reifyNode:node_modules/estree-util-attach-comments 1786621967970
3737 silly unfinished npm timer reifyNode:node_modules/escape-string-regexp 1786621967970
3738 silly unfinished npm timer reifyNode:node_modules/escalade 1786621967970
3739 silly unfinished npm timer reifyNode:node_modules/esbuild 1786621967970
3740 silly unfinished npm timer reifyNode:node_modules/esast-util-from-js 1786621967970
3741 silly unfinished npm timer reifyNode:node_modules/esast-util-from-estree 1786621967970
3742 silly unfinished npm timer reifyNode:node_modules/es-module-lexer 1786621967970
3743 silly unfinished npm timer reifyNode:node_modules/entities 1786621967970
3744 silly unfinished npm timer reifyNode:node_modules/enhanced-resolve 1786621967970
3745 silly unfinished npm timer reifyNode:node_modules/end-of-stream 1786621967970
3746 silly unfinished npm timer reifyNode:node_modules/encoding-sniffer 1786621967970
3747 silly unfinished npm timer reifyNode:node_modules/emoticon 1786621967970
3748 silly unfinished npm timer reifyNode:node_modules/emojilib 1786621967970
3749 silly unfinished npm timer reifyNode:node_modules/emoji-regex-xs 1786621967970
3750 silly unfinished npm timer reifyNode:node_modules/emoji-regex 1786621967970
3751 silly unfinished npm timer reifyNode:node_modules/emmet 1786621967970
3752 silly unfinished npm timer reifyNode:node_modules/electron-to-chromium 1786621967970
3753 silly unfinished npm timer reifyNode:node_modules/dset 1786621967970
3754 silly unfinished npm timer reifyNode:node_modules/domutils 1786621967970
3755 silly unfinished npm timer reifyNode:node_modules/domhandler 1786621967970
3756 silly unfinished npm timer reifyNode:node_modules/domelementtype 1786621967970
3757 silly unfinished npm timer reifyNode:node_modules/dom-serializer 1786621967970
3758 silly unfinished npm timer reifyNode:node_modules/dlv 1786621967970
3759 silly unfinished npm timer reifyNode:node_modules/direction 1786621967970
3760 silly unfinished npm timer reifyNode:node_modules/diff 1786621967970
3761 silly unfinished npm timer reifyNode:node_modules/devlop 1786621967970
3762 silly unfinished npm timer reifyNode:node_modules/devalue 1786621967970
3763 silly unfinished npm timer reifyNode:node_modules/detect-node-es 1786621967970
3764 silly unfinished npm timer reifyNode:node_modules/detect-libc 1786621967970
3765 silly unfinished npm timer reifyNode:node_modules/destr 1786621967970
3766 silly unfinished npm timer reifyNode:node_modules/dequal 1786621967970
3767 silly unfinished npm timer reifyNode:node_modules/defu 1786621967970
3768 silly unfinished npm timer reifyNode:node_modules/decode-named-character-reference 1786621967970
3769 silly unfinished npm timer reifyNode:node_modules/debug 1786621967970
3770 silly unfinished npm timer reifyNode:node_modules/csstype 1786621967970
3771 silly unfinished npm timer reifyNode:node_modules/csso 1786621967970
3772 silly unfinished npm timer reifyNode:node_modules/csso/node_modules/mdn-data 1786621967970
3773 silly unfinished npm timer reifyNode:node_modules/csso/node_modules/css-tree 1786621967970
3774 silly unfinished npm timer reifyNode:node_modules/cssesc 1786621967970
3775 silly unfinished npm timer reifyNode:node_modules/css-what 1786621967970
3776 silly unfinished npm timer reifyNode:node_modules/css-tree 1786621967970
3777 silly unfinished npm timer reifyNode:node_modules/css-selector-parser 1786621967970
3778 silly unfinished npm timer reifyNode:node_modules/css-select 1786621967970
3779 silly unfinished npm timer reifyNode:node_modules/crossws 1786621967970
3780 silly unfinished npm timer reifyNode:node_modules/cookie-es 1786621967970
3781 silly unfinished npm timer reifyNode:node_modules/cookie 1786621967970
3782 silly unfinished npm timer reifyNode:node_modules/convert-source-map 1786621967970
3783 silly unfinished npm timer reifyNode:node_modules/confbox 1786621967970
3784 silly unfinished npm timer reifyNode:node_modules/common-ancestor-path 1786621967970
3785 silly unfinished npm timer reifyNode:node_modules/commander 1786621967970
3786 silly unfinished npm timer reifyNode:node_modules/comma-separated-tokens 1786621967970
3787 silly unfinished npm timer reifyNode:node_modules/color-name 1786621967970
3788 silly unfinished npm timer reifyNode:node_modules/color-convert 1786621967970
3789 silly unfinished npm timer reifyNode:node_modules/collapse-white-space 1786621967970
3790 silly unfinished npm timer reifyNode:node_modules/clsx 1786621967970
3791 silly unfinished npm timer reifyNode:node_modules/cliui 1786621967970
3792 silly unfinished npm timer reifyNode:node_modules/class-variance-authority 1786621967970
3793 silly unfinished npm timer reifyNode:node_modules/ci-info 1786621967970
3794 silly unfinished npm timer reifyNode:node_modules/chownr 1786621967970
3795 silly unfinished npm timer reifyNode:node_modules/chokidar 1786621967970
3796 silly unfinished npm timer reifyNode:node_modules/cheerio-select 1786621967970
3797 silly unfinished npm timer reifyNode:node_modules/cheerio 1786621967970
3798 silly unfinished npm timer reifyNode:node_modules/character-reference-invalid 1786621967970
3799 silly unfinished npm timer reifyNode:node_modules/character-entities-legacy 1786621967970
3800 silly unfinished npm timer reifyNode:node_modules/character-entities-html4 1786621967970
3801 silly unfinished npm timer reifyNode:node_modules/character-entities 1786621967970
3802 silly unfinished npm timer reifyNode:node_modules/char-regex 1786621967970
3803 silly unfinished npm timer reifyNode:node_modules/ccount 1786621967970
3804 silly unfinished npm timer reifyNode:node_modules/caniuse-lite 1786621967970
3805 silly unfinished npm timer reifyNode:node_modules/buffer-crc32 1786621967970
3806 silly unfinished npm timer reifyNode:node_modules/browserslist 1786621967970
3807 silly unfinished npm timer reifyNode:node_modules/boolbase 1786621967970
3808 silly unfinished npm timer reifyNode:node_modules/bcp-47-match 1786621967970
3809 silly unfinished npm timer reifyNode:node_modules/baseline-browser-mapping 1786621967970
3810 silly unfinished npm timer reifyNode:node_modules/bail 1786621967970
3811 silly unfinished npm timer reifyNode:node_modules/axobject-query 1786621967970
3812 silly unfinished npm timer reifyNode:node_modules/astro-icon 1786621967970
3813 silly unfinished npm timer reifyNode:node_modules/astro 1786621967970
3814 silly unfinished npm timer reifyNode:node_modules/astro/node_modules/unstorage 1786621967970
3815 silly unfinished npm timer reifyNode:node_modules/astro/node_modules/semver 1786621967970
3816 silly unfinished npm timer reifyNode:node_modules/astro/node_modules/readdirp 1786621967970
3817 silly unfinished npm timer reifyNode:node_modules/astro/node_modules/lru-cache 1786621967970
3818 silly unfinished npm timer reifyNode:node_modules/astro/node_modules/chokidar 1786621967970
3819 silly unfinished npm timer reifyNode:node_modules/astro/node_modules/@astrojs/compiler 1786621967970
3820 silly unfinished npm timer reifyNode:node_modules/astring 1786621967970
3821 silly unfinished npm timer reifyNode:node_modules/array-iterate 1786621967970
3822 silly unfinished npm timer reifyNode:node_modules/aria-query 1786621967970
3823 silly unfinished npm timer reifyNode:node_modules/aria-hidden 1786621967971
3824 silly unfinished npm timer reifyNode:node_modules/argparse 1786621967971
3825 silly unfinished npm timer reifyNode:node_modules/arg 1786621967971
3826 silly unfinished npm timer reifyNode:node_modules/anynum 1786621967971
3827 silly unfinished npm timer reifyNode:node_modules/anymatch 1786621967971
3828 silly unfinished npm timer reifyNode:node_modules/anymatch/node_modules/picomatch 1786621967971
3829 silly unfinished npm timer reifyNode:node_modules/ansi-styles 1786621967971
3830 silly unfinished npm timer reifyNode:node_modules/ansi-regex 1786621967971
3831 silly unfinished npm timer reifyNode:node_modules/ajv-i18n 1786621967971
3832 silly unfinished npm timer reifyNode:node_modules/ajv-draft-04 1786621967971
3833 silly unfinished npm timer reifyNode:node_modules/ajv 1786621967971
3834 silly unfinished npm timer reifyNode:node_modules/acorn-jsx 1786621967971
3835 silly unfinished npm timer reifyNode:node_modules/acorn 1786621967971
3836 silly unfinished npm timer reifyNode:node_modules/@vscode/l10n 1786621967971
3837 silly unfinished npm timer reifyNode:node_modules/@vscode/emmet-helper 1786621967971
3838 silly unfinished npm timer reifyNode:node_modules/@volar/typescript 1786621967971
3839 silly unfinished npm timer reifyNode:node_modules/@volar/source-map 1786621967971
3840 silly unfinished npm timer reifyNode:node_modules/@volar/language-service 1786621967971
3841 silly unfinished npm timer reifyNode:node_modules/@volar/language-server 1786621967971
3842 silly unfinished npm timer reifyNode:node_modules/@volar/language-core 1786621967971
3843 silly unfinished npm timer reifyNode:node_modules/@volar/kit 1786621967971
3844 silly unfinished npm timer reifyNode:node_modules/@vitejs/plugin-react 1786621967971
3845 silly unfinished npm timer reifyNode:node_modules/@ungap/structured-clone 1786621967971
3846 silly unfinished npm timer reifyNode:node_modules/@types/unist 1786621967971
3847 silly unfinished npm timer reifyNode:node_modules/@types/sax 1786621967971
3848 silly unfinished npm timer reifyNode:node_modules/@types/react-dom 1786621967971
3849 silly unfinished npm timer reifyNode:node_modules/@types/react 1786621967971
3850 silly unfinished npm timer reifyNode:node_modules/@types/node 1786621967971
3851 silly unfinished npm timer reifyNode:node_modules/@types/nlcst 1786621967971
3852 silly unfinished npm timer reifyNode:node_modules/@types/ms 1786621967971
3853 silly unfinished npm timer reifyNode:node_modules/@types/mdx 1786621967971
3854 silly unfinished npm timer reifyNode:node_modules/@types/mdast 1786621967971
3855 silly unfinished npm timer reifyNode:node_modules/@types/katex 1786621967971
3856 silly unfinished npm timer reifyNode:node_modules/@types/hast 1786621967971
3857 silly unfinished npm timer reifyNode:node_modules/@types/estree-jsx 1786621967971
3858 silly unfinished npm timer reifyNode:node_modules/@types/estree 1786621967971
3859 silly unfinished npm timer reifyNode:node_modules/@types/debug 1786621967971
3860 silly unfinished npm timer reifyNode:node_modules/@types/babel__traverse 1786621967971
3861 silly unfinished npm timer reifyNode:node_modules/@types/babel__template 1786621967971
3862 silly unfinished npm timer reifyNode:node_modules/@types/babel__generator 1786621967971
3863 silly unfinished npm timer reifyNode:node_modules/@types/babel__core 1786621967971
3864 silly unfinished npm timer reifyNode:node_modules/@tailwindcss/vite 1786621967971
3865 silly unfinished npm timer reifyNode:node_modules/@tailwindcss/oxide 1786621967971
3866 silly unfinished npm timer reifyNode:node_modules/@tailwindcss/node 1786621967971
3867 silly unfinished npm timer reifyNode:node_modules/@tailwindcss/node/node_modules/lightningcss 1786621967971
3868 silly unfinished npm timer reifyNode:node_modules/@sindresorhus/is 1786621967971
3869 silly unfinished npm timer reifyNode:node_modules/@shikijs/vscode-textmate 1786621967971
3870 silly unfinished npm timer reifyNode:node_modules/@shikijs/types 1786621967971
3871 silly unfinished npm timer reifyNode:node_modules/@shikijs/themes 1786621967971
3872 silly unfinished npm timer reifyNode:node_modules/@shikijs/themes/node_modules/@shikijs/types 1786621967971
3873 silly unfinished npm timer reifyNode:node_modules/@shikijs/rehype 1786621967971
3874 silly unfinished npm timer reifyNode:node_modules/@shikijs/rehype/node_modules/shiki 1786621967971
3875 silly unfinished npm timer reifyNode:node_modules/@shikijs/rehype/node_modules/@shikijs/themes 1786621967971
3876 silly unfinished npm timer reifyNode:node_modules/@shikijs/rehype/node_modules/@shikijs/langs 1786621967971
3877 silly unfinished npm timer reifyNode:node_modules/@shikijs/rehype/node_modules/@shikijs/engine-oniguruma 1786621967971
3878 silly unfinished npm timer reifyNode:node_modules/@shikijs/rehype/node_modules/@shikijs/engine-javascript 1786621967971
3879 silly unfinished npm timer reifyNode:node_modules/@shikijs/rehype/node_modules/@shikijs/core 1786621967971
3880 silly unfinished npm timer reifyNode:node_modules/@shikijs/primitive 1786621967971
3881 silly unfinished npm timer reifyNode:node_modules/@shikijs/primitive/node_modules/@shikijs/types 1786621967971
3882 silly unfinished npm timer reifyNode:node_modules/@shikijs/langs 1786621967971
3883 silly unfinished npm timer reifyNode:node_modules/@shikijs/langs/node_modules/@shikijs/types 1786621967971
3884 silly unfinished npm timer reifyNode:node_modules/@shikijs/engine-oniguruma 1786621967971
3885 silly unfinished npm timer reifyNode:node_modules/@shikijs/engine-oniguruma/node_modules/@shikijs/types 1786621967971
3886 silly unfinished npm timer reifyNode:node_modules/@shikijs/engine-javascript 1786621967971
3887 silly unfinished npm timer reifyNode:node_modules/@shikijs/engine-javascript/node_modules/@shikijs/types 1786621967971
3888 silly unfinished npm timer reifyNode:node_modules/@shikijs/core 1786621967971
3889 silly unfinished npm timer reifyNode:node_modules/@shikijs/core/node_modules/@shikijs/types 1786621967971
3890 silly unfinished npm timer reifyNode:node_modules/@rollup/pluginutils 1786621967971
3891 silly unfinished npm timer reifyNode:node_modules/@rollup/pluginutils/node_modules/estree-walker 1786621967971
3892 silly unfinished npm timer reifyNode:node_modules/@rolldown/pluginutils 1786621967971
3893 silly unfinished npm timer reifyNode:node_modules/@radix-ui/rect 1786621967971
3894 silly unfinished npm timer reifyNode:node_modules/@radix-ui/react-visually-hidden 1786621967971
3895 silly unfinished npm timer reifyNode:node_modules/@radix-ui/react-use-size 1786621967971
3896 silly unfinished npm timer reifyNode:node_modules/@radix-ui/react-use-rect 1786621967971
3897 silly unfinished npm timer reifyNode:node_modules/@radix-ui/react-use-previous 1786621967971
3898 silly unfinished npm timer reifyNode:node_modules/@radix-ui/react-use-layout-effect 1786621967971
3899 silly unfinished npm timer reifyNode:node_modules/@radix-ui/react-use-is-hydrated 1786621967971
3900 silly unfinished npm timer reifyNode:node_modules/@radix-ui/react-use-escape-keydown 1786621967971
3901 silly unfinished npm timer reifyNode:node_modules/@radix-ui/react-use-effect-event 1786621967971
3902 silly unfinished npm timer reifyNode:node_modules/@radix-ui/react-use-controllable-state 1786621967971
3903 silly unfinished npm timer reifyNode:node_modules/@radix-ui/react-use-callback-ref 1786621967971
3904 silly unfinished npm timer reifyNode:node_modules/@radix-ui/react-tooltip 1786621967971
3905 silly unfinished npm timer reifyNode:node_modules/@radix-ui/react-toolbar 1786621967971
3906 silly unfinished npm timer reifyNode:node_modules/@radix-ui/react-toggle-group 1786621967971
3907 silly unfinished npm timer reifyNode:node_modules/@radix-ui/react-toggle 1786621967971
3908 silly unfinished npm timer reifyNode:node_modules/@radix-ui/react-toast 1786621967971
3909 silly unfinished npm timer reifyNode:node_modules/@radix-ui/react-tabs 1786621967971
3910 silly unfinished npm timer reifyNode:node_modules/@radix-ui/react-switch 1786621967971
3911 silly unfinished npm timer reifyNode:node_modules/@radix-ui/react-slot 1786621967971
3912 silly unfinished npm timer reifyNode:node_modules/@radix-ui/react-slider 1786621967971
3913 silly unfinished npm timer reifyNode:node_modules/@radix-ui/react-separator 1786621967971
3914 silly unfinished npm timer reifyNode:node_modules/@radix-ui/react-select 1786621967971
3915 silly unfinished npm timer reifyNode:node_modules/@radix-ui/react-scroll-area 1786621967971
3916 silly unfinished npm timer reifyNode:node_modules/@radix-ui/react-roving-focus 1786621967971
3917 silly unfinished npm timer reifyNode:node_modules/@radix-ui/react-radio-group 1786621967971
3918 silly unfinished npm timer reifyNode:node_modules/@radix-ui/react-progress 1786621967971
3919 silly unfinished npm timer reifyNode:node_modules/@radix-ui/react-primitive 1786621967971
3920 silly unfinished npm timer reifyNode:node_modules/@radix-ui/react-presence 1786621967971
3921 silly unfinished npm timer reifyNode:node_modules/@radix-ui/react-portal 1786621967971
3922 silly unfinished npm timer reifyNode:node_modules/@radix-ui/react-popper 1786621967971
3923 silly unfinished npm timer reifyNode:node_modules/@radix-ui/react-popover 1786621967971
3924 silly unfinished npm timer reifyNode:node_modules/@radix-ui/react-password-toggle-field 1786621967971
3925 silly unfinished npm timer reifyNode:node_modules/@radix-ui/react-one-time-password-field 1786621967971
3926 silly unfinished npm timer reifyNode:node_modules/@radix-ui/react-navigation-menu 1786621967971
3927 silly unfinished npm timer reifyNode:node_modules/@radix-ui/react-menubar 1786621967971
3928 silly unfinished npm timer reifyNode:node_modules/@radix-ui/react-menu 1786621967971
3929 silly unfinished npm timer reifyNode:node_modules/@radix-ui/react-label 1786621967971
3930 silly unfinished npm timer reifyNode:node_modules/@radix-ui/react-id 1786621967971
3931 silly unfinished npm timer reifyNode:node_modules/@radix-ui/react-hover-card 1786621967971
3932 silly unfinished npm timer reifyNode:node_modules/@radix-ui/react-form 1786621967971
3933 silly unfinished npm timer reifyNode:node_modules/@radix-ui/react-focus-scope 1786621967971
3934 silly unfinished npm timer reifyNode:node_modules/@radix-ui/react-focus-guards 1786621967971
3935 silly unfinished npm timer reifyNode:node_modules/@radix-ui/react-dropdown-menu 1786621967971
3936 silly unfinished npm timer reifyNode:node_modules/@radix-ui/react-dismissable-layer 1786621967971
3937 silly unfinished npm timer reifyNode:node_modules/@radix-ui/react-direction 1786621967971
3938 silly unfinished npm timer reifyNode:node_modules/@radix-ui/react-dialog 1786621967971
3939 silly unfinished npm timer reifyNode:node_modules/@radix-ui/react-context-menu 1786621967971
3940 silly unfinished npm timer reifyNode:node_modules/@radix-ui/react-context 1786621967971
3941 silly unfinished npm timer reifyNode:node_modules/@radix-ui/react-compose-refs 1786621967971
3942 silly unfinished npm timer reifyNode:node_modules/@radix-ui/react-collection 1786621967971
3943 silly unfinished npm timer reifyNode:node_modules/@radix-ui/react-collapsible 1786621967971
3944 silly unfinished npm timer reifyNode:node_modules/@radix-ui/react-checkbox 1786621967971
3945 silly unfinished npm timer reifyNode:node_modules/@radix-ui/react-avatar 1786621967971
3946 silly unfinished npm timer reifyNode:node_modules/@radix-ui/react-aspect-ratio 1786621967971
3947 silly unfinished npm timer reifyNode:node_modules/@radix-ui/react-arrow 1786621967971
3948 silly unfinished npm timer reifyNode:node_modules/@radix-ui/react-alert-dialog 1786621967971
3949 silly unfinished npm timer reifyNode:node_modules/@radix-ui/react-accordion 1786621967971
3950 silly unfinished npm timer reifyNode:node_modules/@radix-ui/react-accessible-icon 1786621967971
3951 silly unfinished npm timer reifyNode:node_modules/@radix-ui/primitive 1786621967972
3952 silly unfinished npm timer reifyNode:node_modules/@radix-ui/number 1786621967972
3953 silly unfinished npm timer reifyNode:node_modules/@oslojs/encoding 1786621967972
3954 silly unfinished npm timer reifyNode:node_modules/@mdx-js/mdx 1786621967972
3955 silly unfinished npm timer reifyNode:node_modules/@jridgewell/trace-mapping 1786621967972
3956 silly unfinished npm timer reifyNode:node_modules/@jridgewell/sourcemap-codec 1786621967972
3957 silly unfinished npm timer reifyNode:node_modules/@jridgewell/resolve-uri 1786621967972
3958 silly unfinished npm timer reifyNode:node_modules/@jridgewell/remapping 1786621967972
3959 silly unfinished npm timer reifyNode:node_modules/@jridgewell/gen-mapping 1786621967972
3960 silly unfinished npm timer reifyNode:node_modules/@isaacs/fs-minipass 1786621967972
3961 silly unfinished npm timer reifyNode:node_modules/@iconify/utils 1786621967972
3962 silly unfinished npm timer reifyNode:node_modules/@iconify/types 1786621967972
3963 silly unfinished npm timer reifyNode:node_modules/@iconify/tools 1786621967972
3964 silly unfinished npm timer reifyNode:node_modules/@iconify/tools/node_modules/svgo 1786621967972
3965 silly unfinished npm timer reifyNode:node_modules/@iconify/tools/node_modules/mdn-data 1786621967972
3966 silly unfinished npm timer reifyNode:node_modules/@iconify/tools/node_modules/css-tree 1786621967972
3967 silly unfinished npm timer reifyNode:node_modules/@iconify/tools/node_modules/commander 1786621967972
3968 silly unfinished npm timer reifyNode:node_modules/@iconify-json/lucide 1786621967972
3969 silly unfinished npm timer reifyNode:node_modules/@floating-ui/utils 1786621967972
3970 silly unfinished npm timer reifyNode:node_modules/@floating-ui/react-dom 1786621967972
3971 silly unfinished npm timer reifyNode:node_modules/@floating-ui/dom 1786621967972
3972 silly unfinished npm timer reifyNode:node_modules/@floating-ui/core 1786621967972
3973 silly unfinished npm timer reifyNode:node_modules/@expressive-code/plugin-text-markers 1786621967972
3974 silly unfinished npm timer reifyNode:node_modules/@expressive-code/plugin-shiki 1786621967972
3975 silly unfinished npm timer reifyNode:node_modules/@expressive-code/plugin-shiki/node_modules/shiki 1786621967972
3976 silly unfinished npm timer reifyNode:node_modules/@expressive-code/plugin-shiki/node_modules/regex-recursion 1786621967972
3977 silly unfinished npm timer reifyNode:node_modules/@expressive-code/plugin-shiki/node_modules/regex 1786621967972
3978 silly unfinished npm timer reifyNode:node_modules/@expressive-code/plugin-shiki/node_modules/oniguruma-to-es 1786621967972
3979 silly unfinished npm timer reifyNode:node_modules/@expressive-code/plugin-shiki/node_modules/@shikijs/types 1786621967972
3980 silly unfinished npm timer reifyNode:node_modules/@expressive-code/plugin-shiki/node_modules/@shikijs/themes 1786621967972
3981 silly unfinished npm timer reifyNode:node_modules/@expressive-code/plugin-shiki/node_modules/@shikijs/langs 1786621967972
3982 silly unfinished npm timer reifyNode:node_modules/@expressive-code/plugin-shiki/node_modules/@shikijs/engine-oniguruma 1786621967972
3983 silly unfinished npm timer reifyNode:node_modules/@expressive-code/plugin-shiki/node_modules/@shikijs/engine-javascript 1786621967972
3984 silly unfinished npm timer reifyNode:node_modules/@expressive-code/plugin-shiki/node_modules/@shikijs/core 1786621967972
3985 silly unfinished npm timer reifyNode:node_modules/@expressive-code/plugin-line-numbers 1786621967972
3986 silly unfinished npm timer reifyNode:node_modules/@expressive-code/plugin-frames 1786621967972
3987 silly unfinished npm timer reifyNode:node_modules/@expressive-code/plugin-collapsible-sections 1786621967972
3988 silly unfinished npm timer reifyNode:node_modules/@expressive-code/core 1786621967972
3989 silly unfinished npm timer reifyNode:node_modules/@emmetio/stream-reader-utils 1786621967972
3990 silly unfinished npm timer reifyNode:node_modules/@emmetio/stream-reader 1786621967972
3991 silly unfinished npm timer reifyNode:node_modules/@emmetio/scanner 1786621967972
3992 silly unfinished npm timer reifyNode:node_modules/@emmetio/html-matcher 1786621967972
3993 silly unfinished npm timer reifyNode:node_modules/@emmetio/css-parser 1786621967972
3994 silly unfinished npm timer reifyNode:node_modules/@emmetio/css-abbreviation 1786621967972
3995 silly unfinished npm timer reifyNode:node_modules/@emmetio/abbreviation 1786621967972
3996 silly unfinished npm timer reifyNode:node_modules/@ctrl/tinycolor 1786621967972
3997 silly unfinished npm timer reifyNode:node_modules/@clack/prompts 1786621967972
3998 silly unfinished npm timer reifyNode:node_modules/@clack/core 1786621967972
3999 silly unfinished npm timer reifyNode:node_modules/@capsizecss/unpack 1786621967972
4000 silly unfinished npm timer reifyNode:node_modules/@babel/types 1786621967972
4001 silly unfinished npm timer reifyNode:node_modules/@babel/traverse 1786621967972
4002 silly unfinished npm timer reifyNode:node_modules/@babel/template 1786621967972
4003 silly unfinished npm timer reifyNode:node_modules/@babel/plugin-transform-react-jsx-source 1786621967972
4004 silly unfinished npm timer reifyNode:node_modules/@babel/plugin-transform-react-jsx-self 1786621967972
4005 silly unfinished npm timer reifyNode:node_modules/@babel/parser 1786621967972
4006 silly unfinished npm timer reifyNode:node_modules/@babel/helpers 1786621967972
4007 silly unfinished npm timer reifyNode:node_modules/@babel/helper-validator-option 1786621967972
4008 silly unfinished npm timer reifyNode:node_modules/@babel/helper-validator-identifier 1786621967972
4009 silly unfinished npm timer reifyNode:node_modules/@babel/helper-string-parser 1786621967972
4010 silly unfinished npm timer reifyNode:node_modules/@babel/helper-plugin-utils 1786621967972
4011 silly unfinished npm timer reifyNode:node_modules/@babel/helper-module-transforms 1786621967972
4012 silly unfinished npm timer reifyNode:node_modules/@babel/helper-module-imports 1786621967972
4013 silly unfinished npm timer reifyNode:node_modules/@babel/helper-globals 1786621967972
4014 silly unfinished npm timer reifyNode:node_modules/@babel/helper-compilation-targets 1786621967972
4015 silly unfinished npm timer reifyNode:node_modules/@babel/generator 1786621967972
4016 silly unfinished npm timer reifyNode:node_modules/@babel/core 1786621967972
4017 silly unfinished npm timer reifyNode:node_modules/@babel/compat-data 1786621967972
4018 silly unfinished npm timer reifyNode:node_modules/@babel/code-frame 1786621967972
4019 silly unfinished npm timer reifyNode:node_modules/@astrojs/yaml2ts 1786621967972
4020 silly unfinished npm timer reifyNode:node_modules/@astrojs/telemetry 1786621967972
4021 silly unfinished npm timer reifyNode:node_modules/@astrojs/sitemap 1786621967972
4022 silly unfinished npm timer reifyNode:node_modules/@astrojs/rss 1786621967972
4023 silly unfinished npm timer reifyNode:node_modules/@astrojs/react 1786621967972
4024 silly unfinished npm timer reifyNode:node_modules/@astrojs/prism 1786621967972
4025 silly unfinished npm timer reifyNode:node_modules/@astrojs/mdx 1786621967972
4026 silly unfinished npm timer reifyNode:node_modules/@astrojs/markdown-remark 1786621967972
4027 silly unfinished npm timer reifyNode:node_modules/@astrojs/language-server 1786621967972
4028 silly unfinished npm timer reifyNode:node_modules/@astrojs/internal-helpers 1786621967972
4029 silly unfinished npm timer reifyNode:node_modules/@astrojs/compiler 1786621967972
4030 silly unfinished npm timer reifyNode:node_modules/@astrojs/check 1786621967972
4031 silly unfinished npm timer reifyNode:node_modules/@antfu/utils 1786621967972
4032 silly unfinished npm timer reifyNode:node_modules/@antfu/install-pkg 1786621967972
4033 verbose cwd D:\Repo\Future-Game-Laboratory.github.io
4034 verbose os Windows_NT 10.0.19045
4035 verbose node v26.4.0
4036 verbose npm  v11.17.0
4037 verbose exit 1
4038 verbose code 1
4039 error A complete log of this run can be found in: D:\Repo\Future-Game-Laboratory.github.io\.npm-cache\_logs\2026-08-13T11_52_47_369Z-debug-0.log
